linear params: 227809

Starting epoch 1/20...
  batch 50/4465 loss 5.9462
  batch 100/4465 loss 4.4232
  batch 150/4465 loss 3.9344
  batch 200/4465 loss 3.8319
  batch 250/4465 loss 3.6885
  batch 300/4465 loss 3.5809
  batch 350/4465 loss 3.4682
  batch 400/4465 loss 3.1993
  batch 450/4465 loss 3.1664
  batch 500/4465 loss 3.3932
  batch 550/4465 loss 3.1753
  batch 600/4465 loss 3.1695
  batch 650/4465 loss 3.1812
  batch 700/4465 loss 2.9654
  batch 750/4465 loss 3.0114
  batch 800/4465 loss 2.8945
  batch 850/4465 loss 2.7049
  batch 900/4465 loss 2.6886
  batch 950/4465 loss 2.6892
  batch 1000/4465 loss 2.7841
  batch 1050/4465 loss 2.8079
  batch 1100/4465 loss 2.6337
  batch 1150/4465 loss 2.6825
  batch 1200/4465 loss 2.5921
  batch 1250/4465 loss 2.6744
  batch 1300/4465 loss 2.6653
  batch 1350/4465 loss 2.5027
  batch 1400/4465 loss 2.4271
  batch 1450/4465 loss 2.4285
  batch 1500/4465 loss 2.4354
  batch 1550/4465 loss 2.4497
  batch 1600/4465 loss 2.4165
  batch 1650/4465 loss 2.3827
  batch 1700/4465 loss 2.1749
  batch 1750/4465 loss 2.3693
  batch 1800/4465 loss 2.4943
  batch 1850/4465 loss 2.4010
  batch 1900/4465 loss 2.3600
  batch 1950/4465 loss 2.4545
  batch 2000/4465 loss 2.4051
  batch 2050/4465 loss 2.2778
  batch 2100/4465 loss 2.3061
  batch 2150/4465 loss 2.1923
  batch 2200/4465 loss 2.2965
  batch 2250/4465 loss 2.2609
  batch 2300/4465 loss 2.1665
  batch 2350/4465 loss 2.2574
  batch 2400/4465 loss 2.0937
  batch 2450/4465 loss 2.1636
  batch 2500/4465 loss 2.2490
  batch 2550/4465 loss 2.0306
  batch 2600/4465 loss 2.2086
  batch 2650/4465 loss 2.1471
  batch 2700/4465 loss 2.1479
  batch 2750/4465 loss 1.9981
  batch 2800/4465 loss 2.0412
  batch 2850/4465 loss 2.0810
  batch 2900/4465 loss 2.1613
  batch 2950/4465 loss 2.1902
  batch 3000/4465 loss 2.0192
  batch 3050/4465 loss 2.1065
  batch 3100/4465 loss 2.0934
  batch 3150/4465 loss 2.1880
  batch 3200/4465 loss 1.9870
  batch 3250/4465 loss 1.9962
  batch 3300/4465 loss 2.0036
  batch 3350/4465 loss 1.9976
  batch 3400/4465 loss 2.0345
  batch 3450/4465 loss 1.9775
  batch 3500/4465 loss 1.9735
  batch 3550/4465 loss 1.9714
  batch 3600/4465 loss 2.0018
  batch 3650/4465 loss 1.8532
  batch 3700/4465 loss 2.0267
  batch 3750/4465 loss 1.8717
  batch 3800/4465 loss 1.9375
  batch 3850/4465 loss 1.8615
  batch 3900/4465 loss 1.8878
  batch 3950/4465 loss 1.8693
  batch 4000/4465 loss 1.8508
  batch 4050/4465 loss 2.0924
  batch 4100/4465 loss 2.0821
  batch 4150/4465 loss 1.8791
  batch 4200/4465 loss 1.8370
  batch 4250/4465 loss 1.8491
  batch 4300/4465 loss 1.8239
  batch 4350/4465 loss 1.7700
  batch 4400/4465 loss 1.9855
  batch 4450/4465 loss 1.8126
  batch 4465/4465 loss 1.7029
ep01/20  train 2.4658  val WAPE 0.2111  time 20.6s
  ✓ new best WAPE: 0.2111

Starting epoch 2/20...
  batch 50/4465 loss 1.8455
  batch 100/4465 loss 1.7807
  batch 150/4465 loss 1.8095
  batch 200/4465 loss 1.8157
  batch 250/4465 loss 1.7872
  batch 300/4465 loss 1.7560
  batch 350/4465 loss 1.7684
  batch 400/4465 loss 1.9584
  batch 450/4465 loss 1.7600
  batch 500/4465 loss 1.7771
  batch 550/4465 loss 1.6981
  batch 600/4465 loss 1.7876
  batch 650/4465 loss 1.8550
  batch 700/4465 loss 1.7729
  batch 750/4465 loss 1.7148
  batch 800/4465 loss 1.8188
  batch 850/4465 loss 1.7620
  batch 900/4465 loss 1.7679
  batch 950/4465 loss 1.8340
  batch 1000/4465 loss 1.7353
  batch 1050/4465 loss 1.7851
  batch 1100/4465 loss 1.7613
  batch 1150/4465 loss 1.8267
  batch 1200/4465 loss 1.6955
  batch 1250/4465 loss 1.8411
  batch 1300/4465 loss 1.7001
  batch 1350/4465 loss 1.8510
  batch 1400/4465 loss 1.8171
  batch 1450/4465 loss 1.5787
  batch 1500/4465 loss 1.6074
  batch 1550/4465 loss 1.6248
  batch 1600/4465 loss 1.6025
  batch 1650/4465 loss 1.6809
  batch 1700/4465 loss 1.6841
  batch 1750/4465 loss 1.7659
  batch 1800/4465 loss 1.6871
  batch 1850/4465 loss 1.7897
  batch 1900/4465 loss 1.6250
  batch 1950/4465 loss 1.6486
  batch 2000/4465 loss 1.6318
  batch 2050/4465 loss 1.6934
  batch 2100/4465 loss 1.6272
  batch 2150/4465 loss 1.7445
  batch 2200/4465 loss 1.6605
  batch 2250/4465 loss 1.6403
  batch 2300/4465 loss 1.6343
  batch 2350/4465 loss 1.6960
  batch 2400/4465 loss 1.5113
  batch 2450/4465 loss 1.8214
  batch 2500/4465 loss 1.6698
  batch 2550/4465 loss 1.7195
  batch 2600/4465 loss 1.5606
  batch 2650/4465 loss 1.6044
  batch 2700/4465 loss 1.4879
  batch 2750/4465 loss 1.5763
  batch 2800/4465 loss 1.7303
  batch 2850/4465 loss 1.6765
  batch 2900/4465 loss 1.6544
  batch 2950/4465 loss 1.6617
  batch 3000/4465 loss 1.6277
  batch 3050/4465 loss 1.6459
  batch 3100/4465 loss 1.5164
  batch 3150/4465 loss 1.6343
  batch 3200/4465 loss 1.6878
  batch 3250/4465 loss 1.6144
  batch 3300/4465 loss 1.6379
  batch 3350/4465 loss 1.4705
  batch 3400/4465 loss 1.6717
  batch 3450/4465 loss 1.6378
  batch 3500/4465 loss 1.6385
  batch 3550/4465 loss 1.6824
  batch 3600/4465 loss 1.6216
  batch 3650/4465 loss 1.6735
  batch 3700/4465 loss 1.6024
  batch 3750/4465 loss 1.5499
  batch 3800/4465 loss 1.5604
  batch 3850/4465 loss 1.7072
  batch 3900/4465 loss 1.6410
  batch 3950/4465 loss 1.5234
  batch 4000/4465 loss 1.7190
  batch 4050/4465 loss 1.5840
  batch 4100/4465 loss 1.6159
  batch 4150/4465 loss 1.5251
  batch 4200/4465 loss 1.5139
  batch 4250/4465 loss 1.6284
  batch 4300/4465 loss 1.6499
  batch 4350/4465 loss 1.5546
  batch 4400/4465 loss 1.5921
  batch 4450/4465 loss 1.5670
  batch 4465/4465 loss 1.4724
ep02/20  train 1.6828  val WAPE 0.1890  time 30.0s
  ✓ new best WAPE: 0.1890

Starting epoch 3/20...
  batch 50/4465 loss 1.6914
  batch 100/4465 loss 1.4887
  batch 150/4465 loss 1.6077
  batch 200/4465 loss 1.5866
  batch 250/4465 loss 1.5212
  batch 300/4465 loss 1.5135
  batch 350/4465 loss 1.5202
  batch 400/4465 loss 1.5995
  batch 450/4465 loss 1.4818
  batch 500/4465 loss 1.4960
  batch 550/4465 loss 1.5312
  batch 600/4465 loss 1.6180
  batch 650/4465 loss 1.4608
  batch 700/4465 loss 1.6212
  batch 750/4465 loss 1.5770
  batch 800/4465 loss 1.6560
  batch 850/4465 loss 1.6614
  batch 900/4465 loss 1.6180
  batch 950/4465 loss 1.4988
  batch 1000/4465 loss 1.5767
  batch 1050/4465 loss 1.5491
  batch 1100/4465 loss 1.6220
  batch 1150/4465 loss 1.6292
  batch 1200/4465 loss 1.6000
  batch 1250/4465 loss 1.6241
  batch 1300/4465 loss 1.6679
  batch 1350/4465 loss 1.5529
  batch 1400/4465 loss 1.6999
  batch 1450/4465 loss 1.4087
  batch 1500/4465 loss 1.5803
  batch 1550/4465 loss 1.5587
  batch 1600/4465 loss 1.6101
  batch 1650/4465 loss 1.2579
  batch 1700/4465 loss 1.7449
  batch 1750/4465 loss 1.5462
  batch 1800/4465 loss 1.6011
  batch 1850/4465 loss 1.5801
  batch 1900/4465 loss 1.5664
  batch 1950/4465 loss 1.4988
  batch 2000/4465 loss 1.6411
  batch 2050/4465 loss 1.5933
  batch 2100/4465 loss 1.4946
  batch 2150/4465 loss 1.4748
  batch 2200/4465 loss 1.7105
  batch 2250/4465 loss 1.5482
  batch 2300/4465 loss 1.4957
  batch 2350/4465 loss 1.5232
  batch 2400/4465 loss 1.6032
  batch 2450/4465 loss 1.5818
  batch 2500/4465 loss 1.6309
  batch 2550/4465 loss 1.6243
  batch 2600/4465 loss 1.4339
  batch 2650/4465 loss 1.6109
  batch 2700/4465 loss 1.5817
  batch 2750/4465 loss 1.5758
  batch 2800/4465 loss 1.7460
  batch 2850/4465 loss 1.5414
  batch 2900/4465 loss 1.6185
  batch 2950/4465 loss 1.5512
  batch 3000/4465 loss 1.4378
  batch 3050/4465 loss 1.4605
  batch 3100/4465 loss 1.6933
  batch 3150/4465 loss 1.5260
  batch 3200/4465 loss 1.4115
  batch 3250/4465 loss 1.5286
  batch 3300/4465 loss 1.4180
  batch 3350/4465 loss 1.5457
  batch 3400/4465 loss 1.5276
  batch 3450/4465 loss 1.3675
  batch 3500/4465 loss 1.5100
  batch 3550/4465 loss 1.4458
  batch 3600/4465 loss 1.4881
  batch 3650/4465 loss 1.5890
  batch 3700/4465 loss 1.4585
  batch 3750/4465 loss 1.5228
  batch 3800/4465 loss 1.6852
  batch 3850/4465 loss 1.5247
  batch 3900/4465 loss 1.5006
  batch 3950/4465 loss 1.5206
  batch 4000/4465 loss 1.5979
  batch 4050/4465 loss 1.6783
  batch 4100/4465 loss 1.4373
  batch 4150/4465 loss 1.5331
  batch 4200/4465 loss 1.5155
  batch 4250/4465 loss 1.6076
  batch 4300/4465 loss 1.5080
  batch 4350/4465 loss 1.6791
  batch 4400/4465 loss 1.5311
  batch 4450/4465 loss 1.5961
  batch 4465/4465 loss 1.5083
ep03/20  train 1.5538  val WAPE 0.1849  time 47.0s
  ✓ new best WAPE: 0.1849

Starting epoch 4/20...
  batch 50/4465 loss 1.5601
  batch 100/4465 loss 1.4956
  batch 150/4465 loss 1.5427
  batch 200/4465 loss 1.6623
  batch 250/4465 loss 1.5852
  batch 300/4465 loss 1.5431
  batch 350/4465 loss 1.5153
  batch 400/4465 loss 1.5701
  batch 450/4465 loss 1.5587
  batch 500/4465 loss 1.5987
  batch 550/4465 loss 1.4886
  batch 600/4465 loss 1.4339
  batch 650/4465 loss 1.5719
  batch 700/4465 loss 1.5436
  batch 750/4465 loss 1.5972
  batch 800/4465 loss 1.5815
  batch 850/4465 loss 1.6127
  batch 900/4465 loss 1.4748
  batch 950/4465 loss 1.6101
  batch 1000/4465 loss 1.5818
  batch 1050/4465 loss 1.6167
  batch 1100/4465 loss 1.5255
  batch 1150/4465 loss 1.6299
  batch 1200/4465 loss 1.5065
  batch 1250/4465 loss 1.4879
  batch 1300/4465 loss 1.5106
  batch 1350/4465 loss 1.5698
  batch 1400/4465 loss 1.4038
  batch 1450/4465 loss 1.4868
  batch 1500/4465 loss 1.4807
  batch 1550/4465 loss 1.5510
  batch 1600/4465 loss 1.5611
  batch 1650/4465 loss 1.5716
  batch 1700/4465 loss 1.5969
  batch 1750/4465 loss 1.5226
  batch 1800/4465 loss 1.6552
  batch 1850/4465 loss 1.5019
  batch 1900/4465 loss 1.5653
  batch 1950/4465 loss 1.6819
  batch 2000/4465 loss 1.5518
  batch 2050/4465 loss 1.6048
  batch 2100/4465 loss 1.5625
  batch 2150/4465 loss 1.4544
  batch 2200/4465 loss 1.4740
  batch 2250/4465 loss 1.6067
  batch 2300/4465 loss 1.5298
  batch 2350/4465 loss 1.4265
  batch 2400/4465 loss 1.4764
  batch 2450/4465 loss 1.5033
  batch 2500/4465 loss 1.5158
  batch 2550/4465 loss 1.6616
  batch 2600/4465 loss 1.5934
  batch 2650/4465 loss 1.5736
  batch 2700/4465 loss 1.5120
  batch 2750/4465 loss 1.4554
  batch 2800/4465 loss 1.5854
  batch 2850/4465 loss 1.5631
  batch 2900/4465 loss 1.6658
  batch 2950/4465 loss 1.4917
  batch 3000/4465 loss 1.7168
  batch 3050/4465 loss 1.5444
  batch 3100/4465 loss 1.6575
  batch 3150/4465 loss 1.5823
  batch 3200/4465 loss 1.6034
  batch 3250/4465 loss 1.5625
  batch 3300/4465 loss 1.4744
  batch 3350/4465 loss 1.5213
  batch 3400/4465 loss 1.5869
  batch 3450/4465 loss 1.5787
  batch 3500/4465 loss 1.6010
  batch 3550/4465 loss 1.6206
  batch 3600/4465 loss 1.5965
  batch 3650/4465 loss 1.6766
  batch 3700/4465 loss 1.4546
  batch 3750/4465 loss 1.5235
  batch 3800/4465 loss 1.4775
  batch 3850/4465 loss 1.6875
  batch 3900/4465 loss 1.6427
  batch 3950/4465 loss 1.5925
  batch 4000/4465 loss 1.5201
  batch 4050/4465 loss 1.4400
  batch 4100/4465 loss 1.5845
  batch 4150/4465 loss 1.5036
  batch 4200/4465 loss 1.6684
  batch 4250/4465 loss 1.6228
  batch 4300/4465 loss 1.6112
  batch 4350/4465 loss 1.6493
  batch 4400/4465 loss 1.4995
  batch 4450/4465 loss 1.5887
  batch 4465/4465 loss 1.4640
ep04/20  train 1.5394  val WAPE 0.1867  time 45.1s
  no improvement (1/4)

Starting epoch 5/20...
  batch 50/4465 loss 1.5223
  batch 100/4465 loss 1.5202
  batch 150/4465 loss 1.5468
  batch 200/4465 loss 1.6096
  batch 250/4465 loss 1.5565
  batch 300/4465 loss 1.5552
  batch 350/4465 loss 1.5164
  batch 400/4465 loss 1.5034
  batch 450/4465 loss 1.5896
  batch 500/4465 loss 1.4654
  batch 550/4465 loss 1.6241
  batch 600/4465 loss 1.4364
  batch 650/4465 loss 1.5892
  batch 700/4465 loss 1.5608
  batch 750/4465 loss 1.4989
  batch 800/4465 loss 1.4575
  batch 850/4465 loss 1.5928
  batch 900/4465 loss 1.6747
  batch 950/4465 loss 1.5428
  batch 1000/4465 loss 1.4320
  batch 1050/4465 loss 1.3809
  batch 1100/4465 loss 1.4549
  batch 1150/4465 loss 1.5996
  batch 1200/4465 loss 1.5970
  batch 1250/4465 loss 1.5088
  batch 1300/4465 loss 1.5194
  batch 1350/4465 loss 1.4779
  batch 1400/4465 loss 1.5644
  batch 1450/4465 loss 1.6657
  batch 1500/4465 loss 1.5772
  batch 1550/4465 loss 1.5481
  batch 1600/4465 loss 1.6162
  batch 1650/4465 loss 1.4556
  batch 1700/4465 loss 1.5454
  batch 1750/4465 loss 1.4809
  batch 1800/4465 loss 1.5712
  batch 1850/4465 loss 1.4144
  batch 1900/4465 loss 1.5263
  batch 1950/4465 loss 1.3916
  batch 2000/4465 loss 1.5034
  batch 2050/4465 loss 1.4563
  batch 2100/4465 loss 1.6065
  batch 2150/4465 loss 1.5633
  batch 2200/4465 loss 1.4889
  batch 2250/4465 loss 1.5258
  batch 2300/4465 loss 1.4803
  batch 2350/4465 loss 1.7128
  batch 2400/4465 loss 1.5896
  batch 2450/4465 loss 1.6507
  batch 2500/4465 loss 1.6110
  batch 2550/4465 loss 1.5865
  batch 2600/4465 loss 1.4749
  batch 2650/4465 loss 1.4875
  batch 2700/4465 loss 1.5012
  batch 2750/4465 loss 1.5297
  batch 2800/4465 loss 1.5629
  batch 2850/4465 loss 1.5537
  batch 2900/4465 loss 1.6197
  batch 2950/4465 loss 1.5729
  batch 3000/4465 loss 1.4788
  batch 3050/4465 loss 1.5347
  batch 3100/4465 loss 1.6355
  batch 3150/4465 loss 1.5292
  batch 3200/4465 loss 1.4883
  batch 3250/4465 loss 1.3793
  batch 3300/4465 loss 1.6697
  batch 3350/4465 loss 1.5682
  batch 3400/4465 loss 1.5150
  batch 3450/4465 loss 1.5744
  batch 3500/4465 loss 1.5817
  batch 3550/4465 loss 1.6387
  batch 3600/4465 loss 1.4034
  batch 3650/4465 loss 1.3831
  batch 3700/4465 loss 1.4824
  batch 3750/4465 loss 1.4585
  batch 3800/4465 loss 1.5696
  batch 3850/4465 loss 1.6450
  batch 3900/4465 loss 1.4367
  batch 3950/4465 loss 1.5806
  batch 4000/4465 loss 1.5715
  batch 4050/4465 loss 1.5479
  batch 4100/4465 loss 1.6049
  batch 4150/4465 loss 1.3793
  batch 4200/4465 loss 1.4801
  batch 4250/4465 loss 1.6008
  batch 4300/4465 loss 1.6635
  batch 4350/4465 loss 1.5139
  batch 4400/4465 loss 1.5798
  batch 4450/4465 loss 1.5298
  batch 4465/4465 loss 1.7071
ep05/20  train 1.5459  val WAPE 0.1820  time 34.4s
  ✓ new best WAPE: 0.1820

Starting epoch 6/20...
  batch 50/4465 loss 1.5757
  batch 100/4465 loss 1.5739
  batch 150/4465 loss 1.4999
  batch 200/4465 loss 1.6264
  batch 250/4465 loss 1.4879
  batch 300/4465 loss 1.5966
  batch 350/4465 loss 1.4610
  batch 400/4465 loss 1.5458
  batch 450/4465 loss 1.5393
  batch 500/4465 loss 1.5591
  batch 550/4465 loss 1.5668
  batch 600/4465 loss 1.5222
  batch 650/4465 loss 1.4962
  batch 700/4465 loss 1.6314
  batch 750/4465 loss 1.5882
  batch 800/4465 loss 1.5586
  batch 850/4465 loss 1.6118
  batch 900/4465 loss 1.5406
  batch 950/4465 loss 1.6156
  batch 1000/4465 loss 1.4942
  batch 1050/4465 loss 1.5663
  batch 1100/4465 loss 1.4906
  batch 1150/4465 loss 1.4640
  batch 1200/4465 loss 1.4786
  batch 1250/4465 loss 1.4617
  batch 1300/4465 loss 1.6203
  batch 1350/4465 loss 1.5682
  batch 1400/4465 loss 1.5880
  batch 1450/4465 loss 1.5644
  batch 1500/4465 loss 1.4955
  batch 1550/4465 loss 1.5788
  batch 1600/4465 loss 1.5124
  batch 1650/4465 loss 1.6755
  batch 1700/4465 loss 1.4716
  batch 1750/4465 loss 1.4636
  batch 1800/4465 loss 1.6048
  batch 1850/4465 loss 1.6488
  batch 1900/4465 loss 1.6473
  batch 1950/4465 loss 1.5011
  batch 2000/4465 loss 1.5084
  batch 2050/4465 loss 1.4982
  batch 2100/4465 loss 1.7160
  batch 2150/4465 loss 1.6808
  batch 2200/4465 loss 1.5198
  batch 2250/4465 loss 1.5981
  batch 2300/4465 loss 1.4718
  batch 2350/4465 loss 1.5412
  batch 2400/4465 loss 1.4263
  batch 2450/4465 loss 1.4810
  batch 2500/4465 loss 1.5119
  batch 2550/4465 loss 1.4464
  batch 2600/4465 loss 1.3299
  batch 2650/4465 loss 1.6785
  batch 2700/4465 loss 1.6190
  batch 2750/4465 loss 1.6010
  batch 2800/4465 loss 1.5415
  batch 2850/4465 loss 1.4299
  batch 2900/4465 loss 1.4446
  batch 2950/4465 loss 1.5872
  batch 3000/4465 loss 1.5742
  batch 3050/4465 loss 1.5298
  batch 3100/4465 loss 1.6239
  batch 3150/4465 loss 1.5452
  batch 3200/4465 loss 1.4740
  batch 3250/4465 loss 1.5534
  batch 3300/4465 loss 1.6104
  batch 3350/4465 loss 1.5661
  batch 3400/4465 loss 1.6185
  batch 3450/4465 loss 1.5460
  batch 3500/4465 loss 1.5944
  batch 3550/4465 loss 1.5177
  batch 3600/4465 loss 1.5370
  batch 3650/4465 loss 1.4810
  batch 3700/4465 loss 1.4999
  batch 3750/4465 loss 1.5643
  batch 3800/4465 loss 1.5475
  batch 3850/4465 loss 1.5893
  batch 3900/4465 loss 1.5043
  batch 3950/4465 loss 1.5521
  batch 4000/4465 loss 1.4847
  batch 4050/4465 loss 1.6012
  batch 4100/4465 loss 1.3832
  batch 4150/4465 loss 1.5433
  batch 4200/4465 loss 1.5515
  batch 4250/4465 loss 1.6524
  batch 4300/4465 loss 1.4230
  batch 4350/4465 loss 1.6293
  batch 4400/4465 loss 1.5060
  batch 4450/4465 loss 1.4785
  batch 4465/4465 loss 1.4533
ep06/20  train 1.5487  val WAPE 0.1898  time 49.7s
  no improvement (1/4)

Starting epoch 7/20...
  batch 50/4465 loss 1.5348
  batch 100/4465 loss 1.5036
  batch 150/4465 loss 1.5473
  batch 200/4465 loss 1.6173
  batch 250/4465 loss 1.4052
  batch 300/4465 loss 1.4086
  batch 350/4465 loss 1.5254
  batch 400/4465 loss 1.3970
  batch 450/4465 loss 1.5631
  batch 500/4465 loss 1.5058
  batch 550/4465 loss 1.5173
  batch 600/4465 loss 1.6879
  batch 650/4465 loss 1.3529
  batch 700/4465 loss 1.5473
  batch 750/4465 loss 1.4859
  batch 800/4465 loss 1.5528
  batch 850/4465 loss 1.5556
  batch 900/4465 loss 1.6295
  batch 950/4465 loss 1.6425
  batch 1000/4465 loss 1.6322
  batch 1050/4465 loss 1.4016
  batch 1100/4465 loss 1.5762
  batch 1150/4465 loss 1.5159
  batch 1200/4465 loss 1.4192
  batch 1250/4465 loss 1.5342
  batch 1300/4465 loss 1.5131
  batch 1350/4465 loss 1.5732
  batch 1400/4465 loss 1.6798
  batch 1450/4465 loss 1.4978
  batch 1500/4465 loss 1.5644
  batch 1550/4465 loss 1.4533
  batch 1600/4465 loss 1.5008
  batch 1650/4465 loss 1.6259
  batch 1700/4465 loss 1.6167
  batch 1750/4465 loss 1.6412
  batch 1800/4465 loss 1.4436
  batch 1850/4465 loss 1.4510
  batch 1900/4465 loss 1.6181
  batch 1950/4465 loss 1.4618
  batch 2000/4465 loss 1.4607
  batch 2050/4465 loss 1.6587
  batch 2100/4465 loss 1.6930
  batch 2150/4465 loss 1.5914
  batch 2200/4465 loss 1.5485
  batch 2250/4465 loss 1.5325
  batch 2300/4465 loss 1.5718
  batch 2350/4465 loss 1.5103
  batch 2400/4465 loss 1.4080
  batch 2450/4465 loss 1.6558
  batch 2500/4465 loss 1.5896
  batch 2550/4465 loss 1.4094
  batch 2600/4465 loss 1.5398
  batch 2650/4465 loss 1.5843
  batch 2700/4465 loss 1.5483
  batch 2750/4465 loss 1.3824
  batch 2800/4465 loss 1.6077
  batch 2850/4465 loss 1.5010
  batch 2900/4465 loss 1.4962
  batch 2950/4465 loss 1.4514
  batch 3000/4465 loss 1.4828
  batch 3050/4465 loss 1.5514
  batch 3100/4465 loss 1.5280
  batch 3150/4465 loss 1.4668
  batch 3200/4465 loss 1.5393
  batch 3250/4465 loss 1.5097
  batch 3300/4465 loss 1.5536
  batch 3350/4465 loss 1.6214
  batch 3400/4465 loss 1.4859
  batch 3450/4465 loss 1.5805
  batch 3500/4465 loss 1.7236
  batch 3550/4465 loss 1.5271
  batch 3600/4465 loss 1.5436
  batch 3650/4465 loss 1.4795
  batch 3700/4465 loss 1.6301
  batch 3750/4465 loss 1.5528
  batch 3800/4465 loss 1.5721
  batch 3850/4465 loss 1.4538
  batch 3900/4465 loss 1.6112
  batch 3950/4465 loss 1.6177
  batch 4000/4465 loss 1.5073
  batch 4050/4465 loss 1.6151
  batch 4100/4465 loss 1.5282
  batch 4150/4465 loss 1.4716
  batch 4200/4465 loss 1.5734
  batch 4250/4465 loss 1.5698
  batch 4300/4465 loss 1.4802
  batch 4350/4465 loss 1.5043
  batch 4400/4465 loss 1.6263
  batch 4450/4465 loss 1.4938
  batch 4465/4465 loss 1.6206
ep07/20  train 1.5437  val WAPE 0.1984  time 49.7s
  no improvement (2/4)

Starting epoch 8/20...
  batch 50/4465 loss 1.5834
  batch 100/4465 loss 1.5397
  batch 150/4465 loss 1.5547
  batch 200/4465 loss 1.6091
  batch 250/4465 loss 1.4960
  batch 300/4465 loss 1.5803
  batch 350/4465 loss 1.5113
  batch 400/4465 loss 1.4511
  batch 450/4465 loss 1.5574
  batch 500/4465 loss 1.5331
  batch 550/4465 loss 1.5019
  batch 600/4465 loss 1.5869
  batch 650/4465 loss 1.5232
  batch 700/4465 loss 1.6067
  batch 750/4465 loss 1.5891
  batch 800/4465 loss 1.5140
  batch 850/4465 loss 1.4615
  batch 900/4465 loss 1.4746
  batch 950/4465 loss 1.4654
  batch 1000/4465 loss 1.5474
  batch 1050/4465 loss 1.5473
  batch 1100/4465 loss 1.6898
  batch 1150/4465 loss 1.5976
  batch 1200/4465 loss 1.5040
  batch 1250/4465 loss 1.6083
  batch 1300/4465 loss 1.4288
  batch 1350/4465 loss 1.5317
  batch 1400/4465 loss 1.5346
  batch 1450/4465 loss 1.4205
  batch 1500/4465 loss 1.6077
  batch 1550/4465 loss 1.6614
  batch 1600/4465 loss 1.6038
  batch 1650/4465 loss 1.4186
  batch 1700/4465 loss 1.6787
  batch 1750/4465 loss 1.5289
  batch 1800/4465 loss 1.6200
  batch 1850/4465 loss 1.5608
  batch 1900/4465 loss 1.6029
  batch 1950/4465 loss 1.5233
  batch 2000/4465 loss 1.6037
  batch 2050/4465 loss 1.3924
  batch 2100/4465 loss 1.5417
  batch 2150/4465 loss 1.6496
  batch 2200/4465 loss 1.4931
  batch 2250/4465 loss 1.4571
  batch 2300/4465 loss 1.5822
  batch 2350/4465 loss 1.4271
  batch 2400/4465 loss 1.6276
  batch 2450/4465 loss 1.6404
  batch 2500/4465 loss 1.3890
  batch 2550/4465 loss 1.5603
  batch 2600/4465 loss 1.5254
  batch 2650/4465 loss 1.4995
  batch 2700/4465 loss 1.5865
  batch 2750/4465 loss 1.4339
  batch 2800/4465 loss 1.5244
  batch 2850/4465 loss 1.4454
  batch 2900/4465 loss 1.5144
  batch 2950/4465 loss 1.4397
  batch 3000/4465 loss 1.6220
  batch 3050/4465 loss 1.4291
  batch 3100/4465 loss 1.4274
  batch 3150/4465 loss 1.5232
  batch 3200/4465 loss 1.4655
  batch 3250/4465 loss 1.4712
  batch 3300/4465 loss 1.6089
  batch 3350/4465 loss 1.4760
  batch 3400/4465 loss 1.5631
  batch 3450/4465 loss 1.5389
  batch 3500/4465 loss 1.5602
  batch 3550/4465 loss 1.5653
  batch 3600/4465 loss 1.3657
  batch 3650/4465 loss 1.5046
  batch 3700/4465 loss 1.5357
  batch 3750/4465 loss 1.6820
  batch 3800/4465 loss 1.5290
  batch 3850/4465 loss 1.5784
  batch 3900/4465 loss 1.5494
  batch 3950/4465 loss 1.4651
  batch 4000/4465 loss 1.5302
  batch 4050/4465 loss 1.5487
  batch 4100/4465 loss 1.5138
  batch 4150/4465 loss 1.5604
  batch 4200/4465 loss 1.5155
  batch 4250/4465 loss 1.5013
  batch 4300/4465 loss 1.5498
  batch 4350/4465 loss 1.6186
  batch 4400/4465 loss 1.4895
  batch 4450/4465 loss 1.5123
  batch 4465/4465 loss 1.5401
ep08/20  train 1.5393  val WAPE 0.1880  time 50.2s
  no improvement (3/4)

Starting epoch 9/20...
  batch 50/4465 loss 1.6379
  batch 100/4465 loss 1.4001
  batch 150/4465 loss 1.5247
  batch 200/4465 loss 1.4632
  batch 250/4465 loss 1.4621
  batch 300/4465 loss 1.5163
  batch 350/4465 loss 1.5499
  batch 400/4465 loss 1.6239
  batch 450/4465 loss 1.5433
  batch 500/4465 loss 1.6034
  batch 550/4465 loss 1.4464
  batch 600/4465 loss 1.4431
  batch 650/4465 loss 1.5825
  batch 700/4465 loss 1.3965
  batch 750/4465 loss 1.4733
  batch 800/4465 loss 1.5444
  batch 850/4465 loss 1.4803
  batch 900/4465 loss 1.6110
  batch 950/4465 loss 1.5340
  batch 1000/4465 loss 1.5651
  batch 1050/4465 loss 1.5935
  batch 1100/4465 loss 1.4213
  batch 1150/4465 loss 1.3194
  batch 1200/4465 loss 1.4985
  batch 1250/4465 loss 1.3937
  batch 1300/4465 loss 1.5720
  batch 1350/4465 loss 1.4261
  batch 1400/4465 loss 1.5920
  batch 1450/4465 loss 1.6011
  batch 1500/4465 loss 1.5468
  batch 1550/4465 loss 1.6340
  batch 1600/4465 loss 1.4758
  batch 1650/4465 loss 1.4095
  batch 1700/4465 loss 1.5637
  batch 1750/4465 loss 1.6230
  batch 1800/4465 loss 1.4406
  batch 1850/4465 loss 1.4186
  batch 1900/4465 loss 1.3551
  batch 1950/4465 loss 1.5564
  batch 2000/4465 loss 1.5637
  batch 2050/4465 loss 1.6817
  batch 2100/4465 loss 1.5181
  batch 2150/4465 loss 1.6192
  batch 2200/4465 loss 1.6673
  batch 2250/4465 loss 1.5252
  batch 2300/4465 loss 1.5679
  batch 2350/4465 loss 1.6023
  batch 2400/4465 loss 1.5096
  batch 2450/4465 loss 1.6694
  batch 2500/4465 loss 1.5951
  batch 2550/4465 loss 1.5081
  batch 2600/4465 loss 1.5685
  batch 2650/4465 loss 1.5287
  batch 2700/4465 loss 1.5718
  batch 2750/4465 loss 1.3843
  batch 2800/4465 loss 1.5775
  batch 2850/4465 loss 1.5224
  batch 2900/4465 loss 1.5090
  batch 2950/4465 loss 1.5355
  batch 3000/4465 loss 1.5488
  batch 3050/4465 loss 1.5583
  batch 3100/4465 loss 1.6499
  batch 3150/4465 loss 1.4647
  batch 3200/4465 loss 1.5899
  batch 3250/4465 loss 1.5127
  batch 3300/4465 loss 1.4804
  batch 3350/4465 loss 1.4891
  batch 3400/4465 loss 1.5302
  batch 3450/4465 loss 1.4706
  batch 3500/4465 loss 1.4866
  batch 3550/4465 loss 1.5035
  batch 3600/4465 loss 1.4068
  batch 3650/4465 loss 1.5393
  batch 3700/4465 loss 1.6218
  batch 3750/4465 loss 1.4436
  batch 3800/4465 loss 1.4752
  batch 3850/4465 loss 1.5575
  batch 3900/4465 loss 1.4149
  batch 3950/4465 loss 1.5195
  batch 4000/4465 loss 1.5128
  batch 4050/4465 loss 1.5212
  batch 4100/4465 loss 1.5523
  batch 4150/4465 loss 1.5149
  batch 4200/4465 loss 1.6295
  batch 4250/4465 loss 1.4401
  batch 4300/4465 loss 1.5089
  batch 4350/4465 loss 1.4960
  batch 4400/4465 loss 1.4818
  batch 4450/4465 loss 1.6182
  batch 4465/4465 loss 1.6549
ep09/20  train 1.5327  val WAPE 0.1906  time 50.0s
  no improvement (4/4)
early stop
linear params: 113232

Starting epoch 1/20...
  batch 50/4465 loss 3.9720
  batch 100/4465 loss 3.8347
  batch 150/4465 loss 3.6742
  batch 200/4465 loss 3.3418
  batch 250/4465 loss 3.4694
  batch 300/4465 loss 3.4168
  batch 350/4465 loss 3.1938
  batch 400/4465 loss 3.2121
  batch 450/4465 loss 3.0561
  batch 500/4465 loss 3.2315
  batch 550/4465 loss 3.0253
  batch 600/4465 loss 2.9313
  batch 650/4465 loss 3.1708
  batch 700/4465 loss 3.1561
  batch 750/4465 loss 3.0653
  batch 800/4465 loss 3.0110
  batch 850/4465 loss 3.0847
  batch 900/4465 loss 3.0208
  batch 950/4465 loss 3.1917
  batch 1000/4465 loss 3.0021
  batch 1050/4465 loss 3.1432
  batch 1100/4465 loss 3.0246
  batch 1150/4465 loss 3.1277
  batch 1200/4465 loss 3.1427
  batch 1250/4465 loss 2.9035
  batch 1300/4465 loss 2.9218
  batch 1350/4465 loss 3.0148
  batch 1400/4465 loss 2.9412
  batch 1450/4465 loss 2.8910
  batch 1500/4465 loss 3.0247
  batch 1550/4465 loss 2.9503
  batch 1600/4465 loss 3.0128
  batch 1650/4465 loss 2.7497
  batch 1700/4465 loss 2.8587
  batch 1750/4465 loss 2.9022
  batch 1800/4465 loss 3.1055
  batch 1850/4465 loss 2.8548
  batch 1900/4465 loss 2.8297
  batch 1950/4465 loss 3.1004
  batch 2000/4465 loss 2.9781
  batch 2050/4465 loss 2.8941
  batch 2100/4465 loss 3.0178
  batch 2150/4465 loss 2.8580
  batch 2200/4465 loss 3.0526
  batch 2250/4465 loss 2.9954
  batch 2300/4465 loss 2.9036
  batch 2350/4465 loss 2.8114
  batch 2400/4465 loss 2.8289
  batch 2450/4465 loss 3.1083
  batch 2500/4465 loss 2.9538
  batch 2550/4465 loss 3.0404
  batch 2600/4465 loss 2.9864
  batch 2650/4465 loss 3.0013
  batch 2700/4465 loss 2.7030
  batch 2750/4465 loss 2.9896
  batch 2800/4465 loss 2.8754
  batch 2850/4465 loss 2.8844
  batch 2900/4465 loss 2.8458
  batch 2950/4465 loss 2.8363
  batch 3000/4465 loss 2.9824
  batch 3050/4465 loss 2.8590
  batch 3100/4465 loss 2.8739
  batch 3150/4465 loss 2.7917
  batch 3200/4465 loss 2.8170
  batch 3250/4465 loss 2.9268
  batch 3300/4465 loss 2.9363
  batch 3350/4465 loss 2.8035
  batch 3400/4465 loss 2.8041
  batch 3450/4465 loss 2.8338
  batch 3500/4465 loss 2.6861
  batch 3550/4465 loss 2.9063
  batch 3600/4465 loss 2.9965
  batch 3650/4465 loss 3.0629
  batch 3700/4465 loss 2.7605
  batch 3750/4465 loss 2.8277
  batch 3800/4465 loss 2.9058
  batch 3850/4465 loss 2.8442
  batch 3900/4465 loss 2.9398
  batch 3950/4465 loss 2.6642
  batch 4000/4465 loss 2.8192
  batch 4050/4465 loss 3.0071
  batch 4100/4465 loss 2.8442
  batch 4150/4465 loss 2.8509
  batch 4200/4465 loss 3.1159
  batch 4250/4465 loss 2.7493
  batch 4300/4465 loss 2.9206
  batch 4350/4465 loss 3.0011
  batch 4400/4465 loss 2.8121
  batch 4450/4465 loss 2.7735
  batch 4465/4465 loss 2.6466
ep01/20  train 2.9734  val WAPE 0.3143  time 8.7s
  ✓ new best WAPE: 0.3143

Starting epoch 2/20...
  batch 50/4465 loss 2.7639
  batch 100/4465 loss 2.9098
  batch 150/4465 loss 2.6694
  batch 200/4465 loss 2.8842
  batch 250/4465 loss 2.7782
  batch 300/4465 loss 2.7860
  batch 350/4465 loss 2.7614
  batch 400/4465 loss 2.8686
  batch 450/4465 loss 2.9892
  batch 500/4465 loss 2.9380
  batch 550/4465 loss 2.8330
  batch 600/4465 loss 2.8929
  batch 650/4465 loss 2.7561
  batch 700/4465 loss 2.9210
  batch 750/4465 loss 2.8232
  batch 800/4465 loss 2.8191
  batch 850/4465 loss 2.7971
  batch 900/4465 loss 2.8533
  batch 950/4465 loss 2.9993
  batch 1000/4465 loss 2.8422
  batch 1050/4465 loss 2.7565
  batch 1100/4465 loss 2.7651
  batch 1150/4465 loss 2.6535
  batch 1200/4465 loss 2.9092
  batch 1250/4465 loss 2.9282
  batch 1300/4465 loss 2.8200
  batch 1350/4465 loss 2.9142
  batch 1400/4465 loss 2.7720
  batch 1450/4465 loss 2.9621
  batch 1500/4465 loss 2.9379
  batch 1550/4465 loss 2.7608
  batch 1600/4465 loss 2.9166
  batch 1650/4465 loss 2.8331
  batch 1700/4465 loss 2.8636
  batch 1750/4465 loss 2.7871
  batch 1800/4465 loss 2.7367
  batch 1850/4465 loss 2.7829
  batch 1900/4465 loss 2.7970
  batch 1950/4465 loss 2.7823
  batch 2000/4465 loss 2.9221
  batch 2050/4465 loss 2.7031
  batch 2100/4465 loss 2.9324
  batch 2150/4465 loss 2.9132
  batch 2200/4465 loss 2.7395
  batch 2250/4465 loss 2.7257
  batch 2300/4465 loss 2.7803
  batch 2350/4465 loss 2.9537
  batch 2400/4465 loss 2.7813
  batch 2450/4465 loss 2.7592
  batch 2500/4465 loss 2.7550
  batch 2550/4465 loss 2.8829
  batch 2600/4465 loss 2.8554
  batch 2650/4465 loss 2.7956
  batch 2700/4465 loss 2.7620
  batch 2750/4465 loss 2.6949
  batch 2800/4465 loss 2.7677
  batch 2850/4465 loss 2.8932
  batch 2900/4465 loss 2.7999
  batch 2950/4465 loss 2.8027
  batch 3000/4465 loss 2.6944
  batch 3050/4465 loss 2.7188
  batch 3100/4465 loss 2.9383
  batch 3150/4465 loss 2.8184
  batch 3200/4465 loss 2.7192
  batch 3250/4465 loss 2.9162
  batch 3300/4465 loss 2.7116
  batch 3350/4465 loss 2.9292
  batch 3400/4465 loss 3.0068
  batch 3450/4465 loss 2.7770
  batch 3500/4465 loss 2.8707
  batch 3550/4465 loss 2.8098
  batch 3600/4465 loss 2.7664
  batch 3650/4465 loss 2.8314
  batch 3700/4465 loss 2.8977
  batch 3750/4465 loss 2.8173
  batch 3800/4465 loss 2.7397
  batch 3850/4465 loss 2.6665
  batch 3900/4465 loss 2.9746
  batch 3950/4465 loss 2.8466
  batch 4000/4465 loss 2.6788
  batch 4050/4465 loss 2.6374
  batch 4100/4465 loss 2.8656
  batch 4150/4465 loss 2.8157
  batch 4200/4465 loss 2.7480
  batch 4250/4465 loss 2.7846
  batch 4300/4465 loss 2.7781
  batch 4350/4465 loss 2.8374
  batch 4400/4465 loss 2.9622
  batch 4450/4465 loss 2.9535
  batch 4465/4465 loss 2.8367
ep02/20  train 2.8236  val WAPE 0.3144  time 8.5s
  no improvement (1/4)

Starting epoch 3/20...
  batch 50/4465 loss 2.9029
  batch 100/4465 loss 2.8355
  batch 150/4465 loss 2.9208
  batch 200/4465 loss 2.6810
  batch 250/4465 loss 2.9884
  batch 300/4465 loss 2.9062
  batch 350/4465 loss 2.7695
  batch 400/4465 loss 2.8302
  batch 450/4465 loss 2.7947
  batch 500/4465 loss 2.7551
  batch 550/4465 loss 2.8866
  batch 600/4465 loss 2.8510
  batch 650/4465 loss 2.7742
  batch 700/4465 loss 2.7065
  batch 750/4465 loss 2.9693
  batch 800/4465 loss 3.0614
  batch 850/4465 loss 2.5637
  batch 900/4465 loss 2.9301
  batch 950/4465 loss 2.7445
  batch 1000/4465 loss 2.8472
  batch 1050/4465 loss 2.7439
  batch 1100/4465 loss 2.7975
  batch 1150/4465 loss 2.9619
  batch 1200/4465 loss 3.0045
  batch 1250/4465 loss 2.6932
  batch 1300/4465 loss 2.7872
  batch 1350/4465 loss 2.9161
  batch 1400/4465 loss 2.6647
  batch 1450/4465 loss 2.9512
  batch 1500/4465 loss 2.8887
  batch 1550/4465 loss 3.0011
  batch 1600/4465 loss 2.9488
  batch 1650/4465 loss 2.7853
  batch 1700/4465 loss 2.9059
  batch 1750/4465 loss 2.7446
  batch 1800/4465 loss 2.8859
  batch 1850/4465 loss 2.9997
  batch 1900/4465 loss 2.7771
  batch 1950/4465 loss 2.6952
  batch 2000/4465 loss 2.7667
  batch 2050/4465 loss 2.8741
  batch 2100/4465 loss 2.8999
  batch 2150/4465 loss 2.8052
  batch 2200/4465 loss 2.7322
  batch 2250/4465 loss 2.8044
  batch 2300/4465 loss 2.8264
  batch 2350/4465 loss 2.9476
  batch 2400/4465 loss 2.8926
  batch 2450/4465 loss 2.6859
  batch 2500/4465 loss 2.8715
  batch 2550/4465 loss 2.5403
  batch 2600/4465 loss 2.9469
  batch 2650/4465 loss 2.9023
  batch 2700/4465 loss 2.6712
  batch 2750/4465 loss 2.8592
  batch 2800/4465 loss 2.7948
  batch 2850/4465 loss 2.9655
  batch 2900/4465 loss 2.8717
  batch 2950/4465 loss 2.7727
  batch 3000/4465 loss 2.7731
  batch 3050/4465 loss 2.6425
  batch 3100/4465 loss 2.7238
  batch 3150/4465 loss 2.7377
  batch 3200/4465 loss 2.8969
  batch 3250/4465 loss 2.7651
  batch 3300/4465 loss 2.8862
  batch 3350/4465 loss 2.8738
  batch 3400/4465 loss 2.8671
  batch 3450/4465 loss 2.7711
  batch 3500/4465 loss 2.8581
  batch 3550/4465 loss 2.7620
  batch 3600/4465 loss 2.9817
  batch 3650/4465 loss 2.9597
  batch 3700/4465 loss 2.8202
  batch 3750/4465 loss 2.6765
  batch 3800/4465 loss 2.6847
  batch 3850/4465 loss 2.9221
  batch 3900/4465 loss 2.9577
  batch 3950/4465 loss 2.8451
  batch 4000/4465 loss 2.8267
  batch 4050/4465 loss 2.8879
  batch 4100/4465 loss 2.8456
  batch 4150/4465 loss 2.8576
  batch 4200/4465 loss 2.8785
  batch 4250/4465 loss 2.7854
  batch 4300/4465 loss 2.8291
  batch 4350/4465 loss 2.8080
  batch 4400/4465 loss 2.7533
  batch 4450/4465 loss 2.7766
  batch 4465/4465 loss 2.9080
ep03/20  train 2.8123  val WAPE 0.3138  time 8.4s
  ✓ new best WAPE: 0.3138

Starting epoch 4/20...
  batch 50/4465 loss 2.7527
  batch 100/4465 loss 2.7186
  batch 150/4465 loss 2.5866
  batch 200/4465 loss 2.9881
  batch 250/4465 loss 2.8892
  batch 300/4465 loss 2.8710
  batch 350/4465 loss 2.9494
  batch 400/4465 loss 2.7831
  batch 450/4465 loss 2.8558
  batch 500/4465 loss 3.0620
  batch 550/4465 loss 2.9670
  batch 600/4465 loss 2.9688
  batch 650/4465 loss 2.8434
  batch 700/4465 loss 2.8552
  batch 750/4465 loss 2.8718
  batch 800/4465 loss 2.9608
  batch 850/4465 loss 2.6782
  batch 900/4465 loss 2.8254
  batch 950/4465 loss 2.8151
  batch 1000/4465 loss 2.9318
  batch 1050/4465 loss 2.7440
  batch 1100/4465 loss 2.7123
  batch 1150/4465 loss 2.8409
  batch 1200/4465 loss 2.7032
  batch 1250/4465 loss 2.8572
  batch 1300/4465 loss 2.8338
  batch 1350/4465 loss 2.8834
  batch 1400/4465 loss 2.7628
  batch 1450/4465 loss 2.9547
  batch 1500/4465 loss 2.8377
  batch 1550/4465 loss 2.8388
  batch 1600/4465 loss 2.7821
  batch 1650/4465 loss 2.8722
  batch 1700/4465 loss 2.7220
  batch 1750/4465 loss 2.9512
  batch 1800/4465 loss 2.8191
  batch 1850/4465 loss 2.7909
  batch 1900/4465 loss 2.8043
  batch 1950/4465 loss 2.8356
  batch 2000/4465 loss 2.8302
  batch 2050/4465 loss 2.8421
  batch 2100/4465 loss 2.7742
  batch 2150/4465 loss 3.0373
  batch 2200/4465 loss 2.7177
  batch 2250/4465 loss 2.7869
  batch 2300/4465 loss 2.8259
  batch 2350/4465 loss 2.9601
  batch 2400/4465 loss 2.8936
  batch 2450/4465 loss 2.8466
  batch 2500/4465 loss 2.8402
  batch 2550/4465 loss 2.7354
  batch 2600/4465 loss 2.8661
  batch 2650/4465 loss 2.7902
  batch 2700/4465 loss 2.8595
  batch 2750/4465 loss 2.9091
  batch 2800/4465 loss 3.0278
  batch 2850/4465 loss 2.8277
  batch 2900/4465 loss 2.8439
  batch 2950/4465 loss 2.8486
  batch 3000/4465 loss 2.7085
  batch 3050/4465 loss 2.6414
  batch 3100/4465 loss 2.7398
  batch 3150/4465 loss 2.8181
  batch 3200/4465 loss 2.8431
  batch 3250/4465 loss 2.8481
  batch 3300/4465 loss 2.8381
  batch 3350/4465 loss 2.9201
  batch 3400/4465 loss 2.6224
  batch 3450/4465 loss 2.8947
  batch 3500/4465 loss 2.9435
  batch 3550/4465 loss 2.9213
  batch 3600/4465 loss 2.7128
  batch 3650/4465 loss 2.7950
  batch 3700/4465 loss 2.9795
  batch 3750/4465 loss 3.0473
  batch 3800/4465 loss 2.9498
  batch 3850/4465 loss 2.7324
  batch 3900/4465 loss 2.7610
  batch 3950/4465 loss 2.7869
  batch 4000/4465 loss 2.9861
  batch 4050/4465 loss 2.9120
  batch 4100/4465 loss 2.9014
  batch 4150/4465 loss 3.0424
  batch 4200/4465 loss 2.7619
  batch 4250/4465 loss 2.8326
  batch 4300/4465 loss 2.8564
  batch 4350/4465 loss 2.7613
  batch 4400/4465 loss 2.8200
  batch 4450/4465 loss 2.7690
  batch 4465/4465 loss 2.9985
ep04/20  train 2.8210  val WAPE 0.3123  time 8.5s
  ✓ new best WAPE: 0.3123

Starting epoch 5/20...
  batch 50/4465 loss 2.9917
  batch 100/4465 loss 2.6967
  batch 150/4465 loss 2.8869
  batch 200/4465 loss 2.9205
  batch 250/4465 loss 2.8837
  batch 300/4465 loss 2.8174
  batch 350/4465 loss 2.8275
  batch 400/4465 loss 2.8329
  batch 450/4465 loss 2.8851
  batch 500/4465 loss 2.9261
  batch 550/4465 loss 2.9368
  batch 600/4465 loss 2.8233
  batch 650/4465 loss 2.7171
  batch 700/4465 loss 2.9526
  batch 750/4465 loss 2.7074
  batch 800/4465 loss 2.7558
  batch 850/4465 loss 2.9272
  batch 900/4465 loss 2.7935
  batch 950/4465 loss 2.7570
  batch 1000/4465 loss 2.8492
  batch 1050/4465 loss 2.9781
  batch 1100/4465 loss 2.8372
  batch 1150/4465 loss 2.7127
  batch 1200/4465 loss 2.8879
  batch 1250/4465 loss 2.7856
  batch 1300/4465 loss 2.8481
  batch 1350/4465 loss 2.8128
  batch 1400/4465 loss 2.6808
  batch 1450/4465 loss 2.8745
  batch 1500/4465 loss 2.8558
  batch 1550/4465 loss 2.7165
  batch 1600/4465 loss 2.7633
  batch 1650/4465 loss 2.7238
  batch 1700/4465 loss 2.8569
  batch 1750/4465 loss 2.8057
  batch 1800/4465 loss 2.8539
  batch 1850/4465 loss 2.7759
  batch 1900/4465 loss 2.9092
  batch 1950/4465 loss 2.7952
  batch 2000/4465 loss 2.9126
  batch 2050/4465 loss 3.1037
  batch 2100/4465 loss 2.7474
  batch 2150/4465 loss 2.8317
  batch 2200/4465 loss 2.7408
  batch 2250/4465 loss 2.7149
  batch 2300/4465 loss 2.6210
  batch 2350/4465 loss 2.9027
  batch 2400/4465 loss 2.8459
  batch 2450/4465 loss 2.7250
  batch 2500/4465 loss 2.7546
  batch 2550/4465 loss 2.6165
  batch 2600/4465 loss 2.8858
  batch 2650/4465 loss 2.6634
  batch 2700/4465 loss 2.8495
  batch 2750/4465 loss 2.8490
  batch 2800/4465 loss 2.9263
  batch 2850/4465 loss 2.8124
  batch 2900/4465 loss 2.7227
  batch 2950/4465 loss 2.7615
  batch 3000/4465 loss 2.6913
  batch 3050/4465 loss 2.9185
  batch 3100/4465 loss 2.9636
  batch 3150/4465 loss 2.7735
  batch 3200/4465 loss 2.9494
  batch 3250/4465 loss 2.7623
  batch 3300/4465 loss 2.7247
  batch 3350/4465 loss 2.8534
  batch 3400/4465 loss 2.9423
  batch 3450/4465 loss 2.8878
  batch 3500/4465 loss 2.9833
  batch 3550/4465 loss 2.9910
  batch 3600/4465 loss 2.8667
  batch 3650/4465 loss 2.8231
  batch 3700/4465 loss 2.7171
  batch 3750/4465 loss 2.7986
  batch 3800/4465 loss 2.8530
  batch 3850/4465 loss 2.8633
  batch 3900/4465 loss 2.8696
  batch 3950/4465 loss 2.7393
  batch 4000/4465 loss 2.9333
  batch 4050/4465 loss 2.6409
  batch 4100/4465 loss 2.8607
  batch 4150/4465 loss 2.8326
  batch 4200/4465 loss 3.0888
  batch 4250/4465 loss 3.1458
  batch 4300/4465 loss 2.9442
  batch 4350/4465 loss 2.7397
  batch 4400/4465 loss 2.9398
  batch 4450/4465 loss 2.8579
  batch 4465/4465 loss 2.7784
ep05/20  train 2.8314  val WAPE 0.3145  time 8.6s
  no improvement (1/4)

Starting epoch 6/20...
  batch 50/4465 loss 2.7348
  batch 100/4465 loss 2.6458
  batch 150/4465 loss 2.9586
  batch 200/4465 loss 2.8665
  batch 250/4465 loss 2.7140
  batch 300/4465 loss 2.8284
  batch 350/4465 loss 2.6171
  batch 400/4465 loss 2.9285
  batch 450/4465 loss 2.9893
  batch 500/4465 loss 2.8757
  batch 550/4465 loss 2.8842
  batch 600/4465 loss 2.7867
  batch 650/4465 loss 2.9505
  batch 700/4465 loss 2.8761
  batch 750/4465 loss 2.7237
  batch 800/4465 loss 2.8671
  batch 850/4465 loss 2.8615
  batch 900/4465 loss 2.9901
  batch 950/4465 loss 2.8802
  batch 1000/4465 loss 2.7596
  batch 1050/4465 loss 2.8584
  batch 1100/4465 loss 2.7982
  batch 1150/4465 loss 2.7379
  batch 1200/4465 loss 2.7881
  batch 1250/4465 loss 2.9624
  batch 1300/4465 loss 2.7762
  batch 1350/4465 loss 2.8345
  batch 1400/4465 loss 2.7652
  batch 1450/4465 loss 2.7448
  batch 1500/4465 loss 2.9182
  batch 1550/4465 loss 2.9111
  batch 1600/4465 loss 2.9254
  batch 1650/4465 loss 2.7502
  batch 1700/4465 loss 2.8567
  batch 1750/4465 loss 2.9287
  batch 1800/4465 loss 2.9780
  batch 1850/4465 loss 2.9478
  batch 1900/4465 loss 2.7380
  batch 1950/4465 loss 2.9767
  batch 2000/4465 loss 2.8403
  batch 2050/4465 loss 2.5844
  batch 2100/4465 loss 2.8515
  batch 2150/4465 loss 2.7981
  batch 2200/4465 loss 3.0364
  batch 2250/4465 loss 2.9682
  batch 2300/4465 loss 2.8765
  batch 2350/4465 loss 2.7679
  batch 2400/4465 loss 2.6243
  batch 2450/4465 loss 3.0018
  batch 2500/4465 loss 3.0247
  batch 2550/4465 loss 2.7647
  batch 2600/4465 loss 2.9163
  batch 2650/4465 loss 2.9973
  batch 2700/4465 loss 2.9659
  batch 2750/4465 loss 2.7724
  batch 2800/4465 loss 2.9175
  batch 2850/4465 loss 2.9636
  batch 2900/4465 loss 2.9781
  batch 2950/4465 loss 3.0895
  batch 3000/4465 loss 3.1325
  batch 3050/4465 loss 2.8533
  batch 3100/4465 loss 2.7634
  batch 3150/4465 loss 2.9188
  batch 3200/4465 loss 2.7182
  batch 3250/4465 loss 2.8718
  batch 3300/4465 loss 2.9183
  batch 3350/4465 loss 2.8018
  batch 3400/4465 loss 2.7601
  batch 3450/4465 loss 2.8865
  batch 3500/4465 loss 2.7879
  batch 3550/4465 loss 2.7930
  batch 3600/4465 loss 2.8980
  batch 3650/4465 loss 2.8285
  batch 3700/4465 loss 2.7774
  batch 3750/4465 loss 2.9219
  batch 3800/4465 loss 3.0627
  batch 3850/4465 loss 2.7369
  batch 3900/4465 loss 3.0431
  batch 3950/4465 loss 3.0502
  batch 4000/4465 loss 2.8791
  batch 4050/4465 loss 2.6747
  batch 4100/4465 loss 2.7194
  batch 4150/4465 loss 2.7973
  batch 4200/4465 loss 2.7682
  batch 4250/4465 loss 2.7222
  batch 4300/4465 loss 3.0215
  batch 4350/4465 loss 2.9287
  batch 4400/4465 loss 2.7651
  batch 4450/4465 loss 2.8487
  batch 4465/4465 loss 2.9047
ep06/20  train 2.8375  val WAPE 0.3194  time 8.5s
  no improvement (2/4)

Starting epoch 7/20...
  batch 50/4465 loss 2.8048
  batch 100/4465 loss 2.8168
  batch 150/4465 loss 2.8192
  batch 200/4465 loss 2.7472
  batch 250/4465 loss 2.7907
  batch 300/4465 loss 2.8281
  batch 350/4465 loss 2.7393
  batch 400/4465 loss 3.0225
  batch 450/4465 loss 2.7519
  batch 500/4465 loss 2.7552
  batch 550/4465 loss 2.9001
  batch 600/4465 loss 2.6843
  batch 650/4465 loss 2.8762
  batch 700/4465 loss 2.8170
  batch 750/4465 loss 2.6565
  batch 800/4465 loss 2.7774
  batch 850/4465 loss 2.7070
  batch 900/4465 loss 2.7115
  batch 950/4465 loss 2.8130
  batch 1000/4465 loss 2.9280
  batch 1050/4465 loss 3.0583
  batch 1100/4465 loss 2.9182
  batch 1150/4465 loss 2.7372
  batch 1200/4465 loss 2.9340
  batch 1250/4465 loss 2.7269
  batch 1300/4465 loss 2.9469
  batch 1350/4465 loss 2.8338
  batch 1400/4465 loss 2.9525
  batch 1450/4465 loss 2.7459
  batch 1500/4465 loss 2.9365
  batch 1550/4465 loss 2.8996
  batch 1600/4465 loss 2.9691
  batch 1650/4465 loss 2.9902
  batch 1700/4465 loss 2.8306
  batch 1750/4465 loss 2.8470
  batch 1800/4465 loss 2.7143
  batch 1850/4465 loss 2.9020
  batch 1900/4465 loss 2.8148
  batch 1950/4465 loss 2.7795
  batch 2000/4465 loss 2.8582
  batch 2050/4465 loss 2.8605
  batch 2100/4465 loss 2.9164
  batch 2150/4465 loss 2.6251
  batch 2200/4465 loss 2.9622
  batch 2250/4465 loss 2.6982
  batch 2300/4465 loss 2.7473
  batch 2350/4465 loss 2.8236
  batch 2400/4465 loss 2.8447
  batch 2450/4465 loss 2.7530
  batch 2500/4465 loss 2.8604
  batch 2550/4465 loss 2.6687
  batch 2600/4465 loss 2.9010
  batch 2650/4465 loss 2.8017
  batch 2700/4465 loss 2.8741
  batch 2750/4465 loss 2.6994
  batch 2800/4465 loss 2.9113
  batch 2850/4465 loss 2.7494
  batch 2900/4465 loss 2.7284
  batch 2950/4465 loss 2.6897
  batch 3000/4465 loss 2.7088
  batch 3050/4465 loss 2.7651
  batch 3100/4465 loss 2.8718
  batch 3150/4465 loss 2.8952
  batch 3200/4465 loss 2.8244
  batch 3250/4465 loss 2.7109
  batch 3300/4465 loss 2.8399
  batch 3350/4465 loss 2.8239
  batch 3400/4465 loss 2.6991
  batch 3450/4465 loss 2.9064
  batch 3500/4465 loss 2.9142
  batch 3550/4465 loss 2.9108
  batch 3600/4465 loss 2.7879
  batch 3650/4465 loss 2.8665
  batch 3700/4465 loss 2.8185
  batch 3750/4465 loss 2.8248
  batch 3800/4465 loss 2.6798
  batch 3850/4465 loss 2.8991
  batch 3900/4465 loss 2.8557
  batch 3950/4465 loss 2.9073
  batch 4000/4465 loss 2.7970
  batch 4050/4465 loss 2.7693
  batch 4100/4465 loss 2.9426
  batch 4150/4465 loss 2.8538
  batch 4200/4465 loss 2.7522
  batch 4250/4465 loss 2.8101
  batch 4300/4465 loss 2.8108
  batch 4350/4465 loss 2.9734
  batch 4400/4465 loss 2.9688
  batch 4450/4465 loss 2.8843
  batch 4465/4465 loss 2.9573
ep07/20  train 2.8384  val WAPE 0.3132  time 8.5s
  no improvement (3/4)

Starting epoch 8/20...
  batch 50/4465 loss 3.0279
  batch 100/4465 loss 3.0586
  batch 150/4465 loss 2.7982
  batch 200/4465 loss 2.7575
  batch 250/4465 loss 2.7491
  batch 300/4465 loss 2.8993
  batch 350/4465 loss 2.6523
  batch 400/4465 loss 2.8358
  batch 450/4465 loss 2.8611
  batch 500/4465 loss 2.6103
  batch 550/4465 loss 2.7510
  batch 600/4465 loss 2.8793
  batch 650/4465 loss 2.7229
  batch 700/4465 loss 2.9570
  batch 750/4465 loss 2.6921
  batch 800/4465 loss 2.7718
  batch 850/4465 loss 2.8242
  batch 900/4465 loss 2.6894
  batch 950/4465 loss 2.8396
  batch 1000/4465 loss 2.6527
  batch 1050/4465 loss 2.8526
  batch 1100/4465 loss 3.0786
  batch 1150/4465 loss 2.9062
  batch 1200/4465 loss 2.7107
  batch 1250/4465 loss 2.8820
  batch 1300/4465 loss 2.7957
  batch 1350/4465 loss 2.8167
  batch 1400/4465 loss 2.7623
  batch 1450/4465 loss 2.9633
  batch 1500/4465 loss 2.8615
  batch 1550/4465 loss 2.9114
  batch 1600/4465 loss 2.9059
  batch 1650/4465 loss 2.9672
  batch 1700/4465 loss 2.7599
  batch 1750/4465 loss 2.6778
  batch 1800/4465 loss 2.9733
  batch 1850/4465 loss 2.9579
  batch 1900/4465 loss 2.8989
  batch 1950/4465 loss 2.8014
  batch 2000/4465 loss 2.9040
  batch 2050/4465 loss 2.8032
  batch 2100/4465 loss 2.9121
  batch 2150/4465 loss 2.8248
  batch 2200/4465 loss 2.9230
  batch 2250/4465 loss 2.8403
  batch 2300/4465 loss 2.7849
  batch 2350/4465 loss 2.8032
  batch 2400/4465 loss 2.8585
  batch 2450/4465 loss 2.7764
  batch 2500/4465 loss 3.0125
  batch 2550/4465 loss 2.8214
  batch 2600/4465 loss 2.9948
  batch 2650/4465 loss 2.6948
  batch 2700/4465 loss 2.7829
  batch 2750/4465 loss 2.7409
  batch 2800/4465 loss 2.8683
  batch 2850/4465 loss 2.7428
  batch 2900/4465 loss 2.9183
  batch 2950/4465 loss 2.8291
  batch 3000/4465 loss 2.8178
  batch 3050/4465 loss 2.6256
  batch 3100/4465 loss 2.8547
  batch 3150/4465 loss 2.9397
  batch 3200/4465 loss 2.9723
  batch 3250/4465 loss 2.7919
  batch 3300/4465 loss 2.8961
  batch 3350/4465 loss 2.8170
  batch 3400/4465 loss 2.9075
  batch 3450/4465 loss 2.8089
  batch 3500/4465 loss 2.8495
  batch 3550/4465 loss 2.7026
  batch 3600/4465 loss 2.7734
  batch 3650/4465 loss 2.7833
  batch 3700/4465 loss 2.8569
  batch 3750/4465 loss 2.9375
  batch 3800/4465 loss 2.7546
  batch 3850/4465 loss 2.7090
  batch 3900/4465 loss 2.7693
  batch 3950/4465 loss 2.8303
  batch 4000/4465 loss 2.7668
  batch 4050/4465 loss 2.8573
  batch 4100/4465 loss 3.0045
  batch 4150/4465 loss 2.8041
  batch 4200/4465 loss 2.8292
  batch 4250/4465 loss 2.8192
  batch 4300/4465 loss 2.7656
  batch 4350/4465 loss 2.7757
  batch 4400/4465 loss 2.9696
  batch 4450/4465 loss 2.7174
  batch 4465/4465 loss 2.6668
ep08/20  train 2.8372  val WAPE 0.3201  time 8.4s
  no improvement (4/4)
early stop
linear params: 227745

Starting epoch 1/20...
  batch 50/4465 loss 3.9141
  batch 100/4465 loss 3.7672
  batch 150/4465 loss 3.4436
  batch 200/4465 loss 3.2710
  batch 250/4465 loss 3.4218
  batch 300/4465 loss 3.3793
  batch 350/4465 loss 3.0204
  batch 400/4465 loss 3.1941
  batch 450/4465 loss 3.1271
  batch 500/4465 loss 3.0603
  batch 550/4465 loss 3.0504
  batch 600/4465 loss 2.9379
  batch 650/4465 loss 2.9574
  batch 700/4465 loss 2.8352
  batch 750/4465 loss 2.6375
  batch 800/4465 loss 2.8744
  batch 850/4465 loss 2.8599
  batch 900/4465 loss 2.7203
  batch 950/4465 loss 2.6223
  batch 1000/4465 loss 2.6193
  batch 1050/4465 loss 2.5926
  batch 1100/4465 loss 2.5929
  batch 1150/4465 loss 2.4107
  batch 1200/4465 loss 2.5038
  batch 1250/4465 loss 2.4702
  batch 1300/4465 loss 2.4473
  batch 1350/4465 loss 2.4977
  batch 1400/4465 loss 2.3550
  batch 1450/4465 loss 2.5325
  batch 1500/4465 loss 2.3779
  batch 1550/4465 loss 2.4742
  batch 1600/4465 loss 2.4289
  batch 1650/4465 loss 2.3570
  batch 1700/4465 loss 2.3322
  batch 1750/4465 loss 2.4178
  batch 1800/4465 loss 2.3291
  batch 1850/4465 loss 2.2375
  batch 1900/4465 loss 2.3366
  batch 1950/4465 loss 2.2063
  batch 2000/4465 loss 2.2677
  batch 2050/4465 loss 2.2513
  batch 2100/4465 loss 2.1722
  batch 2150/4465 loss 2.1505
  batch 2200/4465 loss 2.1729
  batch 2250/4465 loss 2.2147
  batch 2300/4465 loss 2.0488
  batch 2350/4465 loss 2.2380
  batch 2400/4465 loss 2.1300
  batch 2450/4465 loss 2.1878
  batch 2500/4465 loss 2.0900
  batch 2550/4465 loss 2.1494
  batch 2600/4465 loss 2.1482
  batch 2650/4465 loss 2.1091
  batch 2700/4465 loss 1.9111
  batch 2750/4465 loss 2.1158
  batch 2800/4465 loss 2.0659
  batch 2850/4465 loss 2.1098
  batch 2900/4465 loss 2.1443
  batch 2950/4465 loss 2.0652
  batch 3000/4465 loss 2.1182
  batch 3050/4465 loss 1.9551
  batch 3100/4465 loss 1.8860
  batch 3150/4465 loss 1.9826
  batch 3200/4465 loss 1.9442
  batch 3250/4465 loss 1.8006
  batch 3300/4465 loss 1.9772
  batch 3350/4465 loss 2.0559
  batch 3400/4465 loss 1.8562
  batch 3450/4465 loss 1.9121
  batch 3500/4465 loss 1.9389
  batch 3550/4465 loss 2.0101
  batch 3600/4465 loss 1.9594
  batch 3650/4465 loss 1.8496
  batch 3700/4465 loss 1.9583
  batch 3750/4465 loss 1.8931
  batch 3800/4465 loss 1.9339
  batch 3850/4465 loss 2.0531
  batch 3900/4465 loss 2.0165
  batch 3950/4465 loss 1.9336
  batch 4000/4465 loss 1.9584
  batch 4050/4465 loss 1.8101
  batch 4100/4465 loss 1.8931
  batch 4150/4465 loss 1.8255
  batch 4200/4465 loss 1.9323
  batch 4250/4465 loss 1.9855
  batch 4300/4465 loss 1.9160
  batch 4350/4465 loss 1.9265
  batch 4400/4465 loss 1.9230
  batch 4450/4465 loss 1.7371
  batch 4465/4465 loss 2.0125
ep01/20  train 2.3487  val WAPE 0.2209  time 49.0s
  ✓ new best WAPE: 0.2209

Starting epoch 2/20...
  batch 50/4465 loss 1.8480
  batch 100/4465 loss 1.7575
  batch 150/4465 loss 1.9561
  batch 200/4465 loss 1.7001
  batch 250/4465 loss 1.6541
  batch 300/4465 loss 1.9161
  batch 350/4465 loss 1.8337
  batch 400/4465 loss 1.7501
  batch 450/4465 loss 1.8134
  batch 500/4465 loss 1.7416
  batch 550/4465 loss 1.8480
  batch 600/4465 loss 1.6845
  batch 650/4465 loss 1.8728
  batch 700/4465 loss 1.7291
  batch 750/4465 loss 1.8049
  batch 800/4465 loss 1.8533
  batch 850/4465 loss 1.9018
  batch 900/4465 loss 1.9033
  batch 950/4465 loss 1.7026
  batch 1000/4465 loss 1.8533
  batch 1050/4465 loss 1.6882
  batch 1100/4465 loss 1.8601
  batch 1150/4465 loss 1.7017
  batch 1200/4465 loss 1.8642
  batch 1250/4465 loss 1.8016
  batch 1300/4465 loss 1.5334
  batch 1350/4465 loss 1.5573
  batch 1400/4465 loss 1.8584
  batch 1450/4465 loss 1.7577
  batch 1500/4465 loss 1.5717
  batch 1550/4465 loss 1.7747
  batch 1600/4465 loss 1.7483
  batch 1650/4465 loss 1.8244
  batch 1700/4465 loss 1.5574
  batch 1750/4465 loss 1.6625
  batch 1800/4465 loss 1.6853
  batch 1850/4465 loss 1.6262
  batch 1900/4465 loss 1.8148
  batch 1950/4465 loss 1.7691
  batch 2000/4465 loss 1.6896
  batch 2050/4465 loss 1.7096
  batch 2100/4465 loss 1.6024
  batch 2150/4465 loss 1.6361
  batch 2200/4465 loss 1.5732
  batch 2250/4465 loss 1.8546
  batch 2300/4465 loss 1.6681
  batch 2350/4465 loss 1.6424
  batch 2400/4465 loss 1.5320
  batch 2450/4465 loss 1.5675
  batch 2500/4465 loss 1.6005
  batch 2550/4465 loss 1.6070
  batch 2600/4465 loss 1.5309
  batch 2650/4465 loss 1.6896
  batch 2700/4465 loss 1.7585
  batch 2750/4465 loss 1.6549
  batch 2800/4465 loss 1.6607
  batch 2850/4465 loss 1.6915
  batch 2900/4465 loss 1.7537
  batch 2950/4465 loss 1.6525
  batch 3000/4465 loss 1.4752
  batch 3050/4465 loss 1.5891
  batch 3100/4465 loss 1.6222
  batch 3150/4465 loss 1.6250
  batch 3200/4465 loss 1.7130
  batch 3250/4465 loss 1.6004
  batch 3300/4465 loss 1.5857
  batch 3350/4465 loss 1.5791
  batch 3400/4465 loss 1.7031
  batch 3450/4465 loss 1.6194
  batch 3500/4465 loss 1.7802
  batch 3550/4465 loss 1.7794
  batch 3600/4465 loss 1.6292
  batch 3650/4465 loss 1.6396
  batch 3700/4465 loss 1.7219
  batch 3750/4465 loss 1.7484
  batch 3800/4465 loss 1.6776
  batch 3850/4465 loss 1.6303
  batch 3900/4465 loss 1.7477
  batch 3950/4465 loss 1.6962
  batch 4000/4465 loss 1.5716
  batch 4050/4465 loss 1.7254
  batch 4100/4465 loss 1.6427
  batch 4150/4465 loss 1.7399
  batch 4200/4465 loss 1.5927
  batch 4250/4465 loss 1.7083
  batch 4300/4465 loss 1.7009
  batch 4350/4465 loss 1.4974
  batch 4400/4465 loss 1.7499
  batch 4450/4465 loss 1.5113
  batch 4465/4465 loss 1.6510
ep02/20  train 1.7016  val WAPE 0.1964  time 47.6s
  ✓ new best WAPE: 0.1964

Starting epoch 3/20...
  batch 50/4465 loss 1.5856
  batch 100/4465 loss 1.5918
  batch 150/4465 loss 1.7304
  batch 200/4465 loss 1.6345
  batch 250/4465 loss 1.5493
  batch 300/4465 loss 1.6061
  batch 350/4465 loss 1.7591
  batch 400/4465 loss 1.5343
  batch 450/4465 loss 1.7165
  batch 500/4465 loss 1.5999
  batch 550/4465 loss 1.7416
  batch 600/4465 loss 1.6228
  batch 650/4465 loss 1.7062
  batch 700/4465 loss 1.6395
  batch 750/4465 loss 1.5680
  batch 800/4465 loss 1.6145
  batch 850/4465 loss 1.5866
  batch 900/4465 loss 1.6241
  batch 950/4465 loss 1.7714
  batch 1000/4465 loss 1.5494
  batch 1050/4465 loss 1.4894
  batch 1100/4465 loss 1.6321
  batch 1150/4465 loss 1.5310
  batch 1200/4465 loss 1.5250
  batch 1250/4465 loss 1.6202
  batch 1300/4465 loss 1.7607
  batch 1350/4465 loss 1.5692
  batch 1400/4465 loss 1.6217
  batch 1450/4465 loss 1.6660
  batch 1500/4465 loss 1.6106
  batch 1550/4465 loss 1.5940
  batch 1600/4465 loss 1.5735
  batch 1650/4465 loss 1.6697
  batch 1700/4465 loss 1.6201
  batch 1750/4465 loss 1.5480
  batch 1800/4465 loss 1.5746
  batch 1850/4465 loss 1.7953
  batch 1900/4465 loss 1.6365
  batch 1950/4465 loss 1.5145
  batch 2000/4465 loss 1.5785
  batch 2050/4465 loss 1.7256
  batch 2100/4465 loss 1.4690
  batch 2150/4465 loss 1.6272
  batch 2200/4465 loss 1.6613
  batch 2250/4465 loss 1.6055
  batch 2300/4465 loss 1.6277
  batch 2350/4465 loss 1.7621
  batch 2400/4465 loss 1.5486
  batch 2450/4465 loss 1.6414
  batch 2500/4465 loss 1.4701
  batch 2550/4465 loss 1.7133
  batch 2600/4465 loss 1.5958
  batch 2650/4465 loss 1.8467
  batch 2700/4465 loss 1.6126
  batch 2750/4465 loss 1.6538
  batch 2800/4465 loss 1.7595
  batch 2850/4465 loss 1.5502
  batch 2900/4465 loss 1.6086
  batch 2950/4465 loss 1.6855
  batch 3000/4465 loss 1.5595
  batch 3050/4465 loss 1.5071
  batch 3100/4465 loss 1.7366
  batch 3150/4465 loss 1.6543
  batch 3200/4465 loss 1.5601
  batch 3250/4465 loss 1.6294
  batch 3300/4465 loss 1.7216
  batch 3350/4465 loss 1.5055
  batch 3400/4465 loss 1.4654
  batch 3450/4465 loss 1.7288
  batch 3500/4465 loss 1.5918
  batch 3550/4465 loss 1.6120
  batch 3600/4465 loss 1.5811
  batch 3650/4465 loss 1.5600
  batch 3700/4465 loss 1.6499
  batch 3750/4465 loss 1.5403
  batch 3800/4465 loss 1.6328
  batch 3850/4465 loss 1.6446
  batch 3900/4465 loss 1.5491
  batch 3950/4465 loss 1.4789
  batch 4000/4465 loss 1.7040
  batch 4050/4465 loss 1.7328
  batch 4100/4465 loss 1.6082
  batch 4150/4465 loss 1.6552
  batch 4200/4465 loss 1.5788
  batch 4250/4465 loss 1.7130
  batch 4300/4465 loss 1.6372
  batch 4350/4465 loss 1.5802
  batch 4400/4465 loss 1.7128
  batch 4450/4465 loss 1.4510
  batch 4465/4465 loss 1.6834
ep03/20  train 1.6252  val WAPE 0.1933  time 51.5s
  ✓ new best WAPE: 0.1933

Starting epoch 4/20...
  batch 50/4465 loss 1.7709
  batch 100/4465 loss 1.5246
  batch 150/4465 loss 1.5352
  batch 200/4465 loss 1.5917
  batch 250/4465 loss 1.5494
  batch 300/4465 loss 1.6030
  batch 350/4465 loss 1.4568
  batch 400/4465 loss 1.6592
  batch 450/4465 loss 1.8650
  batch 500/4465 loss 1.6990
  batch 550/4465 loss 1.6847
  batch 600/4465 loss 1.6010
  batch 650/4465 loss 1.6669
  batch 700/4465 loss 1.5873
  batch 750/4465 loss 1.5317
  batch 800/4465 loss 1.7255
  batch 850/4465 loss 1.7458
  batch 900/4465 loss 1.4824
  batch 950/4465 loss 1.4889
  batch 1000/4465 loss 1.7171
  batch 1050/4465 loss 1.7695
  batch 1100/4465 loss 1.6751
  batch 1150/4465 loss 1.5303
  batch 1200/4465 loss 1.5687
  batch 1250/4465 loss 1.7367
  batch 1300/4465 loss 1.7449
  batch 1350/4465 loss 1.5037
  batch 1400/4465 loss 1.6358
  batch 1450/4465 loss 1.6532
  batch 1500/4465 loss 1.7121
  batch 1550/4465 loss 1.7186
  batch 1600/4465 loss 1.5092
  batch 1650/4465 loss 1.6338
  batch 1700/4465 loss 1.7763
  batch 1750/4465 loss 1.6883
  batch 1800/4465 loss 1.3669
  batch 1850/4465 loss 1.6584
  batch 1900/4465 loss 1.7333
  batch 1950/4465 loss 1.6010
  batch 2000/4465 loss 1.5654
  batch 2050/4465 loss 1.6322
  batch 2100/4465 loss 1.6121
  batch 2150/4465 loss 1.7200
  batch 2200/4465 loss 1.7086
  batch 2250/4465 loss 1.7153
  batch 2300/4465 loss 1.7597
  batch 2350/4465 loss 1.5970
  batch 2400/4465 loss 1.6930
  batch 2450/4465 loss 1.6482
  batch 2500/4465 loss 1.6940
  batch 2550/4465 loss 1.5405
  batch 2600/4465 loss 1.6532
  batch 2650/4465 loss 1.6346
  batch 2700/4465 loss 1.5344
  batch 2750/4465 loss 1.4696
  batch 2800/4465 loss 1.5714
  batch 2850/4465 loss 1.6190
  batch 2900/4465 loss 1.5350
  batch 2950/4465 loss 1.6740
  batch 3000/4465 loss 1.4961
  batch 3050/4465 loss 1.6022
  batch 3100/4465 loss 1.6922
  batch 3150/4465 loss 1.8093
  batch 3200/4465 loss 1.5781
  batch 3250/4465 loss 1.6345
  batch 3300/4465 loss 1.5546
  batch 3350/4465 loss 1.7198
  batch 3400/4465 loss 1.6979
  batch 3450/4465 loss 1.7224
  batch 3500/4465 loss 1.5346
  batch 3550/4465 loss 1.6468
  batch 3600/4465 loss 1.4951
  batch 3650/4465 loss 1.6186
  batch 3700/4465 loss 1.5803
  batch 3750/4465 loss 1.4769
  batch 3800/4465 loss 1.7218
  batch 3850/4465 loss 1.6577
  batch 3900/4465 loss 1.6313
  batch 3950/4465 loss 1.5672
  batch 4000/4465 loss 1.5867
  batch 4050/4465 loss 1.5473
  batch 4100/4465 loss 1.6154
  batch 4150/4465 loss 1.7292
  batch 4200/4465 loss 1.5102
  batch 4250/4465 loss 1.8280
  batch 4300/4465 loss 1.5191
  batch 4350/4465 loss 1.6200
  batch 4400/4465 loss 1.7444
  batch 4450/4465 loss 1.7787
  batch 4465/4465 loss 1.7697
ep04/20  train 1.6229  val WAPE 0.1973  time 51.7s
  no improvement (1/4)

Starting epoch 5/20...
  batch 50/4465 loss 1.7087
  batch 100/4465 loss 1.7086
  batch 150/4465 loss 1.6471
  batch 200/4465 loss 1.4564
  batch 250/4465 loss 1.6615
  batch 300/4465 loss 1.6405
  batch 350/4465 loss 1.7680
  batch 400/4465 loss 1.5248
  batch 450/4465 loss 1.6299
  batch 500/4465 loss 1.5900
  batch 550/4465 loss 1.6860
  batch 600/4465 loss 1.6213
  batch 650/4465 loss 1.6540
  batch 700/4465 loss 1.5030
  batch 750/4465 loss 1.5708
  batch 800/4465 loss 1.6206
  batch 850/4465 loss 1.6880
  batch 900/4465 loss 1.5561
  batch 950/4465 loss 1.6415
  batch 1000/4465 loss 1.7511
  batch 1050/4465 loss 1.4914
  batch 1100/4465 loss 1.6437
  batch 1150/4465 loss 1.6930
  batch 1200/4465 loss 1.4725
  batch 1250/4465 loss 1.5885
  batch 1300/4465 loss 1.5982
  batch 1350/4465 loss 1.6328
  batch 1400/4465 loss 1.6496
  batch 1450/4465 loss 1.7993
  batch 1500/4465 loss 1.5401
  batch 1550/4465 loss 1.7505
  batch 1600/4465 loss 1.4712
  batch 1650/4465 loss 1.6923
  batch 1700/4465 loss 1.5557
  batch 1750/4465 loss 1.4426
  batch 1800/4465 loss 1.7130
  batch 1850/4465 loss 1.5875
  batch 1900/4465 loss 1.7720
  batch 1950/4465 loss 1.7063
  batch 2000/4465 loss 1.6311
  batch 2050/4465 loss 1.6355
  batch 2100/4465 loss 1.5698
  batch 2150/4465 loss 1.6283
  batch 2200/4465 loss 1.6584
  batch 2250/4465 loss 1.6168
  batch 2300/4465 loss 1.5641
  batch 2350/4465 loss 1.6225
  batch 2400/4465 loss 1.6278
  batch 2450/4465 loss 1.6008
  batch 2500/4465 loss 1.5881
  batch 2550/4465 loss 1.5827
  batch 2600/4465 loss 1.6082
  batch 2650/4465 loss 1.4958
  batch 2700/4465 loss 1.7159
  batch 2750/4465 loss 1.5502
  batch 2800/4465 loss 1.6250
  batch 2850/4465 loss 1.6576
  batch 2900/4465 loss 1.5805
  batch 2950/4465 loss 1.5188
  batch 3000/4465 loss 1.6427
  batch 3050/4465 loss 1.7289
  batch 3100/4465 loss 1.6598
  batch 3150/4465 loss 1.5405
  batch 3200/4465 loss 1.5920
  batch 3250/4465 loss 1.6009
  batch 3300/4465 loss 1.6392
  batch 3350/4465 loss 1.6449
  batch 3400/4465 loss 1.6097
  batch 3450/4465 loss 1.6472
  batch 3500/4465 loss 1.8536
  batch 3550/4465 loss 1.6544
  batch 3600/4465 loss 1.5718
  batch 3650/4465 loss 1.7328
  batch 3700/4465 loss 1.5785
  batch 3750/4465 loss 1.5294
  batch 3800/4465 loss 1.5975
  batch 3850/4465 loss 1.6485
  batch 3900/4465 loss 1.5243
  batch 3950/4465 loss 1.6547
  batch 4000/4465 loss 1.5904
  batch 4050/4465 loss 1.6572
  batch 4100/4465 loss 1.7168
  batch 4150/4465 loss 1.7123
  batch 4200/4465 loss 1.5867
  batch 4250/4465 loss 1.5192
  batch 4300/4465 loss 1.6022
  batch 4350/4465 loss 1.7372
  batch 4400/4465 loss 1.7080
  batch 4450/4465 loss 1.5555
  batch 4465/4465 loss 1.5529
ep05/20  train 1.6252  val WAPE 0.2018  time 51.7s
  no improvement (2/4)

Starting epoch 6/20...
  batch 50/4465 loss 1.6630
  batch 100/4465 loss 1.5915
  batch 150/4465 loss 1.5367
  batch 200/4465 loss 1.5962
  batch 250/4465 loss 1.5250
  batch 300/4465 loss 1.6810
  batch 350/4465 loss 1.6188
  batch 400/4465 loss 1.5590
  batch 450/4465 loss 1.7769
  batch 500/4465 loss 1.5514
  batch 550/4465 loss 1.7441
  batch 600/4465 loss 1.7676
  batch 650/4465 loss 1.4577
  batch 700/4465 loss 1.7203
  batch 750/4465 loss 1.5953
  batch 800/4465 loss 1.6217
  batch 850/4465 loss 1.5885
  batch 900/4465 loss 1.6776
  batch 950/4465 loss 1.6268
  batch 1000/4465 loss 1.6677
  batch 1050/4465 loss 1.7379
  batch 1100/4465 loss 1.5281
  batch 1150/4465 loss 1.6496
  batch 1200/4465 loss 1.5363
  batch 1250/4465 loss 1.7109
  batch 1300/4465 loss 1.5852
  batch 1350/4465 loss 1.6053
  batch 1400/4465 loss 1.7257
  batch 1450/4465 loss 1.7035
  batch 1500/4465 loss 1.6346
  batch 1550/4465 loss 1.6951
  batch 1600/4465 loss 1.6221
  batch 1650/4465 loss 1.6397
  batch 1700/4465 loss 1.6579
  batch 1750/4465 loss 1.7873
  batch 1800/4465 loss 1.5316
  batch 1850/4465 loss 1.6876
  batch 1900/4465 loss 1.6012
  batch 1950/4465 loss 1.6530
  batch 2000/4465 loss 1.5596
  batch 2050/4465 loss 1.7654
  batch 2100/4465 loss 1.7234
  batch 2150/4465 loss 1.5707
  batch 2200/4465 loss 1.5761
  batch 2250/4465 loss 1.6379
  batch 2300/4465 loss 1.5805
  batch 2350/4465 loss 1.6900
  batch 2400/4465 loss 1.7511
  batch 2450/4465 loss 1.5474
  batch 2500/4465 loss 1.4807
  batch 2550/4465 loss 1.6329
  batch 2600/4465 loss 1.5914
  batch 2650/4465 loss 1.5632
  batch 2700/4465 loss 1.6430
  batch 2750/4465 loss 1.6204
  batch 2800/4465 loss 1.5468
  batch 2850/4465 loss 1.6191
  batch 2900/4465 loss 1.5862
  batch 2950/4465 loss 1.6300
  batch 3000/4465 loss 1.5589
  batch 3050/4465 loss 1.7386
  batch 3100/4465 loss 1.5930
  batch 3150/4465 loss 1.6756
  batch 3200/4465 loss 1.6357
  batch 3250/4465 loss 1.5171
  batch 3300/4465 loss 1.6129
  batch 3350/4465 loss 1.6825
  batch 3400/4465 loss 1.4863
  batch 3450/4465 loss 1.5770
  batch 3500/4465 loss 1.5841
  batch 3550/4465 loss 1.7278
  batch 3600/4465 loss 1.7817
  batch 3650/4465 loss 1.5965
  batch 3700/4465 loss 1.5476
  batch 3750/4465 loss 1.6961
  batch 3800/4465 loss 1.5147
  batch 3850/4465 loss 1.7852
  batch 3900/4465 loss 1.5492
  batch 3950/4465 loss 1.5853
  batch 4000/4465 loss 1.5375
  batch 4050/4465 loss 1.7488
  batch 4100/4465 loss 1.5706
  batch 4150/4465 loss 1.5873
  batch 4200/4465 loss 1.5636
  batch 4250/4465 loss 1.5882
  batch 4300/4465 loss 1.5943
  batch 4350/4465 loss 1.6422
  batch 4400/4465 loss 1.7079
  batch 4450/4465 loss 1.6468
  batch 4465/4465 loss 1.6928
ep06/20  train 1.6236  val WAPE 0.1964  time 49.7s
  no improvement (3/4)

Starting epoch 7/20...
  batch 50/4465 loss 1.7583
  batch 100/4465 loss 1.4932
  batch 150/4465 loss 1.6559
  batch 200/4465 loss 1.4599
  batch 250/4465 loss 1.6993
  batch 300/4465 loss 1.5240
  batch 350/4465 loss 1.7099
  batch 400/4465 loss 1.5911
  batch 450/4465 loss 1.6018
  batch 500/4465 loss 1.5476
  batch 550/4465 loss 1.5679
  batch 600/4465 loss 1.7116
  batch 650/4465 loss 1.5785
  batch 700/4465 loss 1.6737
  batch 750/4465 loss 1.6904
  batch 800/4465 loss 1.6144
  batch 850/4465 loss 1.5553
  batch 900/4465 loss 1.5440
  batch 950/4465 loss 1.5685
  batch 1000/4465 loss 1.5123
  batch 1050/4465 loss 1.5954
  batch 1100/4465 loss 1.5680
  batch 1150/4465 loss 1.3903
  batch 1200/4465 loss 1.5598
  batch 1250/4465 loss 1.5783
  batch 1300/4465 loss 1.6051
  batch 1350/4465 loss 1.7196
  batch 1400/4465 loss 1.6687
  batch 1450/4465 loss 1.7277
  batch 1500/4465 loss 1.6567
  batch 1550/4465 loss 1.7007
  batch 1600/4465 loss 1.7682
  batch 1650/4465 loss 1.6952
  batch 1700/4465 loss 1.6402
  batch 1750/4465 loss 1.7432
  batch 1800/4465 loss 1.5477
  batch 1850/4465 loss 1.5551
  batch 1900/4465 loss 1.6639
  batch 1950/4465 loss 1.5886
  batch 2000/4465 loss 1.5306
  batch 2050/4465 loss 1.7528
  batch 2100/4465 loss 1.5407
  batch 2150/4465 loss 1.6759
  batch 2200/4465 loss 1.7173
  batch 2250/4465 loss 1.5301
  batch 2300/4465 loss 1.4910
  batch 2350/4465 loss 1.6740
  batch 2400/4465 loss 1.7336
  batch 2450/4465 loss 1.6573
  batch 2500/4465 loss 1.7779
  batch 2550/4465 loss 1.5314
  batch 2600/4465 loss 1.6799
  batch 2650/4465 loss 1.6216
  batch 2700/4465 loss 1.5197
  batch 2750/4465 loss 1.5169
  batch 2800/4465 loss 1.5840
  batch 2850/4465 loss 1.6526
  batch 2900/4465 loss 1.5655
  batch 2950/4465 loss 1.5770
  batch 3000/4465 loss 1.6630
  batch 3050/4465 loss 1.5410
  batch 3100/4465 loss 1.4936
  batch 3150/4465 loss 1.6478
  batch 3200/4465 loss 1.7598
  batch 3250/4465 loss 1.4907
  batch 3300/4465 loss 1.7335
  batch 3350/4465 loss 1.6244
  batch 3400/4465 loss 1.5921
  batch 3450/4465 loss 1.6575
  batch 3500/4465 loss 1.7311
  batch 3550/4465 loss 1.6041
  batch 3600/4465 loss 1.6020
  batch 3650/4465 loss 1.6941
  batch 3700/4465 loss 1.7310
  batch 3750/4465 loss 1.5886
  batch 3800/4465 loss 1.5077
  batch 3850/4465 loss 1.5602
  batch 3900/4465 loss 1.6533
  batch 3950/4465 loss 1.4363
  batch 4000/4465 loss 1.6558
  batch 4050/4465 loss 1.5462
  batch 4100/4465 loss 1.6121
  batch 4150/4465 loss 1.6804
  batch 4200/4465 loss 1.5364
  batch 4250/4465 loss 1.6027
  batch 4300/4465 loss 1.6228
  batch 4350/4465 loss 1.6329
  batch 4400/4465 loss 1.8155
  batch 4450/4465 loss 1.6200
  batch 4465/4465 loss 1.5872
ep07/20  train 1.6200  val WAPE 0.1940  time 51.5s
  no improvement (4/4)
early stop
linear params: 228449

Starting epoch 1/20...
  batch 50/4465 loss 3.8781
  batch 100/4465 loss 3.9595
  batch 150/4465 loss 3.6138
  batch 200/4465 loss 3.5013
  batch 250/4465 loss 3.2941
  batch 300/4465 loss 3.1803
  batch 350/4465 loss 3.2241
  batch 400/4465 loss 2.9948
  batch 450/4465 loss 2.9752
  batch 500/4465 loss 3.0910
  batch 550/4465 loss 2.8480
  batch 600/4465 loss 2.6329
  batch 650/4465 loss 2.9899
  batch 700/4465 loss 2.8008
  batch 750/4465 loss 2.8331
  batch 800/4465 loss 2.8146
  batch 850/4465 loss 2.6061
  batch 900/4465 loss 2.5748
  batch 950/4465 loss 2.5644
  batch 1000/4465 loss 2.4793
  batch 1050/4465 loss 2.6115
  batch 1100/4465 loss 2.3676
  batch 1150/4465 loss 2.5665
  batch 1200/4465 loss 2.4674
  batch 1250/4465 loss 2.5087
  batch 1300/4465 loss 2.4833
  batch 1350/4465 loss 2.5699
  batch 1400/4465 loss 2.4266
  batch 1450/4465 loss 2.5520
  batch 1500/4465 loss 2.3492
  batch 1550/4465 loss 2.4347
  batch 1600/4465 loss 2.2779
  batch 1650/4465 loss 2.3089
  batch 1700/4465 loss 2.2741
  batch 1750/4465 loss 2.3392
  batch 1800/4465 loss 2.2624
  batch 1850/4465 loss 2.2683
  batch 1900/4465 loss 2.2234
  batch 1950/4465 loss 2.2257
  batch 2000/4465 loss 2.3311
  batch 2050/4465 loss 2.2442
  batch 2100/4465 loss 2.1872
  batch 2150/4465 loss 2.3796
  batch 2200/4465 loss 2.1287
  batch 2250/4465 loss 2.2393
  batch 2300/4465 loss 2.1381
  batch 2350/4465 loss 2.1143
  batch 2400/4465 loss 2.2386
  batch 2450/4465 loss 2.2241
  batch 2500/4465 loss 2.0434
  batch 2550/4465 loss 2.0513
  batch 2600/4465 loss 2.0955
  batch 2650/4465 loss 2.1393
  batch 2700/4465 loss 1.9990
  batch 2750/4465 loss 2.0898
  batch 2800/4465 loss 2.1469
  batch 2850/4465 loss 2.1685
  batch 2900/4465 loss 1.9611
  batch 2950/4465 loss 2.0838
  batch 3000/4465 loss 2.0073
  batch 3050/4465 loss 2.0991
  batch 3100/4465 loss 2.0307
  batch 3150/4465 loss 1.9701
  batch 3200/4465 loss 1.9882
  batch 3250/4465 loss 2.0849
  batch 3300/4465 loss 2.0707
  batch 3350/4465 loss 1.9516
  batch 3400/4465 loss 1.9391
  batch 3450/4465 loss 1.9541
  batch 3500/4465 loss 1.9558
  batch 3550/4465 loss 2.0312
  batch 3600/4465 loss 1.9812
  batch 3650/4465 loss 1.8586
  batch 3700/4465 loss 1.7782
  batch 3750/4465 loss 1.9400
  batch 3800/4465 loss 1.9290
  batch 3850/4465 loss 1.9682
  batch 3900/4465 loss 1.8910
  batch 3950/4465 loss 1.6388
  batch 4000/4465 loss 1.8071
  batch 4050/4465 loss 1.8585
  batch 4100/4465 loss 1.8197
  batch 4150/4465 loss 1.9638
  batch 4200/4465 loss 1.8714
  batch 4250/4465 loss 1.9629
  batch 4300/4465 loss 1.8777
  batch 4350/4465 loss 1.9072
  batch 4400/4465 loss 1.7731
  batch 4450/4465 loss 1.9882
  batch 4465/4465 loss 1.7939
ep01/20  train 2.3510  val WAPE 0.2210  time 52.3s
  ✓ new best WAPE: 0.2210

Starting epoch 2/20...
  batch 50/4465 loss 1.8127
  batch 100/4465 loss 1.8450
  batch 150/4465 loss 1.8249
  batch 200/4465 loss 1.8663
  batch 250/4465 loss 1.7690
  batch 300/4465 loss 1.6751
  batch 350/4465 loss 1.8646
  batch 400/4465 loss 1.7034
  batch 450/4465 loss 1.7569
  batch 500/4465 loss 1.7465
  batch 550/4465 loss 1.8889
  batch 600/4465 loss 1.8936
  batch 650/4465 loss 1.7592
  batch 700/4465 loss 1.7792
  batch 750/4465 loss 1.7648
  batch 800/4465 loss 1.7355
  batch 850/4465 loss 1.8580
  batch 900/4465 loss 1.6895
  batch 950/4465 loss 1.7802
  batch 1000/4465 loss 1.8142
  batch 1050/4465 loss 1.5479
  batch 1100/4465 loss 1.7201
  batch 1150/4465 loss 1.7345
  batch 1200/4465 loss 1.7369
  batch 1250/4465 loss 1.6274
  batch 1300/4465 loss 1.6528
  batch 1350/4465 loss 1.6222
  batch 1400/4465 loss 1.7622
  batch 1450/4465 loss 1.5865
  batch 1500/4465 loss 1.7994
  batch 1550/4465 loss 1.7726
  batch 1600/4465 loss 1.7747
  batch 1650/4465 loss 1.8333
  batch 1700/4465 loss 1.8052
  batch 1750/4465 loss 1.7150
  batch 1800/4465 loss 1.6163
  batch 1850/4465 loss 1.6967
  batch 1900/4465 loss 1.7723
  batch 1950/4465 loss 1.7673
  batch 2000/4465 loss 1.5916
  batch 2050/4465 loss 1.6206
  batch 2100/4465 loss 1.6399
  batch 2150/4465 loss 1.7473
  batch 2200/4465 loss 1.6854
  batch 2250/4465 loss 1.7308
  batch 2300/4465 loss 1.7875
  batch 2350/4465 loss 1.5421
  batch 2400/4465 loss 1.5402
  batch 2450/4465 loss 1.5550
  batch 2500/4465 loss 1.6323
  batch 2550/4465 loss 1.7057
  batch 2600/4465 loss 1.6105
  batch 2650/4465 loss 1.6565
  batch 2700/4465 loss 1.7022
  batch 2750/4465 loss 1.6729
  batch 2800/4465 loss 1.9199
  batch 2850/4465 loss 1.5383
  batch 2900/4465 loss 1.7485
  batch 2950/4465 loss 1.6625
  batch 3000/4465 loss 1.5930
  batch 3050/4465 loss 1.5256
  batch 3100/4465 loss 1.7590
  batch 3150/4465 loss 1.5342
  batch 3200/4465 loss 1.7929
  batch 3250/4465 loss 1.6239
  batch 3300/4465 loss 1.6207
  batch 3350/4465 loss 1.5126
  batch 3400/4465 loss 1.6310
  batch 3450/4465 loss 1.6142
  batch 3500/4465 loss 1.7083
  batch 3550/4465 loss 1.7058
  batch 3600/4465 loss 1.7127
  batch 3650/4465 loss 1.6230
  batch 3700/4465 loss 1.7694
  batch 3750/4465 loss 1.5524
  batch 3800/4465 loss 1.8433
  batch 3850/4465 loss 1.6268
  batch 3900/4465 loss 1.6847
  batch 3950/4465 loss 1.4721
  batch 4000/4465 loss 1.6711
  batch 4050/4465 loss 1.8034
  batch 4100/4465 loss 1.6348
  batch 4150/4465 loss 1.6580
  batch 4200/4465 loss 1.6667
  batch 4250/4465 loss 1.5586
  batch 4300/4465 loss 1.5503
  batch 4350/4465 loss 1.4655
  batch 4400/4465 loss 1.5839
  batch 4450/4465 loss 1.7431
  batch 4465/4465 loss 1.5861
ep02/20  train 1.6991  val WAPE 0.1975  time 54.3s
  ✓ new best WAPE: 0.1975

Starting epoch 3/20...
  batch 50/4465 loss 1.4999
  batch 100/4465 loss 1.5197
  batch 150/4465 loss 1.7695
  batch 200/4465 loss 1.7070
  batch 250/4465 loss 1.6189
  batch 300/4465 loss 1.6346
  batch 350/4465 loss 1.8652
  batch 400/4465 loss 1.5742
  batch 450/4465 loss 1.6516
  batch 500/4465 loss 1.6820
  batch 550/4465 loss 1.6010
  batch 600/4465 loss 1.4838
  batch 650/4465 loss 1.6173
  batch 700/4465 loss 1.6025
  batch 750/4465 loss 1.7692
  batch 800/4465 loss 1.5878
  batch 850/4465 loss 1.5680
  batch 900/4465 loss 1.7508
  batch 950/4465 loss 1.5498
  batch 1000/4465 loss 1.7377
  batch 1050/4465 loss 1.5257
  batch 1100/4465 loss 1.4981
  batch 1150/4465 loss 1.7255
  batch 1200/4465 loss 1.5744
  batch 1250/4465 loss 1.7174
  batch 1300/4465 loss 1.7098
  batch 1350/4465 loss 1.5656
  batch 1400/4465 loss 1.6885
  batch 1450/4465 loss 1.5645
  batch 1500/4465 loss 1.7105
  batch 1550/4465 loss 1.6086
  batch 1600/4465 loss 1.7206
  batch 1650/4465 loss 1.4410
  batch 1700/4465 loss 1.5204
  batch 1750/4465 loss 1.5876
  batch 1800/4465 loss 1.5381
  batch 1850/4465 loss 1.6119
  batch 1900/4465 loss 1.6147
  batch 1950/4465 loss 1.7810
  batch 2000/4465 loss 1.6930
  batch 2050/4465 loss 1.5634
  batch 2100/4465 loss 1.5517
  batch 2150/4465 loss 1.5074
  batch 2200/4465 loss 1.6581
  batch 2250/4465 loss 1.6117
  batch 2300/4465 loss 1.5711
  batch 2350/4465 loss 1.6802
  batch 2400/4465 loss 1.4968
  batch 2450/4465 loss 1.6532
  batch 2500/4465 loss 1.5393
  batch 2550/4465 loss 1.5688
  batch 2600/4465 loss 1.6034
  batch 2650/4465 loss 1.6676
  batch 2700/4465 loss 1.6072
  batch 2750/4465 loss 1.4819
  batch 2800/4465 loss 1.5475
  batch 2850/4465 loss 1.5217
  batch 2900/4465 loss 1.5614
  batch 2950/4465 loss 1.6384
  batch 3000/4465 loss 1.5474
  batch 3050/4465 loss 1.6645
  batch 3100/4465 loss 1.5970
  batch 3150/4465 loss 1.3734
  batch 3200/4465 loss 1.5838
  batch 3250/4465 loss 1.6641
  batch 3300/4465 loss 1.5499
  batch 3350/4465 loss 1.7078
  batch 3400/4465 loss 1.5979
  batch 3450/4465 loss 1.8501
  batch 3500/4465 loss 1.6816
  batch 3550/4465 loss 1.7051
  batch 3600/4465 loss 1.5395
  batch 3650/4465 loss 1.7597
  batch 3700/4465 loss 1.6216
  batch 3750/4465 loss 1.5849
  batch 3800/4465 loss 1.6157
  batch 3850/4465 loss 1.5842
  batch 3900/4465 loss 1.5529
  batch 3950/4465 loss 1.7047
  batch 4000/4465 loss 1.5547
  batch 4050/4465 loss 1.5841
  batch 4100/4465 loss 1.6001
  batch 4150/4465 loss 1.7903
  batch 4200/4465 loss 1.6432
  batch 4250/4465 loss 1.7008
  batch 4300/4465 loss 1.6281
  batch 4350/4465 loss 1.6615
  batch 4400/4465 loss 1.5901
  batch 4450/4465 loss 1.6576
  batch 4465/4465 loss 1.6021
ep03/20  train 1.6112  val WAPE 0.2009  time 55.3s
  no improvement (1/4)

Starting epoch 4/20...
  batch 50/4465 loss 1.5910
  batch 100/4465 loss 1.7287
  batch 150/4465 loss 1.6120
  batch 200/4465 loss 1.5679
  batch 250/4465 loss 1.7520
  batch 300/4465 loss 1.5068
  batch 350/4465 loss 1.5000
  batch 400/4465 loss 1.5783
  batch 450/4465 loss 1.5181
  batch 500/4465 loss 1.6036
  batch 550/4465 loss 1.6224
  batch 600/4465 loss 1.5640
  batch 650/4465 loss 1.5288
  batch 700/4465 loss 1.5333
  batch 750/4465 loss 1.6317
  batch 800/4465 loss 1.6457
  batch 850/4465 loss 1.6097
  batch 900/4465 loss 1.5593
  batch 950/4465 loss 1.6038
  batch 1000/4465 loss 1.5934
  batch 1050/4465 loss 1.7208
  batch 1100/4465 loss 1.6551
  batch 1150/4465 loss 1.6465
  batch 1200/4465 loss 1.5676
  batch 1250/4465 loss 1.5195
  batch 1300/4465 loss 1.5019
  batch 1350/4465 loss 1.5390
  batch 1400/4465 loss 1.8539
  batch 1450/4465 loss 1.7311
  batch 1500/4465 loss 1.6855
  batch 1550/4465 loss 1.5169
  batch 1600/4465 loss 1.6397
  batch 1650/4465 loss 1.7279
  batch 1700/4465 loss 1.6103
  batch 1750/4465 loss 1.6696
  batch 1800/4465 loss 1.5887
  batch 1850/4465 loss 1.5821
  batch 1900/4465 loss 1.5593
  batch 1950/4465 loss 1.5832
  batch 2000/4465 loss 1.5924
  batch 2050/4465 loss 1.7466
  batch 2100/4465 loss 1.5150
  batch 2150/4465 loss 1.6849
  batch 2200/4465 loss 1.6902
  batch 2250/4465 loss 1.5444
  batch 2300/4465 loss 1.6685
  batch 2350/4465 loss 1.6456
  batch 2400/4465 loss 1.6751
  batch 2450/4465 loss 1.6117
  batch 2500/4465 loss 1.5232
  batch 2550/4465 loss 1.5435
  batch 2600/4465 loss 1.4744
  batch 2650/4465 loss 1.6617
  batch 2700/4465 loss 1.5840
  batch 2750/4465 loss 1.4442
  batch 2800/4465 loss 1.5557
  batch 2850/4465 loss 1.6176
  batch 2900/4465 loss 1.6283
  batch 2950/4465 loss 1.5446
  batch 3000/4465 loss 1.6528
  batch 3050/4465 loss 1.7314
  batch 3100/4465 loss 1.6756
  batch 3150/4465 loss 1.5682
  batch 3200/4465 loss 1.7065
  batch 3250/4465 loss 1.6130
  batch 3300/4465 loss 1.6606
  batch 3350/4465 loss 1.7134
  batch 3400/4465 loss 1.5174
  batch 3450/4465 loss 1.4724
  batch 3500/4465 loss 1.5483
  batch 3550/4465 loss 1.7373
  batch 3600/4465 loss 1.7116
  batch 3650/4465 loss 1.6369
  batch 3700/4465 loss 1.5058
  batch 3750/4465 loss 1.4957
  batch 3800/4465 loss 1.5100
  batch 3850/4465 loss 1.5146
  batch 3900/4465 loss 1.5610
  batch 3950/4465 loss 1.4384
  batch 4000/4465 loss 1.4963
  batch 4050/4465 loss 1.6842
  batch 4100/4465 loss 1.5759
  batch 4150/4465 loss 1.7295
  batch 4200/4465 loss 1.5385
  batch 4250/4465 loss 1.7475
  batch 4300/4465 loss 1.6197
  batch 4350/4465 loss 1.5091
  batch 4400/4465 loss 1.5722
  batch 4450/4465 loss 1.6203
  batch 4465/4465 loss 1.5646
ep04/20  train 1.6041  val WAPE 0.1976  time 56.6s
  no improvement (2/4)

Starting epoch 5/20...
  batch 50/4465 loss 1.5667
  batch 100/4465 loss 1.6128
  batch 150/4465 loss 1.5203
  batch 200/4465 loss 1.5277
  batch 250/4465 loss 1.4009
  batch 300/4465 loss 1.6474
  batch 350/4465 loss 1.6757
  batch 400/4465 loss 1.6159
  batch 450/4465 loss 1.4906
  batch 500/4465 loss 1.6221
  batch 550/4465 loss 1.5272
  batch 600/4465 loss 1.6382
  batch 650/4465 loss 1.8046
  batch 700/4465 loss 1.6624
  batch 750/4465 loss 1.6094
  batch 800/4465 loss 1.6422
  batch 850/4465 loss 1.4614
  batch 900/4465 loss 1.8452
  batch 950/4465 loss 1.8395
  batch 1000/4465 loss 1.5861
  batch 1050/4465 loss 1.5482
  batch 1100/4465 loss 1.5278
  batch 1150/4465 loss 1.6138
  batch 1200/4465 loss 1.6451
  batch 1250/4465 loss 1.6215
  batch 1300/4465 loss 1.5925
  batch 1350/4465 loss 1.6296
  batch 1400/4465 loss 1.5401
  batch 1450/4465 loss 1.5332
  batch 1500/4465 loss 1.3853
  batch 1550/4465 loss 1.6369
  batch 1600/4465 loss 1.4302
  batch 1650/4465 loss 1.7109
  batch 1700/4465 loss 1.7006
  batch 1750/4465 loss 1.5855
  batch 1800/4465 loss 1.7958
  batch 1850/4465 loss 1.5768
  batch 1900/4465 loss 1.5684
  batch 1950/4465 loss 1.6309
  batch 2000/4465 loss 1.5900
  batch 2050/4465 loss 1.6439
  batch 2100/4465 loss 1.4360
  batch 2150/4465 loss 1.5004
  batch 2200/4465 loss 1.5726
  batch 2250/4465 loss 1.5727
  batch 2300/4465 loss 1.6556
  batch 2350/4465 loss 1.7302
  batch 2400/4465 loss 1.6841
  batch 2450/4465 loss 1.5178
  batch 2500/4465 loss 1.5201
  batch 2550/4465 loss 1.5682
  batch 2600/4465 loss 1.7613
  batch 2650/4465 loss 1.7669
  batch 2700/4465 loss 1.5441
  batch 2750/4465 loss 1.5469
  batch 2800/4465 loss 1.4944
  batch 2850/4465 loss 1.5815
  batch 2900/4465 loss 1.7091
  batch 2950/4465 loss 1.5278
  batch 3000/4465 loss 1.5725
  batch 3050/4465 loss 1.6845
  batch 3100/4465 loss 1.5946
  batch 3150/4465 loss 1.6618
  batch 3200/4465 loss 1.5741
  batch 3250/4465 loss 1.5625
  batch 3300/4465 loss 1.5071
  batch 3350/4465 loss 1.6630
  batch 3400/4465 loss 1.6053
  batch 3450/4465 loss 1.5035
  batch 3500/4465 loss 1.4837
  batch 3550/4465 loss 1.5516
  batch 3600/4465 loss 1.5897
  batch 3650/4465 loss 1.6876
  batch 3700/4465 loss 1.7875
  batch 3750/4465 loss 1.6382
  batch 3800/4465 loss 1.5164
  batch 3850/4465 loss 1.5730
  batch 3900/4465 loss 1.5937
  batch 3950/4465 loss 1.4239
  batch 4000/4465 loss 1.5468
  batch 4050/4465 loss 1.5562
  batch 4100/4465 loss 1.5202
  batch 4150/4465 loss 1.7529
  batch 4200/4465 loss 1.7693
  batch 4250/4465 loss 1.6055
  batch 4300/4465 loss 1.7319
  batch 4350/4465 loss 1.6788
  batch 4400/4465 loss 1.6647
  batch 4450/4465 loss 1.6527
  batch 4465/4465 loss 1.5340
ep05/20  train 1.6059  val WAPE 0.2094  time 55.8s
  no improvement (3/4)

Starting epoch 6/20...
  batch 50/4465 loss 1.8027
  batch 100/4465 loss 1.6421
  batch 150/4465 loss 1.8145
  batch 200/4465 loss 1.5899
  batch 250/4465 loss 1.6028
  batch 300/4465 loss 1.5261
  batch 350/4465 loss 1.5610
  batch 400/4465 loss 1.6728
  batch 450/4465 loss 1.6519
  batch 500/4465 loss 1.6077
  batch 550/4465 loss 1.5324
  batch 600/4465 loss 1.6236
  batch 650/4465 loss 1.6738
  batch 700/4465 loss 1.5148
  batch 750/4465 loss 1.6365
  batch 800/4465 loss 1.6743
  batch 850/4465 loss 1.5148
  batch 900/4465 loss 1.6513
  batch 950/4465 loss 1.6755
  batch 1000/4465 loss 1.5583
  batch 1050/4465 loss 1.6133
  batch 1100/4465 loss 1.5319
  batch 1150/4465 loss 1.5444
  batch 1200/4465 loss 1.5805
  batch 1250/4465 loss 1.6128
  batch 1300/4465 loss 1.5057
  batch 1350/4465 loss 1.5231
  batch 1400/4465 loss 1.5561
  batch 1450/4465 loss 1.5637
  batch 1500/4465 loss 1.7298
  batch 1550/4465 loss 1.5212
  batch 1600/4465 loss 1.5709
  batch 1650/4465 loss 1.6026
  batch 1700/4465 loss 1.6942
  batch 1750/4465 loss 1.6846
  batch 1800/4465 loss 1.6265
  batch 1850/4465 loss 1.6285
  batch 1900/4465 loss 1.7468
  batch 1950/4465 loss 1.4944
  batch 2000/4465 loss 1.6488
  batch 2050/4465 loss 1.6154
  batch 2100/4465 loss 1.6966
  batch 2150/4465 loss 1.4784
  batch 2200/4465 loss 1.7236
  batch 2250/4465 loss 1.5498
  batch 2300/4465 loss 1.6781
  batch 2350/4465 loss 1.5651
  batch 2400/4465 loss 1.6257
  batch 2450/4465 loss 1.5880
  batch 2500/4465 loss 1.6349
  batch 2550/4465 loss 1.5172
  batch 2600/4465 loss 1.5097
  batch 2650/4465 loss 1.6186
  batch 2700/4465 loss 1.6132
  batch 2750/4465 loss 1.5472
  batch 2800/4465 loss 1.5105
  batch 2850/4465 loss 1.6489
  batch 2900/4465 loss 1.4974
  batch 2950/4465 loss 1.5920
  batch 3000/4465 loss 1.5770
  batch 3050/4465 loss 1.5866
  batch 3100/4465 loss 1.6476
  batch 3150/4465 loss 1.5783
  batch 3200/4465 loss 1.6886
  batch 3250/4465 loss 1.5801
  batch 3300/4465 loss 1.5240
  batch 3350/4465 loss 1.6768
  batch 3400/4465 loss 1.6406
  batch 3450/4465 loss 1.6421
  batch 3500/4465 loss 1.5369
  batch 3550/4465 loss 1.5104
  batch 3600/4465 loss 1.5578
  batch 3650/4465 loss 1.6954
  batch 3700/4465 loss 1.6960
  batch 3750/4465 loss 1.5591
  batch 3800/4465 loss 1.4722
  batch 3850/4465 loss 1.6100
  batch 3900/4465 loss 1.5944
  batch 3950/4465 loss 1.5197
  batch 4000/4465 loss 1.7221
  batch 4050/4465 loss 1.7426
  batch 4100/4465 loss 1.5812
  batch 4150/4465 loss 1.6160
  batch 4200/4465 loss 1.5849
  batch 4250/4465 loss 1.5339
  batch 4300/4465 loss 1.5964
  batch 4350/4465 loss 1.5403
  batch 4400/4465 loss 1.6763
  batch 4450/4465 loss 1.5974
  batch 4465/4465 loss 1.5262
ep06/20  train 1.6039  val WAPE 0.2098  time 56.2s
  no improvement (4/4)
early stop
linear params: 227809

Starting epoch 1/20...
  batch 50/4465 loss 3.9793
  batch 100/4465 loss 3.8151
  batch 150/4465 loss 3.5813
  batch 200/4465 loss 3.4608
  batch 250/4465 loss 3.3776
  batch 300/4465 loss 3.3401
  batch 350/4465 loss 3.2578
  batch 400/4465 loss 3.0516
  batch 450/4465 loss 3.0496
  batch 500/4465 loss 3.2560
  batch 550/4465 loss 3.0994
  batch 600/4465 loss 3.0812
  batch 650/4465 loss 3.0208
  batch 700/4465 loss 2.9118
  batch 750/4465 loss 2.9076
  batch 800/4465 loss 2.7940
  batch 850/4465 loss 2.6143
  batch 900/4465 loss 2.5952
  batch 950/4465 loss 2.6041
  batch 1000/4465 loss 2.7319
  batch 1050/4465 loss 2.7350
  batch 1100/4465 loss 2.5566
  batch 1150/4465 loss 2.6260
  batch 1200/4465 loss 2.5095
  batch 1250/4465 loss 2.6177
  batch 1300/4465 loss 2.5898
  batch 1350/4465 loss 2.4625
  batch 1400/4465 loss 2.4313
  batch 1450/4465 loss 2.3928
  batch 1500/4465 loss 2.3571
  batch 1550/4465 loss 2.4367
  batch 1600/4465 loss 2.3763
  batch 1650/4465 loss 2.3631
  batch 1700/4465 loss 2.1814
  batch 1750/4465 loss 2.3271
  batch 1800/4465 loss 2.5033
  batch 1850/4465 loss 2.3813
  batch 1900/4465 loss 2.2972
  batch 1950/4465 loss 2.3671
  batch 2000/4465 loss 2.4122
  batch 2050/4465 loss 2.2611
  batch 2100/4465 loss 2.3080
  batch 2150/4465 loss 2.1611
  batch 2200/4465 loss 2.2322
  batch 2250/4465 loss 2.2089
  batch 2300/4465 loss 2.1813
  batch 2350/4465 loss 2.2688
  batch 2400/4465 loss 2.0408
  batch 2450/4465 loss 2.1278
  batch 2500/4465 loss 2.1942
  batch 2550/4465 loss 1.9887
  batch 2600/4465 loss 2.2098
  batch 2650/4465 loss 2.0956
  batch 2700/4465 loss 2.1210
  batch 2750/4465 loss 1.9913
  batch 2800/4465 loss 2.0206
  batch 2850/4465 loss 2.0314
  batch 2900/4465 loss 2.1369
  batch 2950/4465 loss 2.1781
  batch 3000/4465 loss 1.9877
  batch 3050/4465 loss 2.0686
  batch 3100/4465 loss 2.0509
  batch 3150/4465 loss 2.1959
  batch 3200/4465 loss 1.9591
  batch 3250/4465 loss 1.9660
  batch 3300/4465 loss 1.9749
  batch 3350/4465 loss 1.9937
  batch 3400/4465 loss 1.9636
  batch 3450/4465 loss 1.9713
  batch 3500/4465 loss 1.9746
  batch 3550/4465 loss 1.9601
  batch 3600/4465 loss 1.9774
  batch 3650/4465 loss 1.8235
  batch 3700/4465 loss 2.0147
  batch 3750/4465 loss 1.8878
  batch 3800/4465 loss 1.8836
  batch 3850/4465 loss 1.8281
  batch 3900/4465 loss 1.8645
  batch 3950/4465 loss 1.8492
  batch 4000/4465 loss 1.8427
  batch 4050/4465 loss 2.0010
  batch 4100/4465 loss 2.0929
  batch 4150/4465 loss 1.8449
  batch 4200/4465 loss 1.8484
  batch 4250/4465 loss 1.9079
  batch 4300/4465 loss 1.8593
  batch 4350/4465 loss 1.7479
  batch 4400/4465 loss 1.9509
  batch 4450/4465 loss 1.8107
  batch 4465/4465 loss 1.6805
ep01/20  train 2.3584  val WAPE 0.2181  time 49.5s
  ✓ new best WAPE: 0.2181

Starting epoch 2/20...
  batch 50/4465 loss 1.8614
  batch 100/4465 loss 1.6928
  batch 150/4465 loss 1.7582
  batch 200/4465 loss 1.7568
  batch 250/4465 loss 1.7545
  batch 300/4465 loss 1.7356
  batch 350/4465 loss 1.8226
  batch 400/4465 loss 1.9479
  batch 450/4465 loss 1.7539
  batch 500/4465 loss 1.7331
  batch 550/4465 loss 1.7417
  batch 600/4465 loss 1.7650
  batch 650/4465 loss 1.9042
  batch 700/4465 loss 1.7558
  batch 750/4465 loss 1.6875
  batch 800/4465 loss 1.8698
  batch 850/4465 loss 1.7586
  batch 900/4465 loss 1.7200
  batch 950/4465 loss 1.8806
  batch 1000/4465 loss 1.7739
  batch 1050/4465 loss 1.8642
  batch 1100/4465 loss 1.7821
  batch 1150/4465 loss 1.8360
  batch 1200/4465 loss 1.7430
  batch 1250/4465 loss 1.8338
  batch 1300/4465 loss 1.6783
  batch 1350/4465 loss 1.8247
  batch 1400/4465 loss 1.8222
  batch 1450/4465 loss 1.5648
  batch 1500/4465 loss 1.6280
  batch 1550/4465 loss 1.6130
  batch 1600/4465 loss 1.5398
  batch 1650/4465 loss 1.6833
  batch 1700/4465 loss 1.7094
  batch 1750/4465 loss 1.8640
  batch 1800/4465 loss 1.6539
  batch 1850/4465 loss 1.8365
  batch 1900/4465 loss 1.6174
  batch 1950/4465 loss 1.7139
  batch 2000/4465 loss 1.6744
  batch 2050/4465 loss 1.8299
  batch 2100/4465 loss 1.6015
  batch 2150/4465 loss 1.8032
  batch 2200/4465 loss 1.6714
  batch 2250/4465 loss 1.6708
  batch 2300/4465 loss 1.6262
  batch 2350/4465 loss 1.7039
  batch 2400/4465 loss 1.5349
  batch 2450/4465 loss 1.7918
  batch 2500/4465 loss 1.7303
  batch 2550/4465 loss 1.7181
  batch 2600/4465 loss 1.5898
  batch 2650/4465 loss 1.6010
  batch 2700/4465 loss 1.5339
  batch 2750/4465 loss 1.6480
  batch 2800/4465 loss 1.7564
  batch 2850/4465 loss 1.7766
  batch 2900/4465 loss 1.6811
  batch 2950/4465 loss 1.6581
  batch 3000/4465 loss 1.6764
  batch 3050/4465 loss 1.6379
  batch 3100/4465 loss 1.5561
  batch 3150/4465 loss 1.6588
  batch 3200/4465 loss 1.7172
  batch 3250/4465 loss 1.7443
  batch 3300/4465 loss 1.6445
  batch 3350/4465 loss 1.5226
  batch 3400/4465 loss 1.7030
  batch 3450/4465 loss 1.6780
  batch 3500/4465 loss 1.7182
  batch 3550/4465 loss 1.6910
  batch 3600/4465 loss 1.6065
  batch 3650/4465 loss 1.7697
  batch 3700/4465 loss 1.7355
  batch 3750/4465 loss 1.5736
  batch 3800/4465 loss 1.5981
  batch 3850/4465 loss 1.7354
  batch 3900/4465 loss 1.7197
  batch 3950/4465 loss 1.6097
  batch 4000/4465 loss 1.7736
  batch 4050/4465 loss 1.6369
  batch 4100/4465 loss 1.6813
  batch 4150/4465 loss 1.6127
  batch 4200/4465 loss 1.5560
  batch 4250/4465 loss 1.6699
  batch 4300/4465 loss 1.7601
  batch 4350/4465 loss 1.6743
  batch 4400/4465 loss 1.6516
  batch 4450/4465 loss 1.6195
  batch 4465/4465 loss 1.5894
ep02/20  train 1.7090  val WAPE 0.2060  time 50.6s
  ✓ new best WAPE: 0.2060

Starting epoch 3/20...
  batch 50/4465 loss 1.7868
  batch 100/4465 loss 1.5415
  batch 150/4465 loss 1.6553
  batch 200/4465 loss 1.6759
  batch 250/4465 loss 1.6613
  batch 300/4465 loss 1.5800
  batch 350/4465 loss 1.5738
  batch 400/4465 loss 1.7034
  batch 450/4465 loss 1.4639
  batch 500/4465 loss 1.5695
  batch 550/4465 loss 1.6349
  batch 600/4465 loss 1.7025
  batch 650/4465 loss 1.5162
  batch 700/4465 loss 1.7086
  batch 750/4465 loss 1.6636
  batch 800/4465 loss 1.7622
  batch 850/4465 loss 1.7413
  batch 900/4465 loss 1.6968
  batch 950/4465 loss 1.5855
  batch 1000/4465 loss 1.5766
  batch 1050/4465 loss 1.6440
  batch 1100/4465 loss 1.6906
  batch 1150/4465 loss 1.7368
  batch 1200/4465 loss 1.6608
  batch 1250/4465 loss 1.7550
  batch 1300/4465 loss 1.7091
  batch 1350/4465 loss 1.6191
  batch 1400/4465 loss 1.8114
  batch 1450/4465 loss 1.4875
  batch 1500/4465 loss 1.6719
  batch 1550/4465 loss 1.6560
  batch 1600/4465 loss 1.6402
  batch 1650/4465 loss 1.3125
  batch 1700/4465 loss 1.8967
  batch 1750/4465 loss 1.6562
  batch 1800/4465 loss 1.7054
  batch 1850/4465 loss 1.6423
  batch 1900/4465 loss 1.6729
  batch 1950/4465 loss 1.6372
  batch 2000/4465 loss 1.7713
  batch 2050/4465 loss 1.6346
  batch 2100/4465 loss 1.5995
  batch 2150/4465 loss 1.6584
  batch 2200/4465 loss 1.7157
  batch 2250/4465 loss 1.6065
  batch 2300/4465 loss 1.6080
  batch 2350/4465 loss 1.5530
  batch 2400/4465 loss 1.7416
  batch 2450/4465 loss 1.6260
  batch 2500/4465 loss 1.7542
  batch 2550/4465 loss 1.6470
  batch 2600/4465 loss 1.5087
  batch 2650/4465 loss 1.6848
  batch 2700/4465 loss 1.6190
  batch 2750/4465 loss 1.6826
  batch 2800/4465 loss 1.8903
  batch 2850/4465 loss 1.6688
  batch 2900/4465 loss 1.7290
  batch 2950/4465 loss 1.6425
  batch 3000/4465 loss 1.5798
  batch 3050/4465 loss 1.5680
  batch 3100/4465 loss 1.7930
  batch 3150/4465 loss 1.6086
  batch 3200/4465 loss 1.5011
  batch 3250/4465 loss 1.6456
  batch 3300/4465 loss 1.5177
  batch 3350/4465 loss 1.6357
  batch 3400/4465 loss 1.6679
  batch 3450/4465 loss 1.4376
  batch 3500/4465 loss 1.6404
  batch 3550/4465 loss 1.5052
  batch 3600/4465 loss 1.5693
  batch 3650/4465 loss 1.6371
  batch 3700/4465 loss 1.5588
  batch 3750/4465 loss 1.6518
  batch 3800/4465 loss 1.7874
  batch 3850/4465 loss 1.6137
  batch 3900/4465 loss 1.6343
  batch 3950/4465 loss 1.5703
  batch 4000/4465 loss 1.6468
  batch 4050/4465 loss 1.7630
  batch 4100/4465 loss 1.5529
  batch 4150/4465 loss 1.5899
  batch 4200/4465 loss 1.5616
  batch 4250/4465 loss 1.6775
  batch 4300/4465 loss 1.6041
  batch 4350/4465 loss 1.8564
  batch 4400/4465 loss 1.7379
  batch 4450/4465 loss 1.6262
  batch 4465/4465 loss 1.6305
ep03/20  train 1.6341  val WAPE 0.2119  time 24.1s
  no improvement (1/4)

Starting epoch 4/20...
  batch 50/4465 loss 1.6269
  batch 100/4465 loss 1.5944
  batch 150/4465 loss 1.6687
  batch 200/4465 loss 1.7450
  batch 250/4465 loss 1.7008
  batch 300/4465 loss 1.6559
  batch 350/4465 loss 1.6207
  batch 400/4465 loss 1.6954
  batch 450/4465 loss 1.6898
  batch 500/4465 loss 1.6519
  batch 550/4465 loss 1.5615
  batch 600/4465 loss 1.5082
  batch 650/4465 loss 1.6104
  batch 700/4465 loss 1.6766
  batch 750/4465 loss 1.7057
  batch 800/4465 loss 1.6353
  batch 850/4465 loss 1.6817
  batch 900/4465 loss 1.5624
  batch 950/4465 loss 1.7085
  batch 1000/4465 loss 1.6863
  batch 1050/4465 loss 1.7416
  batch 1100/4465 loss 1.6297
  batch 1150/4465 loss 1.7171
  batch 1200/4465 loss 1.5721
  batch 1250/4465 loss 1.6125
  batch 1300/4465 loss 1.6533
  batch 1350/4465 loss 1.6749
  batch 1400/4465 loss 1.5487
  batch 1450/4465 loss 1.5872
  batch 1500/4465 loss 1.5780
  batch 1550/4465 loss 1.7008
  batch 1600/4465 loss 1.5933
  batch 1650/4465 loss 1.6385
  batch 1700/4465 loss 1.6376
  batch 1750/4465 loss 1.5722
  batch 1800/4465 loss 1.7691
  batch 1850/4465 loss 1.5785
  batch 1900/4465 loss 1.6266
  batch 1950/4465 loss 1.7657
  batch 2000/4465 loss 1.6511
  batch 2050/4465 loss 1.8143
  batch 2100/4465 loss 1.6883
  batch 2150/4465 loss 1.5976
  batch 2200/4465 loss 1.5183
  batch 2250/4465 loss 1.6494
  batch 2300/4465 loss 1.5540
  batch 2350/4465 loss 1.4824
  batch 2400/4465 loss 1.5875
  batch 2450/4465 loss 1.6076
  batch 2500/4465 loss 1.6128
  batch 2550/4465 loss 1.7772
  batch 2600/4465 loss 1.7691
  batch 2650/4465 loss 1.7110
  batch 2700/4465 loss 1.5670
  batch 2750/4465 loss 1.5223
  batch 2800/4465 loss 1.7120
  batch 2850/4465 loss 1.6262
  batch 2900/4465 loss 1.7550
  batch 2950/4465 loss 1.5747
  batch 3000/4465 loss 1.7643
  batch 3050/4465 loss 1.6470
  batch 3100/4465 loss 1.7831
  batch 3150/4465 loss 1.6781
  batch 3200/4465 loss 1.7068
  batch 3250/4465 loss 1.6532
  batch 3300/4465 loss 1.5252
  batch 3350/4465 loss 1.6179
  batch 3400/4465 loss 1.6753
  batch 3450/4465 loss 1.6671
  batch 3500/4465 loss 1.6116
  batch 3550/4465 loss 1.7688
  batch 3600/4465 loss 1.7034
  batch 3650/4465 loss 1.7837
  batch 3700/4465 loss 1.5371
  batch 3750/4465 loss 1.5639
  batch 3800/4465 loss 1.5985
  batch 3850/4465 loss 1.7357
  batch 3900/4465 loss 1.7621
  batch 3950/4465 loss 1.6414
  batch 4000/4465 loss 1.6277
  batch 4050/4465 loss 1.5473
  batch 4100/4465 loss 1.5891
  batch 4150/4465 loss 1.6057
  batch 4200/4465 loss 1.6604
  batch 4250/4465 loss 1.6837
  batch 4300/4465 loss 1.6815
  batch 4350/4465 loss 1.7009
  batch 4400/4465 loss 1.5632
  batch 4450/4465 loss 1.6567
  batch 4465/4465 loss 1.5464
ep04/20  train 1.6299  val WAPE 0.2126  time 51.4s
  no improvement (2/4)

Starting epoch 5/20...
  batch 50/4465 loss 1.6270
  batch 100/4465 loss 1.5943
  batch 150/4465 loss 1.7324
  batch 200/4465 loss 1.6978
  batch 250/4465 loss 1.7179
  batch 300/4465 loss 1.5697
  batch 350/4465 loss 1.5591
  batch 400/4465 loss 1.5792
  batch 450/4465 loss 1.6644
  batch 500/4465 loss 1.5299
  batch 550/4465 loss 1.6760
  batch 600/4465 loss 1.5211
  batch 650/4465 loss 1.6824
  batch 700/4465 loss 1.6591
  batch 750/4465 loss 1.5859
  batch 800/4465 loss 1.5436
  batch 850/4465 loss 1.6872
  batch 900/4465 loss 1.8188
  batch 950/4465 loss 1.6326
  batch 1000/4465 loss 1.5308
  batch 1050/4465 loss 1.4663
  batch 1100/4465 loss 1.5416
  batch 1150/4465 loss 1.6434
  batch 1200/4465 loss 1.6601
  batch 1250/4465 loss 1.6256
  batch 1300/4465 loss 1.6071
  batch 1350/4465 loss 1.5540
  batch 1400/4465 loss 1.6681
  batch 1450/4465 loss 1.7285
  batch 1500/4465 loss 1.7004
  batch 1550/4465 loss 1.6456
  batch 1600/4465 loss 1.6931
  batch 1650/4465 loss 1.5052
  batch 1700/4465 loss 1.5888
  batch 1750/4465 loss 1.5984
  batch 1800/4465 loss 1.6378
  batch 1850/4465 loss 1.5258
  batch 1900/4465 loss 1.6358
  batch 1950/4465 loss 1.4893
  batch 2000/4465 loss 1.5954
  batch 2050/4465 loss 1.4895
  batch 2100/4465 loss 1.7181
  batch 2150/4465 loss 1.6076
  batch 2200/4465 loss 1.5748
  batch 2250/4465 loss 1.5854
  batch 2300/4465 loss 1.5714
  batch 2350/4465 loss 1.8330
  batch 2400/4465 loss 1.6223
  batch 2450/4465 loss 1.7065
  batch 2500/4465 loss 1.6934
  batch 2550/4465 loss 1.6586
  batch 2600/4465 loss 1.5719
  batch 2650/4465 loss 1.5386
  batch 2700/4465 loss 1.6047
  batch 2750/4465 loss 1.6136
  batch 2800/4465 loss 1.6849
  batch 2850/4465 loss 1.6432
  batch 2900/4465 loss 1.7526
  batch 2950/4465 loss 1.6367
  batch 3000/4465 loss 1.5881
  batch 3050/4465 loss 1.7007
  batch 3100/4465 loss 1.7024
  batch 3150/4465 loss 1.6336
  batch 3200/4465 loss 1.6160
  batch 3250/4465 loss 1.4974
  batch 3300/4465 loss 1.7837
  batch 3350/4465 loss 1.6425
  batch 3400/4465 loss 1.5681
  batch 3450/4465 loss 1.7219
  batch 3500/4465 loss 1.6423
  batch 3550/4465 loss 1.7395
  batch 3600/4465 loss 1.4902
  batch 3650/4465 loss 1.4460
  batch 3700/4465 loss 1.5714
  batch 3750/4465 loss 1.4870
  batch 3800/4465 loss 1.6134
  batch 3850/4465 loss 1.7026
  batch 3900/4465 loss 1.5685
  batch 3950/4465 loss 1.6706
  batch 4000/4465 loss 1.6685
  batch 4050/4465 loss 1.5584
  batch 4100/4465 loss 1.6340
  batch 4150/4465 loss 1.5340
  batch 4200/4465 loss 1.5583
  batch 4250/4465 loss 1.6251
  batch 4300/4465 loss 1.7187
  batch 4350/4465 loss 1.6218
  batch 4400/4465 loss 1.6077
  batch 4450/4465 loss 1.6310
  batch 4465/4465 loss 1.8455
ep05/20  train 1.6310  val WAPE 0.2166  time 51.3s
  no improvement (3/4)

Starting epoch 6/20...
  batch 50/4465 loss 1.6167
  batch 100/4465 loss 1.6424
  batch 150/4465 loss 1.5943
  batch 200/4465 loss 1.7004
  batch 250/4465 loss 1.5977
  batch 300/4465 loss 1.7280
  batch 350/4465 loss 1.5437
  batch 400/4465 loss 1.6785
  batch 450/4465 loss 1.6355
  batch 500/4465 loss 1.6517
  batch 550/4465 loss 1.6300
  batch 600/4465 loss 1.5725
  batch 650/4465 loss 1.5568
  batch 700/4465 loss 1.7947
  batch 750/4465 loss 1.6878
  batch 800/4465 loss 1.6131
  batch 850/4465 loss 1.7339
  batch 900/4465 loss 1.6079
  batch 950/4465 loss 1.6689
  batch 1000/4465 loss 1.5896
  batch 1050/4465 loss 1.5893
  batch 1100/4465 loss 1.6925
  batch 1150/4465 loss 1.5346
  batch 1200/4465 loss 1.6106
  batch 1250/4465 loss 1.5504
  batch 1300/4465 loss 1.7704
  batch 1350/4465 loss 1.6760
  batch 1400/4465 loss 1.7417
  batch 1450/4465 loss 1.5780
  batch 1500/4465 loss 1.6051
  batch 1550/4465 loss 1.6493
  batch 1600/4465 loss 1.4985
  batch 1650/4465 loss 1.7390
  batch 1700/4465 loss 1.5396
  batch 1750/4465 loss 1.5646
  batch 1800/4465 loss 1.7286
  batch 1850/4465 loss 1.7787
  batch 1900/4465 loss 1.7406
  batch 1950/4465 loss 1.6256
  batch 2000/4465 loss 1.6105
  batch 2050/4465 loss 1.5941
  batch 2100/4465 loss 1.6514
  batch 2150/4465 loss 1.6551
  batch 2200/4465 loss 1.6567
  batch 2250/4465 loss 1.7204
  batch 2300/4465 loss 1.5442
  batch 2350/4465 loss 1.6359
  batch 2400/4465 loss 1.4970
  batch 2450/4465 loss 1.5389
  batch 2500/4465 loss 1.5906
  batch 2550/4465 loss 1.5275
  batch 2600/4465 loss 1.4448
  batch 2650/4465 loss 1.7476
  batch 2700/4465 loss 1.7649
  batch 2750/4465 loss 1.7156
  batch 2800/4465 loss 1.5457
  batch 2850/4465 loss 1.5971
  batch 2900/4465 loss 1.4995
  batch 2950/4465 loss 1.7039
  batch 3000/4465 loss 1.5931
  batch 3050/4465 loss 1.6044
  batch 3100/4465 loss 1.7071
  batch 3150/4465 loss 1.5525
  batch 3200/4465 loss 1.5416
  batch 3250/4465 loss 1.6702
  batch 3300/4465 loss 1.6335
  batch 3350/4465 loss 1.6692
  batch 3400/4465 loss 1.7566
  batch 3450/4465 loss 1.6893
  batch 3500/4465 loss 1.6615
  batch 3550/4465 loss 1.6542
  batch 3600/4465 loss 1.6508
  batch 3650/4465 loss 1.5512
  batch 3700/4465 loss 1.4949
  batch 3750/4465 loss 1.6418
  batch 3800/4465 loss 1.6856
  batch 3850/4465 loss 1.6467
  batch 3900/4465 loss 1.5527
  batch 3950/4465 loss 1.6215
  batch 4000/4465 loss 1.5403
  batch 4050/4465 loss 1.7020
  batch 4100/4465 loss 1.4018
  batch 4150/4465 loss 1.6190
  batch 4200/4465 loss 1.6843
  batch 4250/4465 loss 1.7122
  batch 4300/4465 loss 1.4962
  batch 4350/4465 loss 1.7669
  batch 4400/4465 loss 1.5947
  batch 4450/4465 loss 1.6265
  batch 4465/4465 loss 1.5657
ep06/20  train 1.6308  val WAPE 0.2190  time 50.4s
  no improvement (4/4)
early stop
linear params: 227809

Starting epoch 1/20...
  batch 50/4465 loss 3.9792
  batch 100/4465 loss 3.8148
  batch 150/4465 loss 3.5810
  batch 200/4465 loss 3.4604
  batch 250/4465 loss 3.3775
  batch 300/4465 loss 3.3400
  batch 350/4465 loss 3.2577
  batch 400/4465 loss 3.0517
  batch 450/4465 loss 3.0497
  batch 500/4465 loss 3.2567
  batch 550/4465 loss 3.0999
  batch 600/4465 loss 3.0819
  batch 650/4465 loss 3.0205
  batch 700/4465 loss 2.9120
  batch 750/4465 loss 2.9066
  batch 800/4465 loss 2.7931
  batch 850/4465 loss 2.6127
  batch 900/4465 loss 2.5948
  batch 950/4465 loss 2.6027
  batch 1000/4465 loss 2.7323
  batch 1050/4465 loss 2.7337
  batch 1100/4465 loss 2.5541
  batch 1150/4465 loss 2.6240
  batch 1200/4465 loss 2.5057
  batch 1250/4465 loss 2.6137
  batch 1300/4465 loss 2.5875
  batch 1350/4465 loss 2.4593
  batch 1400/4465 loss 2.4294
  batch 1450/4465 loss 2.3914
  batch 1500/4465 loss 2.3512
  batch 1550/4465 loss 2.4334
  batch 1600/4465 loss 2.3763
  batch 1650/4465 loss 2.3622
  batch 1700/4465 loss 2.1814
  batch 1750/4465 loss 2.3236
  batch 1800/4465 loss 2.5008
  batch 1850/4465 loss 2.3779
  batch 1900/4465 loss 2.2941
  batch 1950/4465 loss 2.3667
  batch 2000/4465 loss 2.4114
  batch 2050/4465 loss 2.2615
  batch 2100/4465 loss 2.3032
  batch 2150/4465 loss 2.1599
  batch 2200/4465 loss 2.2297
  batch 2250/4465 loss 2.2041
  batch 2300/4465 loss 2.1813
  batch 2350/4465 loss 2.2668
  batch 2400/4465 loss 2.0354
  batch 2450/4465 loss 2.1252
  batch 2500/4465 loss 2.1944
  batch 2550/4465 loss 1.9817
  batch 2600/4465 loss 2.2065
  batch 2650/4465 loss 2.0946
  batch 2700/4465 loss 2.1203
  batch 2750/4465 loss 1.9894
  batch 2800/4465 loss 2.0151
  batch 2850/4465 loss 2.0257
  batch 2900/4465 loss 2.1341
  batch 2950/4465 loss 2.1769
  batch 3000/4465 loss 1.9895
  batch 3050/4465 loss 2.0652
  batch 3100/4465 loss 2.0504
  batch 3150/4465 loss 2.1908
  batch 3200/4465 loss 1.9584
  batch 3250/4465 loss 1.9613
  batch 3300/4465 loss 1.9711
  batch 3350/4465 loss 1.9888
  batch 3400/4465 loss 1.9577
  batch 3450/4465 loss 1.9674
  batch 3500/4465 loss 1.9705
  batch 3550/4465 loss 1.9560
  batch 3600/4465 loss 1.9743
  batch 3650/4465 loss 1.8237
  batch 3700/4465 loss 2.0080
  batch 3750/4465 loss 1.8845
  batch 3800/4465 loss 1.8817
  batch 3850/4465 loss 1.8232
  batch 3900/4465 loss 1.8643
  batch 3950/4465 loss 1.8437
  batch 4000/4465 loss 1.8387
  batch 4050/4465 loss 1.9953
  batch 4100/4465 loss 2.0849
  batch 4150/4465 loss 1.8425
  batch 4200/4465 loss 1.8465
  batch 4250/4465 loss 1.9055
  batch 4300/4465 loss 1.8559
  batch 4350/4465 loss 1.7432
  batch 4400/4465 loss 1.9421
  batch 4450/4465 loss 1.8097
  batch 4465/4465 loss 1.6712
ep01/20  train 2.3558  val WAPE 0.2177  time 49.5s
  ✓ new best WAPE: 0.2177

Starting epoch 2/20...
  batch 50/4465 loss 1.8618
  batch 100/4465 loss 1.6866
  batch 150/4465 loss 1.7503
  batch 200/4465 loss 1.7518
  batch 250/4465 loss 1.7457
  batch 300/4465 loss 1.7295
  batch 350/4465 loss 1.8152
  batch 400/4465 loss 1.9445
  batch 450/4465 loss 1.7469
  batch 500/4465 loss 1.7250
  batch 550/4465 loss 1.7372
  batch 600/4465 loss 1.7561
  batch 650/4465 loss 1.9025
  batch 700/4465 loss 1.7472
  batch 750/4465 loss 1.6856
  batch 800/4465 loss 1.8687
  batch 850/4465 loss 1.7524
  batch 900/4465 loss 1.7122
  batch 950/4465 loss 1.8709
  batch 1000/4465 loss 1.7651
  batch 1050/4465 loss 1.8600
  batch 1100/4465 loss 1.7739
  batch 1150/4465 loss 1.8279
  batch 1200/4465 loss 1.7358
  batch 1250/4465 loss 1.8262
  batch 1300/4465 loss 1.6675
  batch 1350/4465 loss 1.8191
  batch 1400/4465 loss 1.8151
  batch 1450/4465 loss 1.5591
  batch 1500/4465 loss 1.6227
  batch 1550/4465 loss 1.6088
  batch 1600/4465 loss 1.5294
  batch 1650/4465 loss 1.6715
  batch 1700/4465 loss 1.6995
  batch 1750/4465 loss 1.8571
  batch 1800/4465 loss 1.6471
  batch 1850/4465 loss 1.8274
  batch 1900/4465 loss 1.6075
  batch 1950/4465 loss 1.7028
  batch 2000/4465 loss 1.6630
  batch 2050/4465 loss 1.8220
  batch 2100/4465 loss 1.5885
  batch 2150/4465 loss 1.7917
  batch 2200/4465 loss 1.6619
  batch 2250/4465 loss 1.6576
  batch 2300/4465 loss 1.6133
  batch 2350/4465 loss 1.6934
  batch 2400/4465 loss 1.5202
  batch 2450/4465 loss 1.7858
  batch 2500/4465 loss 1.7262
  batch 2550/4465 loss 1.7096
  batch 2600/4465 loss 1.5743
  batch 2650/4465 loss 1.5848
  batch 2700/4465 loss 1.5208
  batch 2750/4465 loss 1.6349
  batch 2800/4465 loss 1.7475
  batch 2850/4465 loss 1.7646
  batch 2900/4465 loss 1.6670
  batch 2950/4465 loss 1.6459
  batch 3000/4465 loss 1.6614
  batch 3050/4465 loss 1.6194
  batch 3100/4465 loss 1.5337
  batch 3150/4465 loss 1.6401
  batch 3200/4465 loss 1.7036
  batch 3250/4465 loss 1.7337
  batch 3300/4465 loss 1.6251
  batch 3350/4465 loss 1.5083
  batch 3400/4465 loss 1.6891
  batch 3450/4465 loss 1.6642
  batch 3500/4465 loss 1.7012
  batch 3550/4465 loss 1.6741
  batch 3600/4465 loss 1.5939
  batch 3650/4465 loss 1.7508
  batch 3700/4465 loss 1.7174
  batch 3750/4465 loss 1.5557
  batch 3800/4465 loss 1.5760
  batch 3850/4465 loss 1.7206
  batch 3900/4465 loss 1.7025
  batch 3950/4465 loss 1.5961
  batch 4000/4465 loss 1.7551
  batch 4050/4465 loss 1.6183
  batch 4100/4465 loss 1.6595
  batch 4150/4465 loss 1.5948
  batch 4200/4465 loss 1.5403
  batch 4250/4465 loss 1.6506
  batch 4300/4465 loss 1.7441
  batch 4350/4465 loss 1.6651
  batch 4400/4465 loss 1.6354
  batch 4450/4465 loss 1.6048
  batch 4465/4465 loss 1.5800
ep02/20  train 1.6978  val WAPE 0.2032  time 52.3s
  ✓ new best WAPE: 0.2032

Starting epoch 3/20...
  batch 50/4465 loss 1.7611
  batch 100/4465 loss 1.5201
  batch 150/4465 loss 1.6344
  batch 200/4465 loss 1.6612
  batch 250/4465 loss 1.6433
  batch 300/4465 loss 1.5580
  batch 350/4465 loss 1.5580
  batch 400/4465 loss 1.6900
  batch 450/4465 loss 1.4458
  batch 500/4465 loss 1.5475
  batch 550/4465 loss 1.6227
  batch 600/4465 loss 1.6817
  batch 650/4465 loss 1.4985
  batch 700/4465 loss 1.6939
  batch 750/4465 loss 1.6528
  batch 800/4465 loss 1.7478
  batch 850/4465 loss 1.7297
  batch 900/4465 loss 1.6781
  batch 950/4465 loss 1.5647
  batch 1000/4465 loss 1.5544
  batch 1050/4465 loss 1.6242
  batch 1100/4465 loss 1.6759
  batch 1150/4465 loss 1.7188
  batch 1200/4465 loss 1.6416
  batch 1250/4465 loss 1.7333
  batch 1300/4465 loss 1.6860
  batch 1350/4465 loss 1.6016
  batch 1400/4465 loss 1.7961
  batch 1450/4465 loss 1.4693
  batch 1500/4465 loss 1.6535
  batch 1550/4465 loss 1.6368
  batch 1600/4465 loss 1.6328
  batch 1650/4465 loss 1.2962
  batch 1700/4465 loss 1.8760
  batch 1750/4465 loss 1.6347
  batch 1800/4465 loss 1.6892
  batch 1850/4465 loss 1.6243
  batch 1900/4465 loss 1.6522
  batch 1950/4465 loss 1.6238
  batch 2000/4465 loss 1.7657
  batch 2050/4465 loss 1.6199
  batch 2100/4465 loss 1.5778
  batch 2150/4465 loss 1.6394
  batch 2200/4465 loss 1.7084
  batch 2250/4465 loss 1.5927
  batch 2300/4465 loss 1.5893
  batch 2350/4465 loss 1.5391
  batch 2400/4465 loss 1.7150
  batch 2450/4465 loss 1.6015
  batch 2500/4465 loss 1.7364
  batch 2550/4465 loss 1.6244
  batch 2600/4465 loss 1.4872
  batch 2650/4465 loss 1.6685
  batch 2700/4465 loss 1.5983
  batch 2750/4465 loss 1.6780
  batch 2800/4465 loss 1.8820
  batch 2850/4465 loss 1.6537
  batch 2900/4465 loss 1.7092
  batch 2950/4465 loss 1.6242
  batch 3000/4465 loss 1.5624
  batch 3050/4465 loss 1.5473
  batch 3100/4465 loss 1.7793
  batch 3150/4465 loss 1.5872
  batch 3200/4465 loss 1.4751
  batch 3250/4465 loss 1.6345
  batch 3300/4465 loss 1.5017
  batch 3350/4465 loss 1.6164
  batch 3400/4465 loss 1.6550
  batch 3450/4465 loss 1.4209
  batch 3500/4465 loss 1.6136
  batch 3550/4465 loss 1.4796
  batch 3600/4465 loss 1.5469
  batch 3650/4465 loss 1.6142
  batch 3700/4465 loss 1.5424
  batch 3750/4465 loss 1.6340
  batch 3800/4465 loss 1.7651
  batch 3850/4465 loss 1.5963
  batch 3900/4465 loss 1.6224
  batch 3950/4465 loss 1.5415
  batch 4000/4465 loss 1.6255
  batch 4050/4465 loss 1.7457
  batch 4100/4465 loss 1.5367
  batch 4150/4465 loss 1.5686
  batch 4200/4465 loss 1.5334
  batch 4250/4465 loss 1.6631
  batch 4300/4465 loss 1.5843
  batch 4350/4465 loss 1.8466
  batch 4400/4465 loss 1.7309
  batch 4450/4465 loss 1.6075
  batch 4465/4465 loss 1.6119
ep03/20  train 1.6158  val WAPE 0.2077  time 52.1s
  no improvement (1/4)

Starting epoch 4/20...
  batch 50/4465 loss 1.6000
  batch 100/4465 loss 1.5744
  batch 150/4465 loss 1.6575
  batch 200/4465 loss 1.7243
  batch 250/4465 loss 1.6795
  batch 300/4465 loss 1.6395
  batch 350/4465 loss 1.6061
  batch 400/4465 loss 1.6755
  batch 450/4465 loss 1.6744
  batch 500/4465 loss 1.6295
  batch 550/4465 loss 1.5378
  batch 600/4465 loss 1.4844
  batch 650/4465 loss 1.5869
  batch 700/4465 loss 1.6656
  batch 750/4465 loss 1.6801
  batch 800/4465 loss 1.6159
  batch 850/4465 loss 1.6676
  batch 900/4465 loss 1.5415
  batch 950/4465 loss 1.6869
  batch 1000/4465 loss 1.6626
  batch 1050/4465 loss 1.7190
  batch 1100/4465 loss 1.6121
  batch 1150/4465 loss 1.7026
  batch 1200/4465 loss 1.5537
  batch 1250/4465 loss 1.5926
  batch 1300/4465 loss 1.6403
  batch 1350/4465 loss 1.6543
  batch 1400/4465 loss 1.5308
  batch 1450/4465 loss 1.5702
  batch 1500/4465 loss 1.5620
  batch 1550/4465 loss 1.6759
  batch 1600/4465 loss 1.5794
  batch 1650/4465 loss 1.6225
  batch 1700/4465 loss 1.6153
  batch 1750/4465 loss 1.5528
  batch 1800/4465 loss 1.7560
  batch 1850/4465 loss 1.5488
  batch 1900/4465 loss 1.6131
  batch 1950/4465 loss 1.7510
  batch 2000/4465 loss 1.6293
  batch 2050/4465 loss 1.7933
  batch 2100/4465 loss 1.6628
  batch 2150/4465 loss 1.5794
  batch 2200/4465 loss 1.4964
  batch 2250/4465 loss 1.6359
  batch 2300/4465 loss 1.5327
  batch 2350/4465 loss 1.4607
  batch 2400/4465 loss 1.5683
  batch 2450/4465 loss 1.5904
  batch 2500/4465 loss 1.5904
  batch 2550/4465 loss 1.7638
  batch 2600/4465 loss 1.7526
  batch 2650/4465 loss 1.6935
  batch 2700/4465 loss 1.5482
  batch 2750/4465 loss 1.5005
  batch 2800/4465 loss 1.6906
  batch 2850/4465 loss 1.6061
  batch 2900/4465 loss 1.7372
  batch 2950/4465 loss 1.5577
  batch 3000/4465 loss 1.7404
  batch 3050/4465 loss 1.6185
  batch 3100/4465 loss 1.7619
  batch 3150/4465 loss 1.6566
  batch 3200/4465 loss 1.6899
  batch 3250/4465 loss 1.6422
  batch 3300/4465 loss 1.4985
  batch 3350/4465 loss 1.5989
  batch 3400/4465 loss 1.6596
  batch 3450/4465 loss 1.6532
  batch 3500/4465 loss 1.5924
  batch 3550/4465 loss 1.7569
  batch 3600/4465 loss 1.6857
  batch 3650/4465 loss 1.7618
  batch 3700/4465 loss 1.5178
  batch 3750/4465 loss 1.5442
  batch 3800/4465 loss 1.5840
  batch 3850/4465 loss 1.7171
  batch 3900/4465 loss 1.7425
  batch 3950/4465 loss 1.6210
  batch 4000/4465 loss 1.6102
  batch 4050/4465 loss 1.5273
  batch 4100/4465 loss 1.5648
  batch 4150/4465 loss 1.5842
  batch 4200/4465 loss 1.6400
  batch 4250/4465 loss 1.6676
  batch 4300/4465 loss 1.6573
  batch 4350/4465 loss 1.6772
  batch 4400/4465 loss 1.5499
  batch 4450/4465 loss 1.6357
  batch 4465/4465 loss 1.5253
ep04/20  train 1.6108  val WAPE 0.2101  time 52.0s
  no improvement (2/4)

Starting epoch 5/20...
  batch 50/4465 loss 1.6006
  batch 100/4465 loss 1.5755
  batch 150/4465 loss 1.7113
  batch 200/4465 loss 1.6707
  batch 250/4465 loss 1.7029
  batch 300/4465 loss 1.5516
  batch 350/4465 loss 1.5344
  batch 400/4465 loss 1.5543
  batch 450/4465 loss 1.6399
  batch 500/4465 loss 1.5073
  batch 550/4465 loss 1.6566
  batch 600/4465 loss 1.5017
  batch 650/4465 loss 1.6612
  batch 700/4465 loss 1.6427
  batch 750/4465 loss 1.5651
  batch 800/4465 loss 1.5185
  batch 850/4465 loss 1.6676
  batch 900/4465 loss 1.7998
  batch 950/4465 loss 1.6203
  batch 1000/4465 loss 1.5058
  batch 1050/4465 loss 1.4470
  batch 1100/4465 loss 1.5130
  batch 1150/4465 loss 1.6254
  batch 1200/4465 loss 1.6453
  batch 1250/4465 loss 1.6059
  batch 1300/4465 loss 1.5923
  batch 1350/4465 loss 1.5307
  batch 1400/4465 loss 1.6520
  batch 1450/4465 loss 1.7209
  batch 1500/4465 loss 1.6753
  batch 1550/4465 loss 1.6321
  batch 1600/4465 loss 1.6743
  batch 1650/4465 loss 1.4822
  batch 1700/4465 loss 1.5649
  batch 1750/4465 loss 1.5792
  batch 1800/4465 loss 1.6255
  batch 1850/4465 loss 1.5053
  batch 1900/4465 loss 1.6184
  batch 1950/4465 loss 1.4709
  batch 2000/4465 loss 1.5715
  batch 2050/4465 loss 1.4719
  batch 2100/4465 loss 1.7006
  batch 2150/4465 loss 1.5858
  batch 2200/4465 loss 1.5490
  batch 2250/4465 loss 1.5630
  batch 2300/4465 loss 1.5498
  batch 2350/4465 loss 1.8134
  batch 2400/4465 loss 1.6077
  batch 2450/4465 loss 1.6900
  batch 2500/4465 loss 1.6720
  batch 2550/4465 loss 1.6457
  batch 2600/4465 loss 1.5489
  batch 2650/4465 loss 1.5208
  batch 2700/4465 loss 1.5811
  batch 2750/4465 loss 1.5984
  batch 2800/4465 loss 1.6653
  batch 2850/4465 loss 1.6138
  batch 2900/4465 loss 1.7352
  batch 2950/4465 loss 1.6190
  batch 3000/4465 loss 1.5711
  batch 3050/4465 loss 1.6797
  batch 3100/4465 loss 1.6897
  batch 3150/4465 loss 1.6111
  batch 3200/4465 loss 1.5973
  batch 3250/4465 loss 1.4793
  batch 3300/4465 loss 1.7599
  batch 3350/4465 loss 1.6252
  batch 3400/4465 loss 1.5473
  batch 3450/4465 loss 1.6963
  batch 3500/4465 loss 1.6267
  batch 3550/4465 loss 1.7200
  batch 3600/4465 loss 1.4688
  batch 3650/4465 loss 1.4259
  batch 3700/4465 loss 1.5482
  batch 3750/4465 loss 1.4633
  batch 3800/4465 loss 1.5908
  batch 3850/4465 loss 1.6820
  batch 3900/4465 loss 1.5519
  batch 3950/4465 loss 1.6518
  batch 4000/4465 loss 1.6526
  batch 4050/4465 loss 1.5398
  batch 4100/4465 loss 1.6183
  batch 4150/4465 loss 1.5163
  batch 4200/4465 loss 1.5416
  batch 4250/4465 loss 1.5999
  batch 4300/4465 loss 1.7013
  batch 4350/4465 loss 1.5939
  batch 4400/4465 loss 1.5921
  batch 4450/4465 loss 1.6103
  batch 4465/4465 loss 1.8248
ep05/20  train 1.6112  val WAPE 0.2121  time 51.5s
  no improvement (3/4)

Starting epoch 6/20...
  batch 50/4465 loss 1.5965
  batch 100/4465 loss 1.6329
  batch 150/4465 loss 1.5781
  batch 200/4465 loss 1.6827
  batch 250/4465 loss 1.5761
  batch 300/4465 loss 1.7143
  batch 350/4465 loss 1.5313
  batch 400/4465 loss 1.6594
  batch 450/4465 loss 1.6088
  batch 500/4465 loss 1.6318
  batch 550/4465 loss 1.6006
  batch 600/4465 loss 1.5494
  batch 650/4465 loss 1.5345
  batch 700/4465 loss 1.7719
  batch 750/4465 loss 1.6714
  batch 800/4465 loss 1.5924
  batch 850/4465 loss 1.7137
  batch 900/4465 loss 1.5866
  batch 950/4465 loss 1.6478
  batch 1000/4465 loss 1.5689
  batch 1050/4465 loss 1.5658
  batch 1100/4465 loss 1.6794
  batch 1150/4465 loss 1.5205
  batch 1200/4465 loss 1.5926
  batch 1250/4465 loss 1.5394
  batch 1300/4465 loss 1.7470
  batch 1350/4465 loss 1.6670
  batch 1400/4465 loss 1.7223
  batch 1450/4465 loss 1.5584
  batch 1500/4465 loss 1.5852
  batch 1550/4465 loss 1.6255
  batch 1600/4465 loss 1.4760
  batch 1650/4465 loss 1.7192
  batch 1700/4465 loss 1.5162
  batch 1750/4465 loss 1.5482
  batch 1800/4465 loss 1.7034
  batch 1850/4465 loss 1.7639
  batch 1900/4465 loss 1.7220
  batch 1950/4465 loss 1.6047
  batch 2000/4465 loss 1.5926
  batch 2050/4465 loss 1.5715
  batch 2100/4465 loss 1.6263
  batch 2150/4465 loss 1.6351
  batch 2200/4465 loss 1.6374
  batch 2250/4465 loss 1.6968
  batch 2300/4465 loss 1.5232
  batch 2350/4465 loss 1.6108
  batch 2400/4465 loss 1.4769
  batch 2450/4465 loss 1.5180
  batch 2500/4465 loss 1.5737
  batch 2550/4465 loss 1.5127
  batch 2600/4465 loss 1.4267
  batch 2650/4465 loss 1.7284
  batch 2700/4465 loss 1.7441
  batch 2750/4465 loss 1.6951
  batch 2800/4465 loss 1.5322
  batch 2850/4465 loss 1.5884
  batch 2900/4465 loss 1.4785
  batch 2950/4465 loss 1.6806
  batch 3000/4465 loss 1.5719
  batch 3050/4465 loss 1.5883
  batch 3100/4465 loss 1.6915
  batch 3150/4465 loss 1.5288
  batch 3200/4465 loss 1.5211
  batch 3250/4465 loss 1.6540
  batch 3300/4465 loss 1.6111
  batch 3350/4465 loss 1.6518
  batch 3400/4465 loss 1.7432
  batch 3450/4465 loss 1.6691
  batch 3500/4465 loss 1.6394
  batch 3550/4465 loss 1.6255
  batch 3600/4465 loss 1.6333
  batch 3650/4465 loss 1.5283
  batch 3700/4465 loss 1.4718
  batch 3750/4465 loss 1.6191
  batch 3800/4465 loss 1.6640
  batch 3850/4465 loss 1.6289
  batch 3900/4465 loss 1.5308
  batch 3950/4465 loss 1.6015
  batch 4000/4465 loss 1.5187
  batch 4050/4465 loss 1.6726
  batch 4100/4465 loss 1.3782
  batch 4150/4465 loss 1.6008
  batch 4200/4465 loss 1.6727
  batch 4250/4465 loss 1.6889
  batch 4300/4465 loss 1.4704
  batch 4350/4465 loss 1.7490
  batch 4400/4465 loss 1.5742
  batch 4450/4465 loss 1.6025
  batch 4465/4465 loss 1.5531
ep06/20  train 1.6106  val WAPE 0.2183  time 52.2s
  no improvement (4/4)
early stop
linear params: 356833

Starting epoch 1/20...
  batch 50/3889 loss 3.7316
  batch 100/3889 loss 3.4304
  batch 150/3889 loss 3.0903
  batch 200/3889 loss 3.1281
  batch 250/3889 loss 3.1671
  batch 300/3889 loss 3.1309
  batch 350/3889 loss 2.9952
  batch 400/3889 loss 3.0954
  batch 450/3889 loss 2.8595
  batch 500/3889 loss 3.0608
  batch 550/3889 loss 2.8346
  batch 600/3889 loss 2.6652
  batch 650/3889 loss 2.6241
  batch 700/3889 loss 2.7064
  batch 750/3889 loss 2.6929
  batch 800/3889 loss 2.7387
  batch 850/3889 loss 2.5627
  batch 900/3889 loss 2.6223
  batch 950/3889 loss 2.3493
  batch 1000/3889 loss 2.4447
  batch 1050/3889 loss 2.4311
  batch 1100/3889 loss 2.3983
  batch 1150/3889 loss 2.3789
  batch 1200/3889 loss 2.5824
  batch 1250/3889 loss 2.3896
  batch 1300/3889 loss 2.5223
  batch 1350/3889 loss 2.2054
  batch 1400/3889 loss 2.2447
  batch 1450/3889 loss 2.3260
  batch 1500/3889 loss 2.3515
  batch 1550/3889 loss 2.3635
  batch 1600/3889 loss 2.1986
  batch 1650/3889 loss 2.0696
  batch 1700/3889 loss 2.2459
  batch 1750/3889 loss 2.1939
  batch 1800/3889 loss 2.3038
  batch 1850/3889 loss 2.2271
  batch 1900/3889 loss 2.1288
  batch 1950/3889 loss 2.1515
  batch 2000/3889 loss 2.1487
  batch 2050/3889 loss 2.0696
  batch 2100/3889 loss 2.0279
  batch 2150/3889 loss 2.1696
  batch 2200/3889 loss 2.1503
  batch 2250/3889 loss 2.1182
  batch 2300/3889 loss 2.0077
  batch 2350/3889 loss 2.0200
  batch 2400/3889 loss 2.0199
  batch 2450/3889 loss 1.9595
  batch 2500/3889 loss 1.9347
  batch 2550/3889 loss 1.9733
  batch 2600/3889 loss 1.8872
  batch 2650/3889 loss 1.9353
  batch 2700/3889 loss 2.0472
  batch 2750/3889 loss 1.9320
  batch 2800/3889 loss 1.9321
  batch 2850/3889 loss 1.9803
  batch 2900/3889 loss 1.9612
  batch 2950/3889 loss 1.9793
  batch 3000/3889 loss 2.0153
  batch 3050/3889 loss 1.9217
  batch 3100/3889 loss 1.9096
  batch 3150/3889 loss 1.8285
  batch 3200/3889 loss 1.8139
  batch 3250/3889 loss 1.8611
  batch 3300/3889 loss 1.8326
  batch 3350/3889 loss 1.8292
  batch 3400/3889 loss 1.8154
  batch 3450/3889 loss 1.8734
  batch 3500/3889 loss 1.8173
  batch 3550/3889 loss 1.9404
  batch 3600/3889 loss 1.7730
  batch 3650/3889 loss 1.8267
  batch 3700/3889 loss 1.7773
  batch 3750/3889 loss 1.8681
  batch 3800/3889 loss 1.6486
  batch 3850/3889 loss 1.8202
  batch 3889/3889 loss 1.7665
ep01/20  train 2.2698  val WAPE 0.2063  time 26.8s
  ✓ new best WAPE: 0.2063

Starting epoch 2/20...
  batch 50/3889 loss 1.7434
  batch 100/3889 loss 1.8646
  batch 150/3889 loss 1.7395
  batch 200/3889 loss 1.6952
  batch 250/3889 loss 1.6961
  batch 300/3889 loss 1.7439
  batch 350/3889 loss 1.7539
  batch 400/3889 loss 1.8086
  batch 450/3889 loss 1.7385
  batch 500/3889 loss 1.7932
  batch 550/3889 loss 1.7058
  batch 600/3889 loss 1.8038
  batch 650/3889 loss 1.5401
  batch 700/3889 loss 1.6606
  batch 750/3889 loss 1.6045
  batch 800/3889 loss 1.6906
  batch 850/3889 loss 1.6347
  batch 900/3889 loss 1.6723
  batch 950/3889 loss 1.5634
  batch 1000/3889 loss 1.6182
  batch 1050/3889 loss 1.7239
  batch 1100/3889 loss 1.8071
  batch 1150/3889 loss 1.6631
  batch 1200/3889 loss 1.6347
  batch 1250/3889 loss 1.6828
  batch 1300/3889 loss 1.6901
  batch 1350/3889 loss 1.6988
  batch 1400/3889 loss 1.7193
  batch 1450/3889 loss 1.6118
  batch 1500/3889 loss 1.5603
  batch 1550/3889 loss 1.6698
  batch 1600/3889 loss 1.6363
  batch 1650/3889 loss 1.5975
  batch 1700/3889 loss 1.5823
  batch 1750/3889 loss 1.6331
  batch 1800/3889 loss 1.5865
  batch 1850/3889 loss 1.7598
  batch 1900/3889 loss 1.6718
  batch 1950/3889 loss 1.6138
  batch 2000/3889 loss 1.6014
  batch 2050/3889 loss 1.7620
  batch 2100/3889 loss 1.5845
  batch 2150/3889 loss 1.6993
  batch 2200/3889 loss 1.5836
  batch 2250/3889 loss 1.6293
  batch 2300/3889 loss 1.7387
  batch 2350/3889 loss 1.6308
  batch 2400/3889 loss 1.5678
  batch 2450/3889 loss 1.6640
  batch 2500/3889 loss 1.6740
  batch 2550/3889 loss 1.6287
  batch 2600/3889 loss 1.7148
  batch 2650/3889 loss 1.6511
  batch 2700/3889 loss 1.5700
  batch 2750/3889 loss 1.5681
  batch 2800/3889 loss 1.5768
  batch 2850/3889 loss 1.6009
  batch 2900/3889 loss 1.6365
  batch 2950/3889 loss 1.5536
  batch 3000/3889 loss 1.6565
  batch 3050/3889 loss 1.5392
  batch 3100/3889 loss 1.5203
  batch 3150/3889 loss 1.5300
  batch 3200/3889 loss 1.4846
  batch 3250/3889 loss 1.5978
  batch 3300/3889 loss 1.5329
  batch 3350/3889 loss 1.4744
  batch 3400/3889 loss 1.5709
  batch 3450/3889 loss 1.4789
  batch 3500/3889 loss 1.4134
  batch 3550/3889 loss 1.5749
  batch 3600/3889 loss 1.3322
  batch 3650/3889 loss 1.4985
  batch 3700/3889 loss 1.5593
  batch 3750/3889 loss 1.3400
  batch 3800/3889 loss 1.5647
  batch 3850/3889 loss 1.5697
  batch 3889/3889 loss 1.7155
ep02/20  train 1.6192  val WAPE 0.1845  time 13.7s
  ✓ new best WAPE: 0.1845

Starting epoch 3/20...
  batch 50/3889 loss 1.6005
  batch 100/3889 loss 1.5654
  batch 150/3889 loss 1.5651
  batch 200/3889 loss 1.6132
  batch 250/3889 loss 1.4482
  batch 300/3889 loss 1.6676
  batch 350/3889 loss 1.6703
  batch 400/3889 loss 1.5640
  batch 450/3889 loss 1.5352
  batch 500/3889 loss 1.4828
  batch 550/3889 loss 1.5892
  batch 600/3889 loss 1.6171
  batch 650/3889 loss 1.4893
  batch 700/3889 loss 1.5641
  batch 750/3889 loss 1.5227
  batch 800/3889 loss 1.4944
  batch 850/3889 loss 1.5088
  batch 900/3889 loss 1.5537
  batch 950/3889 loss 1.5053
  batch 1000/3889 loss 1.4779
  batch 1050/3889 loss 1.6390
  batch 1100/3889 loss 1.5002
  batch 1150/3889 loss 1.6205
  batch 1200/3889 loss 1.5527
  batch 1250/3889 loss 1.5976
  batch 1300/3889 loss 1.5348
  batch 1350/3889 loss 1.4800
  batch 1400/3889 loss 1.4731
  batch 1450/3889 loss 1.5405
  batch 1500/3889 loss 1.6032
  batch 1550/3889 loss 1.4871
  batch 1600/3889 loss 1.5293
  batch 1650/3889 loss 1.5506
  batch 1700/3889 loss 1.4267
  batch 1750/3889 loss 1.4722
  batch 1800/3889 loss 1.5389
  batch 1850/3889 loss 1.5706
  batch 1900/3889 loss 1.6153
  batch 1950/3889 loss 1.6638
  batch 2000/3889 loss 1.4676
  batch 2050/3889 loss 1.4438
  batch 2100/3889 loss 1.5369
  batch 2150/3889 loss 1.5498
  batch 2200/3889 loss 1.5591
  batch 2250/3889 loss 1.5415
  batch 2300/3889 loss 1.6279
  batch 2350/3889 loss 1.5390
  batch 2400/3889 loss 1.5589
  batch 2450/3889 loss 1.5388
  batch 2500/3889 loss 1.4859
  batch 2550/3889 loss 1.6267
  batch 2600/3889 loss 1.4677
  batch 2650/3889 loss 1.4916
  batch 2700/3889 loss 1.6103
  batch 2750/3889 loss 1.6126
  batch 2800/3889 loss 1.6757
  batch 2850/3889 loss 1.5751
  batch 2900/3889 loss 1.6077
  batch 2950/3889 loss 1.4443
  batch 3000/3889 loss 1.5666
  batch 3050/3889 loss 1.4218
  batch 3100/3889 loss 1.5104
  batch 3150/3889 loss 1.5045
  batch 3200/3889 loss 1.3509
  batch 3250/3889 loss 1.5145
  batch 3300/3889 loss 1.4759
  batch 3350/3889 loss 1.3143
  batch 3400/3889 loss 1.6063
  batch 3450/3889 loss 1.4767
  batch 3500/3889 loss 1.5069
  batch 3550/3889 loss 1.4735
  batch 3600/3889 loss 1.5385
  batch 3650/3889 loss 1.4502
  batch 3700/3889 loss 1.5172
  batch 3750/3889 loss 1.5021
  batch 3800/3889 loss 1.5084
  batch 3850/3889 loss 1.4864
  batch 3889/3889 loss 1.5802
ep03/20  train 1.5285  val WAPE 0.1850  time 13.6s
  no improvement (1/4)

Starting epoch 4/20...
  batch 50/3889 loss 1.4843
  batch 100/3889 loss 1.3852
  batch 150/3889 loss 1.3703
  batch 200/3889 loss 1.4914
  batch 250/3889 loss 1.5826
  batch 300/3889 loss 1.4370
  batch 350/3889 loss 1.5360
  batch 400/3889 loss 1.6167
  batch 450/3889 loss 1.5716
  batch 500/3889 loss 1.5729
  batch 550/3889 loss 1.5079
  batch 600/3889 loss 1.4482
  batch 650/3889 loss 1.4307
  batch 700/3889 loss 1.5424
  batch 750/3889 loss 1.4455
  batch 800/3889 loss 1.5678
  batch 850/3889 loss 1.4040
  batch 900/3889 loss 1.5276
  batch 950/3889 loss 1.4532
  batch 1000/3889 loss 1.5134
  batch 1050/3889 loss 1.5374
  batch 1100/3889 loss 1.5960
  batch 1150/3889 loss 1.6465
  batch 1200/3889 loss 1.5585
  batch 1250/3889 loss 1.5167
  batch 1300/3889 loss 1.5463
  batch 1350/3889 loss 1.5029
  batch 1400/3889 loss 1.4556
  batch 1450/3889 loss 1.5173
  batch 1500/3889 loss 1.5094
  batch 1550/3889 loss 1.6028
  batch 1600/3889 loss 1.4401
  batch 1650/3889 loss 1.5295
  batch 1700/3889 loss 1.5740
  batch 1750/3889 loss 1.4750
  batch 1800/3889 loss 1.5541
  batch 1850/3889 loss 1.5943
  batch 1900/3889 loss 1.5179
  batch 1950/3889 loss 1.4554
  batch 2000/3889 loss 1.6360
  batch 2050/3889 loss 1.4852
  batch 2100/3889 loss 1.6612
  batch 2150/3889 loss 1.5701
  batch 2200/3889 loss 1.6167
  batch 2250/3889 loss 1.4720
  batch 2300/3889 loss 1.6809
  batch 2350/3889 loss 1.4301
  batch 2400/3889 loss 1.6325
  batch 2450/3889 loss 1.5516
  batch 2500/3889 loss 1.6148
  batch 2550/3889 loss 1.6402
  batch 2600/3889 loss 1.4931
  batch 2650/3889 loss 1.5218
  batch 2700/3889 loss 1.5716
  batch 2750/3889 loss 1.5635
  batch 2800/3889 loss 1.5267
  batch 2850/3889 loss 1.6573
  batch 2900/3889 loss 1.5829
  batch 2950/3889 loss 1.4857
  batch 3000/3889 loss 1.4742
  batch 3050/3889 loss 1.5754
  batch 3100/3889 loss 1.5965
  batch 3150/3889 loss 1.4910
  batch 3200/3889 loss 1.4681
  batch 3250/3889 loss 1.4943
  batch 3300/3889 loss 1.4430
  batch 3350/3889 loss 1.4955
  batch 3400/3889 loss 1.5596
  batch 3450/3889 loss 1.5984
  batch 3500/3889 loss 1.5707
  batch 3550/3889 loss 1.5548
  batch 3600/3889 loss 1.6109
  batch 3650/3889 loss 1.5448
  batch 3700/3889 loss 1.4557
  batch 3750/3889 loss 1.5601
  batch 3800/3889 loss 1.6425
  batch 3850/3889 loss 1.5118
  batch 3889/3889 loss 1.6738
ep04/20  train 1.5332  val WAPE 0.1888  time 13.5s
  no improvement (2/4)

Starting epoch 5/20...
  batch 50/3889 loss 1.5984
  batch 100/3889 loss 1.5642
  batch 150/3889 loss 1.4944
  batch 200/3889 loss 1.5245
  batch 250/3889 loss 1.5412
  batch 300/3889 loss 1.5414
  batch 350/3889 loss 1.6812
  batch 400/3889 loss 1.5203
  batch 450/3889 loss 1.4141
  batch 500/3889 loss 1.5792
  batch 550/3889 loss 1.6376
  batch 600/3889 loss 1.4567
  batch 650/3889 loss 1.5351
  batch 700/3889 loss 1.4370
  batch 750/3889 loss 1.7038
  batch 800/3889 loss 1.5281
  batch 850/3889 loss 1.5645
  batch 900/3889 loss 1.6187
  batch 950/3889 loss 1.5691
  batch 1000/3889 loss 1.6165
  batch 1050/3889 loss 1.4956
  batch 1100/3889 loss 1.4770
  batch 1150/3889 loss 1.4989
  batch 1200/3889 loss 1.6671
  batch 1250/3889 loss 1.6281
  batch 1300/3889 loss 1.5490
  batch 1350/3889 loss 1.5635
  batch 1400/3889 loss 1.5410
  batch 1450/3889 loss 1.4966
  batch 1500/3889 loss 1.7238
  batch 1550/3889 loss 1.4633
  batch 1600/3889 loss 1.6703
  batch 1650/3889 loss 1.5674
  batch 1700/3889 loss 1.5473
  batch 1750/3889 loss 1.4390
  batch 1800/3889 loss 1.5927
  batch 1850/3889 loss 1.4741
  batch 1900/3889 loss 1.5072
  batch 1950/3889 loss 1.5044
  batch 2000/3889 loss 1.5043
  batch 2050/3889 loss 1.5339
  batch 2100/3889 loss 1.4686
  batch 2150/3889 loss 1.5812
  batch 2200/3889 loss 1.4764
  batch 2250/3889 loss 1.4405
  batch 2300/3889 loss 1.4756
  batch 2350/3889 loss 1.4284
  batch 2400/3889 loss 1.4928
  batch 2450/3889 loss 1.5124
  batch 2500/3889 loss 1.6187
  batch 2550/3889 loss 1.5375
  batch 2600/3889 loss 1.6099
  batch 2650/3889 loss 1.5214
  batch 2700/3889 loss 1.7173
  batch 2750/3889 loss 1.4563
  batch 2800/3889 loss 1.5946
  batch 2850/3889 loss 1.5772
  batch 2900/3889 loss 1.4215
  batch 2950/3889 loss 1.6794
  batch 3000/3889 loss 1.5729
  batch 3050/3889 loss 1.5601
  batch 3100/3889 loss 1.5157
  batch 3150/3889 loss 1.5213
  batch 3200/3889 loss 1.4911
  batch 3250/3889 loss 1.6159
  batch 3300/3889 loss 1.6280
  batch 3350/3889 loss 1.6393
  batch 3400/3889 loss 1.6944
  batch 3450/3889 loss 1.5413
  batch 3500/3889 loss 1.5592
  batch 3550/3889 loss 1.5487
  batch 3600/3889 loss 1.5535
  batch 3650/3889 loss 1.5097
  batch 3700/3889 loss 1.6529
  batch 3750/3889 loss 1.5690
  batch 3800/3889 loss 1.5228
  batch 3850/3889 loss 1.6101
  batch 3889/3889 loss 1.5441
ep05/20  train 1.5451  val WAPE 0.1894  time 50.8s
  no improvement (3/4)

Starting epoch 6/20...
  batch 50/3889 loss 1.5643
  batch 100/3889 loss 1.4399
  batch 150/3889 loss 1.6274
  batch 200/3889 loss 1.4615
  batch 250/3889 loss 1.5495
  batch 300/3889 loss 1.4710
  batch 350/3889 loss 1.4733
  batch 400/3889 loss 1.4590
  batch 450/3889 loss 1.6171
  batch 500/3889 loss 1.4198
  batch 550/3889 loss 1.5765
  batch 600/3889 loss 1.5756
  batch 650/3889 loss 1.5351
  batch 700/3889 loss 1.4706
  batch 750/3889 loss 1.6391
  batch 800/3889 loss 1.6968
  batch 850/3889 loss 1.6261
  batch 900/3889 loss 1.5595
  batch 950/3889 loss 1.4344
  batch 1000/3889 loss 1.5991
  batch 1050/3889 loss 1.5353
  batch 1100/3889 loss 1.5399
  batch 1150/3889 loss 1.4069
  batch 1200/3889 loss 1.6228
  batch 1250/3889 loss 1.6963
  batch 1300/3889 loss 1.5421
  batch 1350/3889 loss 1.5636
  batch 1400/3889 loss 1.5661
  batch 1450/3889 loss 1.4573
  batch 1500/3889 loss 1.6429
  batch 1550/3889 loss 1.5417
  batch 1600/3889 loss 1.5207
  batch 1650/3889 loss 1.4664
  batch 1700/3889 loss 1.6009
  batch 1750/3889 loss 1.5486
  batch 1800/3889 loss 1.4972
  batch 1850/3889 loss 1.4462
  batch 1900/3889 loss 1.5921
  batch 1950/3889 loss 1.6256
  batch 2000/3889 loss 1.6268
  batch 2050/3889 loss 1.5031
  batch 2100/3889 loss 1.7140
  batch 2150/3889 loss 1.5641
  batch 2200/3889 loss 1.4768
  batch 2250/3889 loss 1.4896
  batch 2300/3889 loss 1.5858
  batch 2350/3889 loss 1.6084
  batch 2400/3889 loss 1.5406
  batch 2450/3889 loss 1.4374
  batch 2500/3889 loss 1.4205
  batch 2550/3889 loss 1.6326
  batch 2600/3889 loss 1.5168
  batch 2650/3889 loss 1.4545
  batch 2700/3889 loss 1.5634
  batch 2750/3889 loss 1.4422
  batch 2800/3889 loss 1.5619
  batch 2850/3889 loss 1.5658
  batch 2900/3889 loss 1.6182
  batch 2950/3889 loss 1.4777
  batch 3000/3889 loss 1.4812
  batch 3050/3889 loss 1.5925
  batch 3100/3889 loss 1.5814
  batch 3150/3889 loss 1.4129
  batch 3200/3889 loss 1.4703
  batch 3250/3889 loss 1.5019
  batch 3300/3889 loss 1.6223
  batch 3350/3889 loss 1.6832
  batch 3400/3889 loss 1.4120
  batch 3450/3889 loss 1.5928
  batch 3500/3889 loss 1.6545
  batch 3550/3889 loss 1.5631
  batch 3600/3889 loss 1.6006
  batch 3650/3889 loss 1.5496
  batch 3700/3889 loss 1.5797
  batch 3750/3889 loss 1.5587
  batch 3800/3889 loss 1.5287
  batch 3850/3889 loss 1.4549
  batch 3889/3889 loss 1.4121
ep06/20  train 1.5505  val WAPE 0.1884  time 53.8s
  no improvement (4/4)
early stop
linear params: 227809

Starting epoch 1/20...
  batch 50/4465 loss 4.4584
  batch 100/4465 loss 4.2953
  batch 150/4465 loss 4.0604
  batch 200/4465 loss 3.9391
  batch 250/4465 loss 3.8573
  batch 300/4465 loss 3.8167
  batch 350/4465 loss 3.7339
  batch 400/4465 loss 3.5260
  batch 450/4465 loss 3.5239
  batch 500/4465 loss 3.7358
  batch 550/4465 loss 3.5763
  batch 600/4465 loss 3.5623
  batch 650/4465 loss 3.4978
  batch 700/4465 loss 3.3913
  batch 750/4465 loss 3.3842
  batch 800/4465 loss 3.2681
  batch 850/4465 loss 3.0835
  batch 900/4465 loss 3.0621
  batch 950/4465 loss 3.0730
  batch 1000/4465 loss 3.2049
  batch 1050/4465 loss 3.2042
  batch 1100/4465 loss 3.0233
  batch 1150/4465 loss 3.0924
  batch 1200/4465 loss 2.9706
  batch 1250/4465 loss 3.0802
  batch 1300/4465 loss 3.0560
  batch 1350/4465 loss 2.9243
  batch 1400/4465 loss 2.8934
  batch 1450/4465 loss 2.8538
  batch 1500/4465 loss 2.8142
  batch 1550/4465 loss 2.8987
  batch 1600/4465 loss 2.8384
  batch 1650/4465 loss 2.8259
  batch 1700/4465 loss 2.6415
  batch 1750/4465 loss 2.7857
  batch 1800/4465 loss 2.9662
  batch 1850/4465 loss 2.8411
  batch 1900/4465 loss 2.7536
  batch 1950/4465 loss 2.8286
  batch 2000/4465 loss 2.8740
  batch 2050/4465 loss 2.7210
  batch 2100/4465 loss 2.7636
  batch 2150/4465 loss 2.6182
  batch 2200/4465 loss 2.6911
  batch 2250/4465 loss 2.6618
  batch 2300/4465 loss 2.6387
  batch 2350/4465 loss 2.7257
  batch 2400/4465 loss 2.4917
  batch 2450/4465 loss 2.5843
  batch 2500/4465 loss 2.6520
  batch 2550/4465 loss 2.4365
  batch 2600/4465 loss 2.6631
  batch 2650/4465 loss 2.5522
  batch 2700/4465 loss 2.5801
  batch 2750/4465 loss 2.4447
  batch 2800/4465 loss 2.4703
  batch 2850/4465 loss 2.4806
  batch 2900/4465 loss 2.5921
  batch 2950/4465 loss 2.6335
  batch 3000/4465 loss 2.4432
  batch 3050/4465 loss 2.5200
  batch 3100/4465 loss 2.5082
  batch 3150/4465 loss 2.6482
  batch 3200/4465 loss 2.4093
  batch 3250/4465 loss 2.4146
  batch 3300/4465 loss 2.4253
  batch 3350/4465 loss 2.4409
  batch 3400/4465 loss 2.4097
  batch 3450/4465 loss 2.4213
  batch 3500/4465 loss 2.4236
  batch 3550/4465 loss 2.4068
  batch 3600/4465 loss 2.4279
  batch 3650/4465 loss 2.2726
  batch 3700/4465 loss 2.4612
  batch 3750/4465 loss 2.3359
  batch 3800/4465 loss 2.3322
  batch 3850/4465 loss 2.2727
  batch 3900/4465 loss 2.3111
  batch 3950/4465 loss 2.2949
  batch 4000/4465 loss 2.2884
  batch 4050/4465 loss 2.4471
  batch 4100/4465 loss 2.5382
  batch 4150/4465 loss 2.2912
  batch 4200/4465 loss 2.2988
  batch 4250/4465 loss 2.3594
  batch 4300/4465 loss 2.3076
  batch 4350/4465 loss 2.1893
  batch 4400/4465 loss 2.3904
  batch 4450/4465 loss 2.2580
  batch 4465/4465 loss 2.1137
ep01/20  train 2.8167  val WAPE 0.2181  time 48.4s
  ✓ new best WAPE: 0.2181

Starting epoch 2/20...
  batch 50/4465 loss 2.3108
  batch 100/4465 loss 2.1295
  batch 150/4465 loss 2.1973
  batch 200/4465 loss 2.1967
  batch 250/4465 loss 2.1918
  batch 300/4465 loss 2.1758
  batch 350/4465 loss 2.2647
  batch 400/4465 loss 2.3927
  batch 450/4465 loss 2.1914
  batch 500/4465 loss 2.1727
  batch 550/4465 loss 2.1820
  batch 600/4465 loss 2.2048
  batch 650/4465 loss 2.3517
  batch 700/4465 loss 2.1962
  batch 750/4465 loss 2.1283
  batch 800/4465 loss 2.3159
  batch 850/4465 loss 2.1997
  batch 900/4465 loss 2.1510
  batch 950/4465 loss 2.3215
  batch 1000/4465 loss 2.2120
  batch 1050/4465 loss 2.3077
  batch 1100/4465 loss 2.2194
  batch 1150/4465 loss 2.2739
  batch 1200/4465 loss 2.1817
  batch 1250/4465 loss 2.2750
  batch 1300/4465 loss 2.1107
  batch 1350/4465 loss 2.2662
  batch 1400/4465 loss 2.2591
  batch 1450/4465 loss 1.9988
  batch 1500/4465 loss 2.0672
  batch 1550/4465 loss 2.0502
  batch 1600/4465 loss 1.9627
  batch 1650/4465 loss 2.1161
  batch 1700/4465 loss 2.1457
  batch 1750/4465 loss 2.3046
  batch 1800/4465 loss 2.0897
  batch 1850/4465 loss 2.2784
  batch 1900/4465 loss 2.0489
  batch 1950/4465 loss 2.1480
  batch 2000/4465 loss 2.1058
  batch 2050/4465 loss 2.2730
  batch 2100/4465 loss 2.0268
  batch 2150/4465 loss 2.2397
  batch 2200/4465 loss 2.1077
  batch 2250/4465 loss 2.0978
  batch 2300/4465 loss 2.0543
  batch 2350/4465 loss 2.1333
  batch 2400/4465 loss 1.9603
  batch 2450/4465 loss 2.2302
  batch 2500/4465 loss 2.1709
  batch 2550/4465 loss 2.1532
  batch 2600/4465 loss 2.0199
  batch 2650/4465 loss 2.0226
  batch 2700/4465 loss 1.9638
  batch 2750/4465 loss 2.0779
  batch 2800/4465 loss 2.1877
  batch 2850/4465 loss 2.2159
  batch 2900/4465 loss 2.1040
  batch 2950/4465 loss 2.0826
  batch 3000/4465 loss 2.1031
  batch 3050/4465 loss 2.0567
  batch 3100/4465 loss 1.9696
  batch 3150/4465 loss 2.0820
  batch 3200/4465 loss 2.1385
  batch 3250/4465 loss 2.1727
  batch 3300/4465 loss 2.0652
  batch 3350/4465 loss 1.9396
  batch 3400/4465 loss 2.1291
  batch 3450/4465 loss 2.1007
  batch 3500/4465 loss 2.1408
  batch 3550/4465 loss 2.1192
  batch 3600/4465 loss 2.0308
  batch 3650/4465 loss 2.2010
  batch 3700/4465 loss 2.1601
  batch 3750/4465 loss 1.9912
  batch 3800/4465 loss 2.0169
  batch 3850/4465 loss 2.1582
  batch 3900/4465 loss 2.1456
  batch 3950/4465 loss 2.0399
  batch 4000/4465 loss 2.1948
  batch 4050/4465 loss 2.0573
  batch 4100/4465 loss 2.0983
  batch 4150/4465 loss 2.0331
  batch 4200/4465 loss 1.9776
  batch 4250/4465 loss 2.0897
  batch 4300/4465 loss 2.1872
  batch 4350/4465 loss 2.1128
  batch 4400/4465 loss 2.0770
  batch 4450/4465 loss 2.0412
  batch 4465/4465 loss 2.0232
ep02/20  train 2.1402  val WAPE 0.2041  time 27.9s
  ✓ new best WAPE: 0.2041

Starting epoch 3/20...
  batch 50/4465 loss 2.2071
  batch 100/4465 loss 1.9498
  batch 150/4465 loss 2.0713
  batch 200/4465 loss 2.1021
  batch 250/4465 loss 2.0883
  batch 300/4465 loss 1.9956
  batch 350/4465 loss 1.9997
  batch 400/4465 loss 2.1315
  batch 450/4465 loss 1.8716
  batch 500/4465 loss 1.9924
  batch 550/4465 loss 2.0634
  batch 600/4465 loss 2.1174
  batch 650/4465 loss 1.9304
  batch 700/4465 loss 2.1326
  batch 750/4465 loss 2.0924
  batch 800/4465 loss 2.1859
  batch 850/4465 loss 2.1673
  batch 900/4465 loss 2.1176
  batch 950/4465 loss 1.9916
  batch 1000/4465 loss 1.9861
  batch 1050/4465 loss 2.0603
  batch 1100/4465 loss 2.1160
  batch 1150/4465 loss 2.1605
  batch 1200/4465 loss 2.0770
  batch 1250/4465 loss 2.1716
  batch 1300/4465 loss 2.1195
  batch 1350/4465 loss 2.0390
  batch 1400/4465 loss 2.2381
  batch 1450/4465 loss 1.9005
  batch 1500/4465 loss 2.0839
  batch 1550/4465 loss 2.0796
  batch 1600/4465 loss 2.0759
  batch 1650/4465 loss 1.7147
  batch 1700/4465 loss 2.3218
  batch 1750/4465 loss 2.0731
  batch 1800/4465 loss 2.1211
  batch 1850/4465 loss 2.0616
  batch 1900/4465 loss 2.0937
  batch 1950/4465 loss 2.0565
  batch 2000/4465 loss 2.2069
  batch 2050/4465 loss 2.0560
  batch 2100/4465 loss 2.0164
  batch 2150/4465 loss 2.0816
  batch 2200/4465 loss 2.1426
  batch 2250/4465 loss 2.0219
  batch 2300/4465 loss 2.0251
  batch 2350/4465 loss 1.9680
  batch 2400/4465 loss 2.1536
  batch 2450/4465 loss 2.0348
  batch 2500/4465 loss 2.1733
  batch 2550/4465 loss 2.0590
  batch 2600/4465 loss 1.9152
  batch 2650/4465 loss 2.1024
  batch 2700/4465 loss 2.0363
  batch 2750/4465 loss 2.1119
  batch 2800/4465 loss 2.3212
  batch 2850/4465 loss 2.0907
  batch 2900/4465 loss 2.1456
  batch 2950/4465 loss 2.0598
  batch 3000/4465 loss 1.9915
  batch 3050/4465 loss 1.9878
  batch 3100/4465 loss 2.2238
  batch 3150/4465 loss 2.0285
  batch 3200/4465 loss 1.9058
  batch 3250/4465 loss 2.0702
  batch 3300/4465 loss 1.9373
  batch 3350/4465 loss 2.0466
  batch 3400/4465 loss 2.0939
  batch 3450/4465 loss 1.8526
  batch 3500/4465 loss 2.0547
  batch 3550/4465 loss 1.9105
  batch 3600/4465 loss 1.9849
  batch 3650/4465 loss 2.0475
  batch 3700/4465 loss 1.9737
  batch 3750/4465 loss 2.0704
  batch 3800/4465 loss 2.2108
  batch 3850/4465 loss 2.0300
  batch 3900/4465 loss 2.0583
  batch 3950/4465 loss 1.9800
  batch 4000/4465 loss 2.0632
  batch 4050/4465 loss 2.1824
  batch 4100/4465 loss 1.9688
  batch 4150/4465 loss 2.0040
  batch 4200/4465 loss 1.9719
  batch 4250/4465 loss 2.0984
  batch 4300/4465 loss 2.0128
  batch 4350/4465 loss 2.2914
  batch 4400/4465 loss 2.1665
  batch 4450/4465 loss 2.0459
  batch 4465/4465 loss 2.0467
ep03/20  train 2.0522  val WAPE 0.2100  time 51.4s
  no improvement (1/4)

Starting epoch 4/20...
  batch 50/4465 loss 2.0419
  batch 100/4465 loss 2.0062
  batch 150/4465 loss 2.0959
  batch 200/4465 loss 2.1577
  batch 250/4465 loss 2.1196
  batch 300/4465 loss 2.0734
  batch 350/4465 loss 2.0402
  batch 400/4465 loss 2.1144
  batch 450/4465 loss 2.1098
  batch 500/4465 loss 2.0672
  batch 550/4465 loss 1.9721
  batch 600/4465 loss 1.9152
  batch 650/4465 loss 2.0246
  batch 700/4465 loss 2.1045
  batch 750/4465 loss 2.1270
  batch 800/4465 loss 2.0483
  batch 850/4465 loss 2.1154
  batch 900/4465 loss 1.9752
  batch 950/4465 loss 2.1306
  batch 1000/4465 loss 2.0978
  batch 1050/4465 loss 2.1595
  batch 1100/4465 loss 2.0502
  batch 1150/4465 loss 2.1385
  batch 1200/4465 loss 1.9905
  batch 1250/4465 loss 2.0305
  batch 1300/4465 loss 2.0804
  batch 1350/4465 loss 2.0932
  batch 1400/4465 loss 1.9649
  batch 1450/4465 loss 2.0000
  batch 1500/4465 loss 1.9966
  batch 1550/4465 loss 2.1138
  batch 1600/4465 loss 2.0109
  batch 1650/4465 loss 2.0586
  batch 1700/4465 loss 2.0571
  batch 1750/4465 loss 1.9867
  batch 1800/4465 loss 2.2006
  batch 1850/4465 loss 1.9860
  batch 1900/4465 loss 2.0500
  batch 1950/4465 loss 2.1921
  batch 2000/4465 loss 2.0669
  batch 2050/4465 loss 2.2305
  batch 2100/4465 loss 2.0978
  batch 2150/4465 loss 2.0153
  batch 2200/4465 loss 1.9260
  batch 2250/4465 loss 2.0718
  batch 2300/4465 loss 1.9624
  batch 2350/4465 loss 1.8878
  batch 2400/4465 loss 2.0120
  batch 2450/4465 loss 2.0286
  batch 2500/4465 loss 2.0310
  batch 2550/4465 loss 2.2025
  batch 2600/4465 loss 2.1939
  batch 2650/4465 loss 2.1399
  batch 2700/4465 loss 1.9836
  batch 2750/4465 loss 1.9325
  batch 2800/4465 loss 2.1340
  batch 2850/4465 loss 2.0545
  batch 2900/4465 loss 2.1775
  batch 2950/4465 loss 1.9948
  batch 3000/4465 loss 2.1751
  batch 3050/4465 loss 2.0581
  batch 3100/4465 loss 2.2041
  batch 3150/4465 loss 2.1028
  batch 3200/4465 loss 2.1293
  batch 3250/4465 loss 2.0796
  batch 3300/4465 loss 1.9335
  batch 3350/4465 loss 2.0384
  batch 3400/4465 loss 2.0933
  batch 3450/4465 loss 2.0879
  batch 3500/4465 loss 2.0248
  batch 3550/4465 loss 2.2011
  batch 3600/4465 loss 2.1277
  batch 3650/4465 loss 2.2070
  batch 3700/4465 loss 1.9555
  batch 3750/4465 loss 1.9884
  batch 3800/4465 loss 2.0161
  batch 3850/4465 loss 2.1558
  batch 3900/4465 loss 2.1868
  batch 3950/4465 loss 2.0567
  batch 4000/4465 loss 2.0457
  batch 4050/4465 loss 1.9583
  batch 4100/4465 loss 1.9974
  batch 4150/4465 loss 2.0258
  batch 4200/4465 loss 2.0788
  batch 4250/4465 loss 2.1071
  batch 4300/4465 loss 2.1006
  batch 4350/4465 loss 2.1220
  batch 4400/4465 loss 1.9787
  batch 4450/4465 loss 2.0740
  batch 4465/4465 loss 1.9572
ep04/20  train 2.0471  val WAPE 0.2107  time 51.4s
  no improvement (2/4)

Starting epoch 5/20...
  batch 50/4465 loss 2.0402
  batch 100/4465 loss 2.0104
  batch 150/4465 loss 2.1524
  batch 200/4465 loss 2.1054
  batch 250/4465 loss 2.1422
  batch 300/4465 loss 1.9855
  batch 350/4465 loss 1.9774
  batch 400/4465 loss 1.9927
  batch 450/4465 loss 2.0830
  batch 500/4465 loss 1.9467
  batch 550/4465 loss 2.0930
  batch 600/4465 loss 1.9318
  batch 650/4465 loss 2.0998
  batch 700/4465 loss 2.0723
  batch 750/4465 loss 2.0025
  batch 800/4465 loss 1.9577
  batch 850/4465 loss 2.1011
  batch 900/4465 loss 2.2408
  batch 950/4465 loss 2.0507
  batch 1000/4465 loss 1.9426
  batch 1050/4465 loss 1.8753
  batch 1100/4465 loss 1.9526
  batch 1150/4465 loss 2.0591
  batch 1200/4465 loss 2.0725
  batch 1250/4465 loss 2.0484
  batch 1300/4465 loss 2.0211
  batch 1350/4465 loss 1.9671
  batch 1400/4465 loss 2.0926
  batch 1450/4465 loss 2.1631
  batch 1500/4465 loss 2.1088
  batch 1550/4465 loss 2.0779
  batch 1600/4465 loss 2.1056
  batch 1650/4465 loss 1.9124
  batch 1700/4465 loss 2.0032
  batch 1750/4465 loss 2.0134
  batch 1800/4465 loss 2.0674
  batch 1850/4465 loss 1.9366
  batch 1900/4465 loss 2.0470
  batch 1950/4465 loss 1.9039
  batch 2000/4465 loss 2.0132
  batch 2050/4465 loss 1.9046
  batch 2100/4465 loss 2.1356
  batch 2150/4465 loss 2.0296
  batch 2200/4465 loss 1.9762
  batch 2250/4465 loss 2.0019
  batch 2300/4465 loss 1.9879
  batch 2350/4465 loss 2.2511
  batch 2400/4465 loss 2.0436
  batch 2450/4465 loss 2.1277
  batch 2500/4465 loss 2.1176
  batch 2550/4465 loss 2.0854
  batch 2600/4465 loss 1.9833
  batch 2650/4465 loss 1.9493
  batch 2700/4465 loss 2.0146
  batch 2750/4465 loss 2.0378
  batch 2800/4465 loss 2.1044
  batch 2850/4465 loss 2.0484
  batch 2900/4465 loss 2.1708
  batch 2950/4465 loss 2.0595
  batch 3000/4465 loss 2.0003
  batch 3050/4465 loss 2.1218
  batch 3100/4465 loss 2.1229
  batch 3150/4465 loss 2.0453
  batch 3200/4465 loss 2.0352
  batch 3250/4465 loss 1.9140
  batch 3300/4465 loss 2.2035
  batch 3350/4465 loss 2.0597
  batch 3400/4465 loss 1.9849
  batch 3450/4465 loss 2.1290
  batch 3500/4465 loss 2.0605
  batch 3550/4465 loss 2.1688
  batch 3600/4465 loss 1.9036
  batch 3650/4465 loss 1.8579
  batch 3700/4465 loss 1.9834
  batch 3750/4465 loss 1.8924
  batch 3800/4465 loss 2.0238
  batch 3850/4465 loss 2.1213
  batch 3900/4465 loss 1.9814
  batch 3950/4465 loss 2.0895
  batch 4000/4465 loss 2.0903
  batch 4050/4465 loss 1.9748
  batch 4100/4465 loss 2.0560
  batch 4150/4465 loss 1.9529
  batch 4200/4465 loss 1.9856
  batch 4250/4465 loss 2.0332
  batch 4300/4465 loss 2.1455
  batch 4350/4465 loss 2.0339
  batch 4400/4465 loss 2.0257
  batch 4450/4465 loss 2.0483
  batch 4465/4465 loss 2.2645
ep05/20  train 2.0478  val WAPE 0.2126  time 51.7s
  no improvement (3/4)

Starting epoch 6/20...
  batch 50/4465 loss 2.0308
  batch 100/4465 loss 2.0729
  batch 150/4465 loss 2.0113
  batch 200/4465 loss 2.1230
  batch 250/4465 loss 2.0136
  batch 300/4465 loss 2.1533
  batch 350/4465 loss 1.9661
  batch 400/4465 loss 2.0975
  batch 450/4465 loss 2.0550
  batch 500/4465 loss 2.0732
  batch 550/4465 loss 2.0403
  batch 600/4465 loss 1.9862
  batch 650/4465 loss 1.9712
  batch 700/4465 loss 2.2134
  batch 750/4465 loss 2.1117
  batch 800/4465 loss 2.0298
  batch 850/4465 loss 2.1436
  batch 900/4465 loss 2.0302
  batch 950/4465 loss 2.0846
  batch 1000/4465 loss 2.0076
  batch 1050/4465 loss 2.0022
  batch 1100/4465 loss 2.1080
  batch 1150/4465 loss 1.9468
  batch 1200/4465 loss 2.0285
  batch 1250/4465 loss 1.9716
  batch 1300/4465 loss 2.1884
  batch 1350/4465 loss 2.1021
  batch 1400/4465 loss 2.1569
  batch 1450/4465 loss 1.9874
  batch 1500/4465 loss 2.0253
  batch 1550/4465 loss 2.0658
  batch 1600/4465 loss 1.9108
  batch 1650/4465 loss 2.1565
  batch 1700/4465 loss 1.9458
  batch 1750/4465 loss 1.9733
  batch 1800/4465 loss 2.1485
  batch 1850/4465 loss 2.2009
  batch 1900/4465 loss 2.1660
  batch 1950/4465 loss 2.0414
  batch 2000/4465 loss 2.0268
  batch 2050/4465 loss 2.0083
  batch 2100/4465 loss 2.0672
  batch 2150/4465 loss 2.0696
  batch 2200/4465 loss 2.0764
  batch 2250/4465 loss 2.1365
  batch 2300/4465 loss 1.9531
  batch 2350/4465 loss 2.0520
  batch 2400/4465 loss 1.9096
  batch 2450/4465 loss 1.9419
  batch 2500/4465 loss 2.0060
  batch 2550/4465 loss 1.9448
  batch 2600/4465 loss 1.8591
  batch 2650/4465 loss 2.1611
  batch 2700/4465 loss 2.1834
  batch 2750/4465 loss 2.1399
  batch 2800/4465 loss 1.9678
  batch 2850/4465 loss 2.0220
  batch 2900/4465 loss 1.9100
  batch 2950/4465 loss 2.1196
  batch 3000/4465 loss 2.0130
  batch 3050/4465 loss 2.0238
  batch 3100/4465 loss 2.1310
  batch 3150/4465 loss 1.9629
  batch 3200/4465 loss 1.9514
  batch 3250/4465 loss 2.0892
  batch 3300/4465 loss 2.0524
  batch 3350/4465 loss 2.0854
  batch 3400/4465 loss 2.1813
  batch 3450/4465 loss 2.1114
  batch 3500/4465 loss 2.0847
  batch 3550/4465 loss 2.0681
  batch 3600/4465 loss 2.0757
  batch 3650/4465 loss 1.9641
  batch 3700/4465 loss 1.9042
  batch 3750/4465 loss 2.0559
  batch 3800/4465 loss 2.0877
  batch 3850/4465 loss 2.0629
  batch 3900/4465 loss 1.9652
  batch 3950/4465 loss 2.0362
  batch 4000/4465 loss 1.9599
  batch 4050/4465 loss 2.1164
  batch 4100/4465 loss 1.8079
  batch 4150/4465 loss 2.0395
  batch 4200/4465 loss 2.1129
  batch 4250/4465 loss 2.1316
  batch 4300/4465 loss 1.9019
  batch 4350/4465 loss 2.1905
  batch 4400/4465 loss 2.0184
  batch 4450/4465 loss 2.0451
  batch 4465/4465 loss 1.9856
ep06/20  train 2.0470  val WAPE 0.2197  time 52.0s
  no improvement (4/4)
early stop
linear params: 227809

Starting epoch 1/20...
  batch 50/4465 loss 32.6847
  batch 100/4465 loss 30.9818
  batch 150/4465 loss 27.4481
  batch 200/4465 loss 26.2216
  batch 250/4465 loss 24.7201
  batch 300/4465 loss 24.4615
  batch 350/4465 loss 24.2101
  batch 400/4465 loss 21.2373
  batch 450/4465 loss 22.0856
  batch 500/4465 loss 23.8588
  batch 550/4465 loss 22.1005
  batch 600/4465 loss 21.7479
  batch 650/4465 loss 21.7991
  batch 700/4465 loss 19.7866
  batch 750/4465 loss 20.3302
  batch 800/4465 loss 19.4557
  batch 850/4465 loss 17.2241
  batch 900/4465 loss 17.6691
  batch 950/4465 loss 16.9666
  batch 1000/4465 loss 18.6990
  batch 1050/4465 loss 19.2594
  batch 1100/4465 loss 16.6470
  batch 1150/4465 loss 18.0034
  batch 1200/4465 loss 16.8048
  batch 1250/4465 loss 18.1111
  batch 1300/4465 loss 17.1442
  batch 1350/4465 loss 16.2705
  batch 1400/4465 loss 15.2740
  batch 1450/4465 loss 15.5859
  batch 1500/4465 loss 15.2291
  batch 1550/4465 loss 15.7773
  batch 1600/4465 loss 15.2789
  batch 1650/4465 loss 15.1271
  batch 1700/4465 loss 13.4842
  batch 1750/4465 loss 14.7938
  batch 1800/4465 loss 16.5215
  batch 1850/4465 loss 15.4320
  batch 1900/4465 loss 14.9691
  batch 1950/4465 loss 15.6859
  batch 2000/4465 loss 15.7892
  batch 2050/4465 loss 14.4376
  batch 2100/4465 loss 14.8460
  batch 2150/4465 loss 13.2689
  batch 2200/4465 loss 14.0739
  batch 2250/4465 loss 13.8555
  batch 2300/4465 loss 13.8808
  batch 2350/4465 loss 14.5783
  batch 2400/4465 loss 12.3730
  batch 2450/4465 loss 13.3045
  batch 2500/4465 loss 14.1631
  batch 2550/4465 loss 12.1389
  batch 2600/4465 loss 14.6821
  batch 2650/4465 loss 13.0919
  batch 2700/4465 loss 13.3771
  batch 2750/4465 loss 12.1074
  batch 2800/4465 loss 12.4321
  batch 2850/4465 loss 12.6609
  batch 2900/4465 loss 13.7887
  batch 2950/4465 loss 14.2770
  batch 3000/4465 loss 11.9732
  batch 3050/4465 loss 13.1502
  batch 3100/4465 loss 12.2208
  batch 3150/4465 loss 14.8767
  batch 3200/4465 loss 12.1273
  batch 3250/4465 loss 12.2292
  batch 3300/4465 loss 12.0621
  batch 3350/4465 loss 12.6009
  batch 3400/4465 loss 12.3393
  batch 3450/4465 loss 12.3914
  batch 3500/4465 loss 12.5134
  batch 3550/4465 loss 12.6098
  batch 3600/4465 loss 12.7079
  batch 3650/4465 loss 10.9017
  batch 3700/4465 loss 13.0880
  batch 3750/4465 loss 11.8286
  batch 3800/4465 loss 11.5319
  batch 3850/4465 loss 11.0232
  batch 3900/4465 loss 11.9629
  batch 3950/4465 loss 11.3578
  batch 4000/4465 loss 11.5425
  batch 4050/4465 loss 13.3867
  batch 4100/4465 loss 14.2136
  batch 4150/4465 loss 11.7517
  batch 4200/4465 loss 10.7999
  batch 4250/4465 loss 11.6721
  batch 4300/4465 loss 11.1190
  batch 4350/4465 loss 10.4060
  batch 4400/4465 loss 12.9478
  batch 4450/4465 loss 11.4437
  batch 4465/4465 loss 10.0572
ep01/20  train 15.6658  val WAPE 0.2315  time 50.7s
  ✓ new best WAPE: 0.2315

Starting epoch 2/20...
  batch 50/4465 loss 11.5384
  batch 100/4465 loss 10.7004
  batch 150/4465 loss 10.5265
  batch 200/4465 loss 11.1817
  batch 250/4465 loss 10.8894
  batch 300/4465 loss 10.4585
  batch 350/4465 loss 11.0212
  batch 400/4465 loss 12.5329
  batch 450/4465 loss 11.6102
  batch 500/4465 loss 10.9360
  batch 550/4465 loss 10.3320
  batch 600/4465 loss 10.7224
  batch 650/4465 loss 12.5961
  batch 700/4465 loss 10.9888
  batch 750/4465 loss 10.8189
  batch 800/4465 loss 12.0441
  batch 850/4465 loss 10.5774
  batch 900/4465 loss 11.1427
  batch 950/4465 loss 12.2779
  batch 1000/4465 loss 11.3774
  batch 1050/4465 loss 12.5819
  batch 1100/4465 loss 11.3201
  batch 1150/4465 loss 12.4282
  batch 1200/4465 loss 10.6429
  batch 1250/4465 loss 11.7154
  batch 1300/4465 loss 10.6564
  batch 1350/4465 loss 11.4160
  batch 1400/4465 loss 12.7694
  batch 1450/4465 loss 9.1669
  batch 1500/4465 loss 9.4476
  batch 1550/4465 loss 9.8628
  batch 1600/4465 loss 9.9087
  batch 1650/4465 loss 10.3022
  batch 1700/4465 loss 10.0340
  batch 1750/4465 loss 12.2796
  batch 1800/4465 loss 10.8255
  batch 1850/4465 loss 11.8481
  batch 1900/4465 loss 9.7154
  batch 1950/4465 loss 10.4586
  batch 2000/4465 loss 10.6369
  batch 2050/4465 loss 11.3390
  batch 2100/4465 loss 9.9231
  batch 2150/4465 loss 11.5186
  batch 2200/4465 loss 10.5497
  batch 2250/4465 loss 10.8468
  batch 2300/4465 loss 10.3348
  batch 2350/4465 loss 10.3495
  batch 2400/4465 loss 9.6239
  batch 2450/4465 loss 10.7465
  batch 2500/4465 loss 10.7656
  batch 2550/4465 loss 10.7727
  batch 2600/4465 loss 9.8190
  batch 2650/4465 loss 10.1721
  batch 2700/4465 loss 9.0138
  batch 2750/4465 loss 10.4113
  batch 2800/4465 loss 11.7204
  batch 2850/4465 loss 11.1749
  batch 2900/4465 loss 10.6672
  batch 2950/4465 loss 10.2487
  batch 3000/4465 loss 10.8876
  batch 3050/4465 loss 10.8192
  batch 3100/4465 loss 9.3410
  batch 3150/4465 loss 11.0280
  batch 3200/4465 loss 11.6047
  batch 3250/4465 loss 11.2090
  batch 3300/4465 loss 10.5308
  batch 3350/4465 loss 8.8315
  batch 3400/4465 loss 11.1642
  batch 3450/4465 loss 11.3534
  batch 3500/4465 loss 11.9415
  batch 3550/4465 loss 10.9562
  batch 3600/4465 loss 9.7843
  batch 3650/4465 loss 10.8802
  batch 3700/4465 loss 10.7315
  batch 3750/4465 loss 9.5706
  batch 3800/4465 loss 10.3448
  batch 3850/4465 loss 11.6269
  batch 3900/4465 loss 10.9798
  batch 3950/4465 loss 9.8358
  batch 4000/4465 loss 12.5019
  batch 4050/4465 loss 10.4980
  batch 4100/4465 loss 10.7053
  batch 4150/4465 loss 9.5388
  batch 4200/4465 loss 9.3400
  batch 4250/4465 loss 10.6217
  batch 4300/4465 loss 11.5322
  batch 4350/4465 loss 10.2097
  batch 4400/4465 loss 10.1485
  batch 4450/4465 loss 9.6449
  batch 4465/4465 loss 9.8430
ep02/20  train 10.7923  val WAPE 0.2180  time 50.9s
  ✓ new best WAPE: 0.2180

Starting epoch 3/20...
  batch 50/4465 loss 11.8529
  batch 100/4465 loss 9.6331
  batch 150/4465 loss 10.4953
  batch 200/4465 loss 10.1718
  batch 250/4465 loss 10.2093
  batch 300/4465 loss 9.2761
  batch 350/4465 loss 9.7130
  batch 400/4465 loss 10.3857
  batch 450/4465 loss 8.8703
  batch 500/4465 loss 10.0046
  batch 550/4465 loss 10.5119
  batch 600/4465 loss 10.9839
  batch 650/4465 loss 9.4443
  batch 700/4465 loss 11.1239
  batch 750/4465 loss 9.6011
  batch 800/4465 loss 11.3234
  batch 850/4465 loss 11.2423
  batch 900/4465 loss 10.3805
  batch 950/4465 loss 10.0802
  batch 1000/4465 loss 10.3744
  batch 1050/4465 loss 10.2893
  batch 1100/4465 loss 10.8396
  batch 1150/4465 loss 10.4993
  batch 1200/4465 loss 10.8718
  batch 1250/4465 loss 11.5329
  batch 1300/4465 loss 10.9834
  batch 1350/4465 loss 9.8113
  batch 1400/4465 loss 11.8518
  batch 1450/4465 loss 8.5937
  batch 1500/4465 loss 10.5472
  batch 1550/4465 loss 10.3020
  batch 1600/4465 loss 9.9527
  batch 1650/4465 loss 7.4997
  batch 1700/4465 loss 12.1787
  batch 1750/4465 loss 9.9509
  batch 1800/4465 loss 11.1641
  batch 1850/4465 loss 9.7070
  batch 1900/4465 loss 10.0459
  batch 1950/4465 loss 10.2958
  batch 2000/4465 loss 11.5698
  batch 2050/4465 loss 9.9407
  batch 2100/4465 loss 9.7057
  batch 2150/4465 loss 10.9744
  batch 2200/4465 loss 11.2141
  batch 2250/4465 loss 10.2695
  batch 2300/4465 loss 10.0499
  batch 2350/4465 loss 9.4897
  batch 2400/4465 loss 11.5543
  batch 2450/4465 loss 10.4290
  batch 2500/4465 loss 11.0274
  batch 2550/4465 loss 10.8976
  batch 2600/4465 loss 8.9665
  batch 2650/4465 loss 10.7998
  batch 2700/4465 loss 10.7862
  batch 2750/4465 loss 10.9792
  batch 2800/4465 loss 11.9194
  batch 2850/4465 loss 10.2258
  batch 2900/4465 loss 11.0675
  batch 2950/4465 loss 10.2467
  batch 3000/4465 loss 9.7290
  batch 3050/4465 loss 9.4285
  batch 3100/4465 loss 11.3726
  batch 3150/4465 loss 10.6546
  batch 3200/4465 loss 8.7011
  batch 3250/4465 loss 10.3073
  batch 3300/4465 loss 9.5242
  batch 3350/4465 loss 10.5746
  batch 3400/4465 loss 10.8971
  batch 3450/4465 loss 8.5179
  batch 3500/4465 loss 10.1548
  batch 3550/4465 loss 9.1915
  batch 3600/4465 loss 9.9056
  batch 3650/4465 loss 10.4256
  batch 3700/4465 loss 9.3317
  batch 3750/4465 loss 10.7457
  batch 3800/4465 loss 11.9973
  batch 3850/4465 loss 10.3559
  batch 3900/4465 loss 10.3423
  batch 3950/4465 loss 9.8840
  batch 4000/4465 loss 10.5249
  batch 4050/4465 loss 11.7201
  batch 4100/4465 loss 9.6243
  batch 4150/4465 loss 10.0394
  batch 4200/4465 loss 9.7239
  batch 4250/4465 loss 10.6416
  batch 4300/4465 loss 10.3253
  batch 4350/4465 loss 11.5446
  batch 4400/4465 loss 11.5884
  batch 4450/4465 loss 10.3972
  batch 4465/4465 loss 10.0728
ep03/20  train 10.3095  val WAPE 0.2348  time 52.3s
  no improvement (1/4)

Starting epoch 4/20...
  batch 50/4465 loss 9.9361
  batch 100/4465 loss 10.1313
  batch 150/4465 loss 11.1825
  batch 200/4465 loss 11.7635
  batch 250/4465 loss 10.4974
  batch 300/4465 loss 10.3683
  batch 350/4465 loss 10.5247
  batch 400/4465 loss 10.6319
  batch 450/4465 loss 10.9052
  batch 500/4465 loss 10.5717
  batch 550/4465 loss 9.9593
  batch 600/4465 loss 9.2314
  batch 650/4465 loss 10.5980
  batch 700/4465 loss 10.1409
  batch 750/4465 loss 11.0694
  batch 800/4465 loss 10.0739
  batch 850/4465 loss 11.0524
  batch 900/4465 loss 9.9277
  batch 950/4465 loss 10.7535
  batch 1000/4465 loss 11.5820
  batch 1050/4465 loss 10.9554
  batch 1100/4465 loss 9.9967
  batch 1150/4465 loss 11.7379
  batch 1200/4465 loss 9.6164
  batch 1250/4465 loss 9.5207
  batch 1300/4465 loss 10.0167
  batch 1350/4465 loss 10.1237
  batch 1400/4465 loss 8.9170
  batch 1450/4465 loss 9.8395
  batch 1500/4465 loss 9.7418
  batch 1550/4465 loss 10.7430
  batch 1600/4465 loss 10.4124
  batch 1650/4465 loss 10.3721
  batch 1700/4465 loss 9.9845
  batch 1750/4465 loss 10.0199
  batch 1800/4465 loss 11.3548
  batch 1850/4465 loss 10.4029
  batch 1900/4465 loss 10.7036
  batch 1950/4465 loss 11.8794
  batch 2000/4465 loss 10.1408
  batch 2050/4465 loss 11.1912
  batch 2100/4465 loss 10.9794
  batch 2150/4465 loss 9.3017
  batch 2200/4465 loss 9.0740
  batch 2250/4465 loss 10.8096
  batch 2300/4465 loss 9.6412
  batch 2350/4465 loss 9.2588
  batch 2400/4465 loss 9.3078
  batch 2450/4465 loss 9.7828
  batch 2500/4465 loss 10.0192
  batch 2550/4465 loss 11.3323
  batch 2600/4465 loss 11.2051
  batch 2650/4465 loss 10.3070
  batch 2700/4465 loss 9.7531
  batch 2750/4465 loss 9.8224
  batch 2800/4465 loss 11.0109
  batch 2850/4465 loss 9.7942
  batch 2900/4465 loss 11.7475
  batch 2950/4465 loss 10.1785
  batch 3000/4465 loss 11.8558
  batch 3050/4465 loss 10.6685
  batch 3100/4465 loss 11.3231
  batch 3150/4465 loss 10.5648
  batch 3200/4465 loss 10.9400
  batch 3250/4465 loss 10.6427
  batch 3300/4465 loss 9.9265
  batch 3350/4465 loss 10.7146
  batch 3400/4465 loss 10.4611
  batch 3450/4465 loss 10.6788
  batch 3500/4465 loss 10.8474
  batch 3550/4465 loss 11.0885
  batch 3600/4465 loss 10.3812
  batch 3650/4465 loss 11.7913
  batch 3700/4465 loss 9.0526
  batch 3750/4465 loss 9.6514
  batch 3800/4465 loss 9.7333
  batch 3850/4465 loss 11.4005
  batch 3900/4465 loss 11.2974
  batch 3950/4465 loss 10.2148
  batch 4000/4465 loss 9.8438
  batch 4050/4465 loss 9.7335
  batch 4100/4465 loss 10.2702
  batch 4150/4465 loss 10.2655
  batch 4200/4465 loss 10.1984
  batch 4250/4465 loss 10.8063
  batch 4300/4465 loss 10.8251
  batch 4350/4465 loss 10.6473
  batch 4400/4465 loss 10.4296
  batch 4450/4465 loss 10.4194
  batch 4465/4465 loss 9.4036
ep04/20  train 10.2793  val WAPE 0.2343  time 50.6s
  no improvement (2/4)

Starting epoch 5/20...
  batch 50/4465 loss 10.8248
  batch 100/4465 loss 9.6584
  batch 150/4465 loss 10.7485
  batch 200/4465 loss 11.6552
  batch 250/4465 loss 11.0766
  batch 300/4465 loss 9.9218
  batch 350/4465 loss 9.5449
  batch 400/4465 loss 10.5947
  batch 450/4465 loss 10.6845
  batch 500/4465 loss 9.6438
  batch 550/4465 loss 11.4624
  batch 600/4465 loss 9.2142
  batch 650/4465 loss 10.9659
  batch 700/4465 loss 10.6514
  batch 750/4465 loss 9.8318
  batch 800/4465 loss 9.4477
  batch 850/4465 loss 11.4225
  batch 900/4465 loss 11.7960
  batch 950/4465 loss 10.7321
  batch 1000/4465 loss 9.5298
  batch 1050/4465 loss 9.1461
  batch 1100/4465 loss 8.9432
  batch 1150/4465 loss 10.3806
  batch 1200/4465 loss 10.6390
  batch 1250/4465 loss 10.0098
  batch 1300/4465 loss 10.4529
  batch 1350/4465 loss 9.4942
  batch 1400/4465 loss 10.0614
  batch 1450/4465 loss 11.1437
  batch 1500/4465 loss 11.0526
  batch 1550/4465 loss 10.3149
  batch 1600/4465 loss 10.8397
  batch 1650/4465 loss 8.9872
  batch 1700/4465 loss 10.3396
  batch 1750/4465 loss 10.4216
  batch 1800/4465 loss 10.5538
  batch 1850/4465 loss 9.2432
  batch 1900/4465 loss 9.8912
  batch 1950/4465 loss 8.7798
  batch 2000/4465 loss 10.3976
  batch 2050/4465 loss 9.0201
  batch 2100/4465 loss 11.5497
  batch 2150/4465 loss 10.4793
  batch 2200/4465 loss 10.1424
  batch 2250/4465 loss 9.8749
  batch 2300/4465 loss 9.9728
  batch 2350/4465 loss 12.4601
  batch 2400/4465 loss 10.6888
  batch 2450/4465 loss 11.9483
  batch 2500/4465 loss 11.0953
  batch 2550/4465 loss 10.3802
  batch 2600/4465 loss 9.4250
  batch 2650/4465 loss 9.1930
  batch 2700/4465 loss 10.1275
  batch 2750/4465 loss 10.2678
  batch 2800/4465 loss 10.9941
  batch 2850/4465 loss 10.5139
  batch 2900/4465 loss 11.0316
  batch 2950/4465 loss 10.5053
  batch 3000/4465 loss 9.4561
  batch 3050/4465 loss 10.5684
  batch 3100/4465 loss 11.1930
  batch 3150/4465 loss 10.8685
  batch 3200/4465 loss 10.0518
  batch 3250/4465 loss 9.0798
  batch 3300/4465 loss 11.7866
  batch 3350/4465 loss 10.8247
  batch 3400/4465 loss 9.6741
  batch 3450/4465 loss 11.2297
  batch 3500/4465 loss 10.2667
  batch 3550/4465 loss 11.6094
  batch 3600/4465 loss 9.1284
  batch 3650/4465 loss 8.9522
  batch 3700/4465 loss 9.7488
  batch 3750/4465 loss 9.4921
  batch 3800/4465 loss 10.1461
  batch 3850/4465 loss 11.6625
  batch 3900/4465 loss 9.4737
  batch 3950/4465 loss 10.8368
  batch 4000/4465 loss 10.7932
  batch 4050/4465 loss 9.3615
  batch 4100/4465 loss 10.0506
  batch 4150/4465 loss 9.6185
  batch 4200/4465 loss 9.2939
  batch 4250/4465 loss 9.9211
  batch 4300/4465 loss 10.7512
  batch 4350/4465 loss 10.3334
  batch 4400/4465 loss 10.6571
  batch 4450/4465 loss 9.6470
  batch 4465/4465 loss 13.0773
ep05/20  train 10.2893  val WAPE 0.2510  time 51.3s
  no improvement (3/4)

Starting epoch 6/20...
  batch 50/4465 loss 10.3537
  batch 100/4465 loss 10.5227
  batch 150/4465 loss 10.1259
  batch 200/4465 loss 10.5368
  batch 250/4465 loss 9.7856
  batch 300/4465 loss 10.7699
  batch 350/4465 loss 9.3889
  batch 400/4465 loss 10.5927
  batch 450/4465 loss 9.8311
  batch 500/4465 loss 10.4298
  batch 550/4465 loss 10.6624
  batch 600/4465 loss 9.4313
  batch 650/4465 loss 9.5669
  batch 700/4465 loss 11.8494
  batch 750/4465 loss 10.9181
  batch 800/4465 loss 10.2686
  batch 850/4465 loss 10.9686
  batch 900/4465 loss 9.6563
  batch 950/4465 loss 10.7455
  batch 1000/4465 loss 9.5213
  batch 1050/4465 loss 10.7135
  batch 1100/4465 loss 10.0675
  batch 1150/4465 loss 9.4577
  batch 1200/4465 loss 10.0685
  batch 1250/4465 loss 9.5280
  batch 1300/4465 loss 12.1185
  batch 1350/4465 loss 10.3700
  batch 1400/4465 loss 10.5664
  batch 1450/4465 loss 10.4635
  batch 1500/4465 loss 10.3329
  batch 1550/4465 loss 10.2699
  batch 1600/4465 loss 9.2509
  batch 1650/4465 loss 11.6203
  batch 1700/4465 loss 9.6923
  batch 1750/4465 loss 9.9362
  batch 1800/4465 loss 11.2087
  batch 1850/4465 loss 11.8457
  batch 1900/4465 loss 10.4531
  batch 1950/4465 loss 10.3954
  batch 2000/4465 loss 10.5805
  batch 2050/4465 loss 9.5113
  batch 2100/4465 loss 10.7279
  batch 2150/4465 loss 10.5326
  batch 2200/4465 loss 10.1875
  batch 2250/4465 loss 10.8119
  batch 2300/4465 loss 10.0073
  batch 2350/4465 loss 9.8938
  batch 2400/4465 loss 9.1492
  batch 2450/4465 loss 9.8687
  batch 2500/4465 loss 9.7391
  batch 2550/4465 loss 9.2072
  batch 2600/4465 loss 8.1655
  batch 2650/4465 loss 10.7735
  batch 2700/4465 loss 11.3760
  batch 2750/4465 loss 10.6503
  batch 2800/4465 loss 9.5952
  batch 2850/4465 loss 9.5325
  batch 2900/4465 loss 9.1644
  batch 2950/4465 loss 10.5979
  batch 3000/4465 loss 10.0386
  batch 3050/4465 loss 10.1109
  batch 3100/4465 loss 10.9814
  batch 3150/4465 loss 9.6192
  batch 3200/4465 loss 9.2860
  batch 3250/4465 loss 10.1951
  batch 3300/4465 loss 10.4326
  batch 3350/4465 loss 10.7708
  batch 3400/4465 loss 11.6905
  batch 3450/4465 loss 10.6224
  batch 3500/4465 loss 10.1854
  batch 3550/4465 loss 9.9394
  batch 3600/4465 loss 10.6938
  batch 3650/4465 loss 9.3588
  batch 3700/4465 loss 9.4494
  batch 3750/4465 loss 10.8262
  batch 3800/4465 loss 10.1283
  batch 3850/4465 loss 10.5990
  batch 3900/4465 loss 9.8942
  batch 3950/4465 loss 10.1526
  batch 4000/4465 loss 9.2879
  batch 4050/4465 loss 10.6573
  batch 4100/4465 loss 8.6123
  batch 4150/4465 loss 10.7808
  batch 4200/4465 loss 10.9921
  batch 4250/4465 loss 11.2920
  batch 4300/4465 loss 8.8062
  batch 4350/4465 loss 11.9735
  batch 4400/4465 loss 8.9844
  batch 4450/4465 loss 9.5493
  batch 4465/4465 loss 9.6256
ep06/20  train 10.2778  val WAPE 0.2468  time 50.3s
  no improvement (4/4)
early stop
linear params: 227809

Starting epoch 1/20...
  batch 50/4465 loss 3.9792
  batch 100/4465 loss 3.8148
  batch 150/4465 loss 3.5810
  batch 200/4465 loss 3.4604
  batch 250/4465 loss 3.3775
  batch 300/4465 loss 3.3400
  batch 350/4465 loss 3.2577
  batch 400/4465 loss 3.0517
  batch 450/4465 loss 3.0497
  batch 500/4465 loss 3.2567
  batch 550/4465 loss 3.0999
  batch 600/4465 loss 3.0819
  batch 650/4465 loss 3.0205
  batch 700/4465 loss 2.9120
  batch 750/4465 loss 2.9066
  batch 800/4465 loss 2.7931
  batch 850/4465 loss 2.6127
  batch 900/4465 loss 2.5948
  batch 950/4465 loss 2.6027
  batch 1000/4465 loss 2.7323
  batch 1050/4465 loss 2.7337
  batch 1100/4465 loss 2.5541
  batch 1150/4465 loss 2.6240
  batch 1200/4465 loss 2.5057
  batch 1250/4465 loss 2.6137
  batch 1300/4465 loss 2.5875
  batch 1350/4465 loss 2.4593
  batch 1400/4465 loss 2.4294
  batch 1450/4465 loss 2.3914
  batch 1500/4465 loss 2.3512
  batch 1550/4465 loss 2.4334
  batch 1600/4465 loss 2.3763
  batch 1650/4465 loss 2.3622
  batch 1700/4465 loss 2.1814
  batch 1750/4465 loss 2.3236
  batch 1800/4465 loss 2.5008
  batch 1850/4465 loss 2.3779
  batch 1900/4465 loss 2.2941
  batch 1950/4465 loss 2.3667
  batch 2000/4465 loss 2.4114
  batch 2050/4465 loss 2.2615
  batch 2100/4465 loss 2.3032
  batch 2150/4465 loss 2.1599
  batch 2200/4465 loss 2.2297
  batch 2250/4465 loss 2.2041
  batch 2300/4465 loss 2.1813
  batch 2350/4465 loss 2.2668
  batch 2400/4465 loss 2.0354
  batch 2450/4465 loss 2.1252
  batch 2500/4465 loss 2.1944
  batch 2550/4465 loss 1.9817
  batch 2600/4465 loss 2.2065
  batch 2650/4465 loss 2.0946
  batch 2700/4465 loss 2.1203
  batch 2750/4465 loss 1.9894
  batch 2800/4465 loss 2.0151
  batch 2850/4465 loss 2.0257
  batch 2900/4465 loss 2.1341
  batch 2950/4465 loss 2.1769
  batch 3000/4465 loss 1.9895
  batch 3050/4465 loss 2.0652
  batch 3100/4465 loss 2.0504
  batch 3150/4465 loss 2.1908
  batch 3200/4465 loss 1.9584
  batch 3250/4465 loss 1.9613
  batch 3300/4465 loss 1.9711
  batch 3350/4465 loss 1.9888
  batch 3400/4465 loss 1.9577
  batch 3450/4465 loss 1.9674
  batch 3500/4465 loss 1.9705
  batch 3550/4465 loss 1.9560
  batch 3600/4465 loss 1.9743
  batch 3650/4465 loss 1.8237
  batch 3700/4465 loss 2.0080
  batch 3750/4465 loss 1.8845
  batch 3800/4465 loss 1.8817
  batch 3850/4465 loss 1.8232
  batch 3900/4465 loss 1.8643
  batch 3950/4465 loss 1.8437
  batch 4000/4465 loss 1.8387
  batch 4050/4465 loss 1.9953
  batch 4100/4465 loss 2.0849
  batch 4150/4465 loss 1.8425
  batch 4200/4465 loss 1.8465
  batch 4250/4465 loss 1.9055
  batch 4300/4465 loss 1.8559
  batch 4350/4465 loss 1.7432
  batch 4400/4465 loss 1.9421
  batch 4450/4465 loss 1.8097
  batch 4465/4465 loss 1.6712
ep01/20  train 2.3558  val WAPE 0.2177  time 44.1s
  ✓ new best WAPE: 0.2177

Starting epoch 2/20...
  batch 50/4465 loss 1.8618
  batch 100/4465 loss 1.6866
  batch 150/4465 loss 1.7503
  batch 200/4465 loss 1.7518
  batch 250/4465 loss 1.7457
  batch 300/4465 loss 1.7295
  batch 350/4465 loss 1.8152
  batch 400/4465 loss 1.9445
  batch 450/4465 loss 1.7469
  batch 500/4465 loss 1.7250
  batch 550/4465 loss 1.7372
  batch 600/4465 loss 1.7561
  batch 650/4465 loss 1.9025
  batch 700/4465 loss 1.7472
  batch 750/4465 loss 1.6856
  batch 800/4465 loss 1.8687
  batch 850/4465 loss 1.7524
  batch 900/4465 loss 1.7122
  batch 950/4465 loss 1.8709
  batch 1000/4465 loss 1.7651
  batch 1050/4465 loss 1.8600
  batch 1100/4465 loss 1.7739
  batch 1150/4465 loss 1.8279
  batch 1200/4465 loss 1.7358
  batch 1250/4465 loss 1.8262
  batch 1300/4465 loss 1.6675
  batch 1350/4465 loss 1.8191
  batch 1400/4465 loss 1.8151
  batch 1450/4465 loss 1.5591
  batch 1500/4465 loss 1.6227
  batch 1550/4465 loss 1.6088
  batch 1600/4465 loss 1.5294
  batch 1650/4465 loss 1.6715
  batch 1700/4465 loss 1.6995
  batch 1750/4465 loss 1.8571
  batch 1800/4465 loss 1.6471
  batch 1850/4465 loss 1.8274
  batch 1900/4465 loss 1.6075
  batch 1950/4465 loss 1.7028
  batch 2000/4465 loss 1.6630
  batch 2050/4465 loss 1.8220
  batch 2100/4465 loss 1.5885
  batch 2150/4465 loss 1.7917
  batch 2200/4465 loss 1.6619
  batch 2250/4465 loss 1.6576
  batch 2300/4465 loss 1.6133
  batch 2350/4465 loss 1.6934
  batch 2400/4465 loss 1.5202
  batch 2450/4465 loss 1.7858
  batch 2500/4465 loss 1.7262
  batch 2550/4465 loss 1.7096
  batch 2600/4465 loss 1.5743
  batch 2650/4465 loss 1.5848
  batch 2700/4465 loss 1.5208
  batch 2750/4465 loss 1.6349
  batch 2800/4465 loss 1.7475
  batch 2850/4465 loss 1.7646
  batch 2900/4465 loss 1.6670
  batch 2950/4465 loss 1.6459
  batch 3000/4465 loss 1.6614
  batch 3050/4465 loss 1.6194
  batch 3100/4465 loss 1.5337
  batch 3150/4465 loss 1.6401
  batch 3200/4465 loss 1.7036
  batch 3250/4465 loss 1.7337
  batch 3300/4465 loss 1.6251
  batch 3350/4465 loss 1.5083
  batch 3400/4465 loss 1.6891
  batch 3450/4465 loss 1.6642
  batch 3500/4465 loss 1.7012
  batch 3550/4465 loss 1.6741
  batch 3600/4465 loss 1.5939
  batch 3650/4465 loss 1.7508
  batch 3700/4465 loss 1.7174
  batch 3750/4465 loss 1.5557
  batch 3800/4465 loss 1.5760
  batch 3850/4465 loss 1.7206
  batch 3900/4465 loss 1.7025
  batch 3950/4465 loss 1.5961
  batch 4000/4465 loss 1.7551
  batch 4050/4465 loss 1.6183
  batch 4100/4465 loss 1.6595
  batch 4150/4465 loss 1.5948
  batch 4200/4465 loss 1.5403
  batch 4250/4465 loss 1.6506
  batch 4300/4465 loss 1.7441
  batch 4350/4465 loss 1.6651
  batch 4400/4465 loss 1.6354
  batch 4450/4465 loss 1.6048
  batch 4465/4465 loss 1.5800
ep02/20  train 1.6978  val WAPE 0.2032  time 16.9s
  ✓ new best WAPE: 0.2032

Starting epoch 3/20...
  batch 50/4465 loss 1.7611
  batch 100/4465 loss 1.5201
  batch 150/4465 loss 1.6344
  batch 200/4465 loss 1.6612
  batch 250/4465 loss 1.6433
  batch 300/4465 loss 1.5580
  batch 350/4465 loss 1.5580
  batch 400/4465 loss 1.6900
  batch 450/4465 loss 1.4458
  batch 500/4465 loss 1.5475
  batch 550/4465 loss 1.6227
  batch 600/4465 loss 1.6817
  batch 650/4465 loss 1.4985
  batch 700/4465 loss 1.6939
  batch 750/4465 loss 1.6528
  batch 800/4465 loss 1.7478
  batch 850/4465 loss 1.7297
  batch 900/4465 loss 1.6781
  batch 950/4465 loss 1.5647
  batch 1000/4465 loss 1.5544
  batch 1050/4465 loss 1.6242
  batch 1100/4465 loss 1.6759
  batch 1150/4465 loss 1.7188
  batch 1200/4465 loss 1.6416
  batch 1250/4465 loss 1.7333
  batch 1300/4465 loss 1.6860
  batch 1350/4465 loss 1.6016
  batch 1400/4465 loss 1.7961
  batch 1450/4465 loss 1.4693
  batch 1500/4465 loss 1.6535
  batch 1550/4465 loss 1.6368
  batch 1600/4465 loss 1.6328
  batch 1650/4465 loss 1.2962
  batch 1700/4465 loss 1.8760
  batch 1750/4465 loss 1.6347
  batch 1800/4465 loss 1.6892
  batch 1850/4465 loss 1.6243
  batch 1900/4465 loss 1.6522
  batch 1950/4465 loss 1.6238
  batch 2000/4465 loss 1.7657
  batch 2050/4465 loss 1.6199
  batch 2100/4465 loss 1.5778
  batch 2150/4465 loss 1.6394
  batch 2200/4465 loss 1.7084
  batch 2250/4465 loss 1.5927
  batch 2300/4465 loss 1.5893
  batch 2350/4465 loss 1.5391
  batch 2400/4465 loss 1.7150
  batch 2450/4465 loss 1.6015
  batch 2500/4465 loss 1.7364
  batch 2550/4465 loss 1.6244
  batch 2600/4465 loss 1.4872
  batch 2650/4465 loss 1.6685
  batch 2700/4465 loss 1.5983
  batch 2750/4465 loss 1.6780
  batch 2800/4465 loss 1.8820
  batch 2850/4465 loss 1.6537
  batch 2900/4465 loss 1.7092
  batch 2950/4465 loss 1.6242
  batch 3000/4465 loss 1.5624
  batch 3050/4465 loss 1.5473
  batch 3100/4465 loss 1.7793
  batch 3150/4465 loss 1.5872
  batch 3200/4465 loss 1.4751
  batch 3250/4465 loss 1.6345
  batch 3300/4465 loss 1.5017
  batch 3350/4465 loss 1.6164
  batch 3400/4465 loss 1.6550
  batch 3450/4465 loss 1.4209
  batch 3500/4465 loss 1.6136
  batch 3550/4465 loss 1.4796
  batch 3600/4465 loss 1.5469
  batch 3650/4465 loss 1.6142
  batch 3700/4465 loss 1.5424
  batch 3750/4465 loss 1.6340
  batch 3800/4465 loss 1.7651
  batch 3850/4465 loss 1.5963
  batch 3900/4465 loss 1.6224
  batch 3950/4465 loss 1.5415
  batch 4000/4465 loss 1.6255
  batch 4050/4465 loss 1.7457
  batch 4100/4465 loss 1.5367
  batch 4150/4465 loss 1.5686
  batch 4200/4465 loss 1.5334
  batch 4250/4465 loss 1.6631
  batch 4300/4465 loss 1.5843
  batch 4350/4465 loss 1.8466
  batch 4400/4465 loss 1.7309
  batch 4450/4465 loss 1.6075
  batch 4465/4465 loss 1.6119
ep03/20  train 1.6158  val WAPE 0.2077  time 15.8s
  no improvement (1/4)

Starting epoch 4/20...
  batch 50/4465 loss 1.6000
  batch 100/4465 loss 1.5744
  batch 150/4465 loss 1.6575
  batch 200/4465 loss 1.7243
  batch 250/4465 loss 1.6795
  batch 300/4465 loss 1.6395
  batch 350/4465 loss 1.6061
  batch 400/4465 loss 1.6755
  batch 450/4465 loss 1.6744
  batch 500/4465 loss 1.6295
  batch 550/4465 loss 1.5378
  batch 600/4465 loss 1.4844
  batch 650/4465 loss 1.5869
  batch 700/4465 loss 1.6656
  batch 750/4465 loss 1.6801
  batch 800/4465 loss 1.6159
  batch 850/4465 loss 1.6676
  batch 900/4465 loss 1.5415
  batch 950/4465 loss 1.6869
  batch 1000/4465 loss 1.6626
  batch 1050/4465 loss 1.7190
  batch 1100/4465 loss 1.6121
  batch 1150/4465 loss 1.7026
  batch 1200/4465 loss 1.5537
  batch 1250/4465 loss 1.5926
  batch 1300/4465 loss 1.6403
  batch 1350/4465 loss 1.6543
  batch 1400/4465 loss 1.5308
  batch 1450/4465 loss 1.5702
  batch 1500/4465 loss 1.5620
  batch 1550/4465 loss 1.6759
  batch 1600/4465 loss 1.5794
  batch 1650/4465 loss 1.6225
  batch 1700/4465 loss 1.6153
  batch 1750/4465 loss 1.5528
  batch 1800/4465 loss 1.7560
  batch 1850/4465 loss 1.5488
  batch 1900/4465 loss 1.6131
  batch 1950/4465 loss 1.7510
  batch 2000/4465 loss 1.6293
  batch 2050/4465 loss 1.7933
  batch 2100/4465 loss 1.6628
  batch 2150/4465 loss 1.5794
  batch 2200/4465 loss 1.4964
  batch 2250/4465 loss 1.6359
  batch 2300/4465 loss 1.5327
  batch 2350/4465 loss 1.4607
  batch 2400/4465 loss 1.5683
  batch 2450/4465 loss 1.5904
  batch 2500/4465 loss 1.5904
  batch 2550/4465 loss 1.7638
  batch 2600/4465 loss 1.7526
  batch 2650/4465 loss 1.6935
  batch 2700/4465 loss 1.5482
  batch 2750/4465 loss 1.5005
  batch 2800/4465 loss 1.6906
  batch 2850/4465 loss 1.6061
  batch 2900/4465 loss 1.7372
  batch 2950/4465 loss 1.5577
  batch 3000/4465 loss 1.7404
  batch 3050/4465 loss 1.6185
  batch 3100/4465 loss 1.7619
  batch 3150/4465 loss 1.6566
  batch 3200/4465 loss 1.6899
  batch 3250/4465 loss 1.6422
  batch 3300/4465 loss 1.4985
  batch 3350/4465 loss 1.5989
  batch 3400/4465 loss 1.6596
  batch 3450/4465 loss 1.6532
  batch 3500/4465 loss 1.5924
  batch 3550/4465 loss 1.7569
  batch 3600/4465 loss 1.6857
  batch 3650/4465 loss 1.7618
  batch 3700/4465 loss 1.5178
  batch 3750/4465 loss 1.5442
  batch 3800/4465 loss 1.5840
  batch 3850/4465 loss 1.7171
  batch 3900/4465 loss 1.7425
  batch 3950/4465 loss 1.6210
  batch 4000/4465 loss 1.6102
  batch 4050/4465 loss 1.5273
  batch 4100/4465 loss 1.5648
  batch 4150/4465 loss 1.5842
  batch 4200/4465 loss 1.6400
  batch 4250/4465 loss 1.6676
  batch 4300/4465 loss 1.6573
  batch 4350/4465 loss 1.6772
  batch 4400/4465 loss 1.5499
  batch 4450/4465 loss 1.6357
  batch 4465/4465 loss 1.5253
ep04/20  train 1.6108  val WAPE 0.2101  time 41.0s
  no improvement (2/4)

Starting epoch 5/20...
  batch 50/4465 loss 1.6006
  batch 100/4465 loss 1.5755
  batch 150/4465 loss 1.7113
  batch 200/4465 loss 1.6707
  batch 250/4465 loss 1.7029
  batch 300/4465 loss 1.5516
  batch 350/4465 loss 1.5344
  batch 400/4465 loss 1.5543
  batch 450/4465 loss 1.6399
  batch 500/4465 loss 1.5073
  batch 550/4465 loss 1.6566
  batch 600/4465 loss 1.5017
  batch 650/4465 loss 1.6612
  batch 700/4465 loss 1.6427
  batch 750/4465 loss 1.5651
  batch 800/4465 loss 1.5185
  batch 850/4465 loss 1.6676
  batch 900/4465 loss 1.7998
  batch 950/4465 loss 1.6203
  batch 1000/4465 loss 1.5058
  batch 1050/4465 loss 1.4470
  batch 1100/4465 loss 1.5130
  batch 1150/4465 loss 1.6254
  batch 1200/4465 loss 1.6453
  batch 1250/4465 loss 1.6059
  batch 1300/4465 loss 1.5923
  batch 1350/4465 loss 1.5307
  batch 1400/4465 loss 1.6520
  batch 1450/4465 loss 1.7209
  batch 1500/4465 loss 1.6753
  batch 1550/4465 loss 1.6321
  batch 1600/4465 loss 1.6743
  batch 1650/4465 loss 1.4822
  batch 1700/4465 loss 1.5649
  batch 1750/4465 loss 1.5792
  batch 1800/4465 loss 1.6255
  batch 1850/4465 loss 1.5053
  batch 1900/4465 loss 1.6184
  batch 1950/4465 loss 1.4709
  batch 2000/4465 loss 1.5715
  batch 2050/4465 loss 1.4719
  batch 2100/4465 loss 1.7006
  batch 2150/4465 loss 1.5858
  batch 2200/4465 loss 1.5490
  batch 2250/4465 loss 1.5630
  batch 2300/4465 loss 1.5498
  batch 2350/4465 loss 1.8134
  batch 2400/4465 loss 1.6077
  batch 2450/4465 loss 1.6900
  batch 2500/4465 loss 1.6720
  batch 2550/4465 loss 1.6457
  batch 2600/4465 loss 1.5489
  batch 2650/4465 loss 1.5208
  batch 2700/4465 loss 1.5811
  batch 2750/4465 loss 1.5984
  batch 2800/4465 loss 1.6653
  batch 2850/4465 loss 1.6138
  batch 2900/4465 loss 1.7352
  batch 2950/4465 loss 1.6190
  batch 3000/4465 loss 1.5711
  batch 3050/4465 loss 1.6797
  batch 3100/4465 loss 1.6897
  batch 3150/4465 loss 1.6111
  batch 3200/4465 loss 1.5973
  batch 3250/4465 loss 1.4793
  batch 3300/4465 loss 1.7599
  batch 3350/4465 loss 1.6252
  batch 3400/4465 loss 1.5473
  batch 3450/4465 loss 1.6963
  batch 3500/4465 loss 1.6267
  batch 3550/4465 loss 1.7200
  batch 3600/4465 loss 1.4688
  batch 3650/4465 loss 1.4259
  batch 3700/4465 loss 1.5482
  batch 3750/4465 loss 1.4633
  batch 3800/4465 loss 1.5908
  batch 3850/4465 loss 1.6820
  batch 3900/4465 loss 1.5519
  batch 3950/4465 loss 1.6518
  batch 4000/4465 loss 1.6526
  batch 4050/4465 loss 1.5398
  batch 4100/4465 loss 1.6183
  batch 4150/4465 loss 1.5163
  batch 4200/4465 loss 1.5416
  batch 4250/4465 loss 1.5999
  batch 4300/4465 loss 1.7013
  batch 4350/4465 loss 1.5939
  batch 4400/4465 loss 1.5921
  batch 4450/4465 loss 1.6103
  batch 4465/4465 loss 1.8248
ep05/20  train 1.6112  val WAPE 0.2121  time 49.2s
  no improvement (3/4)

Starting epoch 6/20...
  batch 50/4465 loss 1.5965
  batch 100/4465 loss 1.6329
  batch 150/4465 loss 1.5781
  batch 200/4465 loss 1.6827
  batch 250/4465 loss 1.5761
  batch 300/4465 loss 1.7143
  batch 350/4465 loss 1.5313
  batch 400/4465 loss 1.6594
  batch 450/4465 loss 1.6088
  batch 500/4465 loss 1.6318
  batch 550/4465 loss 1.6006
  batch 600/4465 loss 1.5494
  batch 650/4465 loss 1.5345
  batch 700/4465 loss 1.7719
  batch 750/4465 loss 1.6714
  batch 800/4465 loss 1.5924
  batch 850/4465 loss 1.7137
  batch 900/4465 loss 1.5866
  batch 950/4465 loss 1.6478
  batch 1000/4465 loss 1.5689
  batch 1050/4465 loss 1.5658
  batch 1100/4465 loss 1.6794
  batch 1150/4465 loss 1.5205
  batch 1200/4465 loss 1.5926
  batch 1250/4465 loss 1.5394
  batch 1300/4465 loss 1.7470
  batch 1350/4465 loss 1.6670
  batch 1400/4465 loss 1.7223
  batch 1450/4465 loss 1.5584
  batch 1500/4465 loss 1.5852
  batch 1550/4465 loss 1.6255
  batch 1600/4465 loss 1.4760
  batch 1650/4465 loss 1.7192
  batch 1700/4465 loss 1.5162
  batch 1750/4465 loss 1.5482
  batch 1800/4465 loss 1.7034
  batch 1850/4465 loss 1.7639
  batch 1900/4465 loss 1.7220
  batch 1950/4465 loss 1.6047
  batch 2000/4465 loss 1.5926
  batch 2050/4465 loss 1.5715
  batch 2100/4465 loss 1.6263
  batch 2150/4465 loss 1.6351
  batch 2200/4465 loss 1.6374
  batch 2250/4465 loss 1.6968
  batch 2300/4465 loss 1.5232
  batch 2350/4465 loss 1.6108
  batch 2400/4465 loss 1.4769
  batch 2450/4465 loss 1.5180
  batch 2500/4465 loss 1.5737
  batch 2550/4465 loss 1.5127
  batch 2600/4465 loss 1.4267
  batch 2650/4465 loss 1.7284
  batch 2700/4465 loss 1.7441
  batch 2750/4465 loss 1.6951
  batch 2800/4465 loss 1.5322
  batch 2850/4465 loss 1.5884
  batch 2900/4465 loss 1.4785
  batch 2950/4465 loss 1.6806
  batch 3000/4465 loss 1.5719
  batch 3050/4465 loss 1.5883
  batch 3100/4465 loss 1.6915
  batch 3150/4465 loss 1.5288
  batch 3200/4465 loss 1.5211
  batch 3250/4465 loss 1.6540
  batch 3300/4465 loss 1.6111
  batch 3350/4465 loss 1.6518
  batch 3400/4465 loss 1.7432
  batch 3450/4465 loss 1.6691
  batch 3500/4465 loss 1.6394
  batch 3550/4465 loss 1.6255
  batch 3600/4465 loss 1.6333
  batch 3650/4465 loss 1.5283
  batch 3700/4465 loss 1.4718
  batch 3750/4465 loss 1.6191
  batch 3800/4465 loss 1.6640
  batch 3850/4465 loss 1.6289
  batch 3900/4465 loss 1.5308
  batch 3950/4465 loss 1.6015
  batch 4000/4465 loss 1.5187
  batch 4050/4465 loss 1.6726
  batch 4100/4465 loss 1.3782
  batch 4150/4465 loss 1.6008
  batch 4200/4465 loss 1.6727
  batch 4250/4465 loss 1.6889
  batch 4300/4465 loss 1.4704
  batch 4350/4465 loss 1.7490
  batch 4400/4465 loss 1.5742
  batch 4450/4465 loss 1.6025
  batch 4465/4465 loss 1.5531
ep06/20  train 1.6106  val WAPE 0.2183  time 39.4s
  no improvement (4/4)
early stop
linear params: 227809

Starting epoch 1/20...
  batch 50/4465 loss 4.1187
  batch 100/4465 loss 3.7171
  batch 150/4465 loss 3.6064
  batch 200/4465 loss 3.5264
  batch 250/4465 loss 3.3402
  batch 300/4465 loss 3.2137
  batch 350/4465 loss 3.0904
  batch 400/4465 loss 3.0709
  batch 450/4465 loss 3.0831
  batch 500/4465 loss 3.0112
  batch 550/4465 loss 3.1046
  batch 600/4465 loss 3.2170
  batch 650/4465 loss 3.0989
  batch 700/4465 loss 3.0621
  batch 750/4465 loss 2.8090
  batch 800/4465 loss 3.1795
  batch 850/4465 loss 2.9139
  batch 900/4465 loss 2.8478
  batch 950/4465 loss 2.7797
  batch 1000/4465 loss 2.9112
  batch 1050/4465 loss 2.7683
  batch 1100/4465 loss 2.6684
  batch 1150/4465 loss 2.7197
  batch 1200/4465 loss 2.7341
  batch 1250/4465 loss 2.5477
  batch 1300/4465 loss 2.5534
  batch 1350/4465 loss 2.4653
  batch 1400/4465 loss 2.4602
  batch 1450/4465 loss 2.5619
  batch 1500/4465 loss 2.4855
  batch 1550/4465 loss 2.3174
  batch 1600/4465 loss 2.5247
  batch 1650/4465 loss 2.4140
  batch 1700/4465 loss 2.5047
  batch 1750/4465 loss 2.2129
  batch 1800/4465 loss 2.4232
  batch 1850/4465 loss 2.1673
  batch 1900/4465 loss 2.3576
  batch 1950/4465 loss 2.2506
  batch 2000/4465 loss 2.3054
  batch 2050/4465 loss 2.2838
  batch 2100/4465 loss 2.1203
  batch 2150/4465 loss 2.3931
  batch 2200/4465 loss 2.1410
  batch 2250/4465 loss 2.1127
  batch 2300/4465 loss 2.1670
  batch 2350/4465 loss 2.1940
  batch 2400/4465 loss 2.1564
  batch 2450/4465 loss 2.0057
  batch 2500/4465 loss 2.0471
  batch 2550/4465 loss 2.0599
  batch 2600/4465 loss 2.0824
  batch 2650/4465 loss 1.9995
  batch 2700/4465 loss 2.1139
  batch 2750/4465 loss 2.0176
  batch 2800/4465 loss 2.0334
  batch 2850/4465 loss 2.2202
  batch 2900/4465 loss 2.1472
  batch 2950/4465 loss 2.0123
  batch 3000/4465 loss 1.9134
  batch 3050/4465 loss 2.0337
  batch 3100/4465 loss 2.0001
  batch 3150/4465 loss 2.1012
  batch 3200/4465 loss 1.9491
  batch 3250/4465 loss 2.0394
  batch 3300/4465 loss 1.8750
  batch 3350/4465 loss 1.9464
  batch 3400/4465 loss 1.8761
  batch 3450/4465 loss 1.9158
  batch 3500/4465 loss 1.9135
  batch 3550/4465 loss 1.9340
  batch 3600/4465 loss 1.9836
  batch 3650/4465 loss 1.9442
  batch 3700/4465 loss 1.9213
  batch 3750/4465 loss 2.0132
  batch 3800/4465 loss 1.8453
  batch 3850/4465 loss 1.8700
  batch 3900/4465 loss 1.9608
  batch 3950/4465 loss 2.0059
  batch 4000/4465 loss 1.8143
  batch 4050/4465 loss 1.8625
  batch 4100/4465 loss 1.8147
  batch 4150/4465 loss 1.8951
  batch 4200/4465 loss 1.8188
  batch 4250/4465 loss 1.8760
  batch 4300/4465 loss 1.7131
  batch 4350/4465 loss 1.7915
  batch 4400/4465 loss 1.7248
  batch 4450/4465 loss 1.6925
  batch 4465/4465 loss 1.8110
ep01/20  train 2.3672  val WAPE 0.2144  time 43.8s
  ✓ new best WAPE: 0.2144

Starting epoch 2/20...
  batch 50/4465 loss 1.8111
  batch 100/4465 loss 1.7686
  batch 150/4465 loss 1.8141
  batch 200/4465 loss 1.7424
  batch 250/4465 loss 1.7761
  batch 300/4465 loss 1.8313
  batch 350/4465 loss 1.9275
  batch 400/4465 loss 1.7979
  batch 450/4465 loss 1.8371
  batch 500/4465 loss 1.8257
  batch 550/4465 loss 1.7563
  batch 600/4465 loss 1.6516
  batch 650/4465 loss 1.7478
  batch 700/4465 loss 1.7459
  batch 750/4465 loss 1.7337
  batch 800/4465 loss 1.7898
  batch 850/4465 loss 1.6260
  batch 900/4465 loss 1.8233
  batch 950/4465 loss 1.5901
  batch 1000/4465 loss 1.8410
  batch 1050/4465 loss 1.8069
  batch 1100/4465 loss 1.8195
  batch 1150/4465 loss 1.7267
  batch 1200/4465 loss 1.8528
  batch 1250/4465 loss 1.7230
  batch 1300/4465 loss 1.7854
  batch 1350/4465 loss 1.7014
  batch 1400/4465 loss 1.5984
  batch 1450/4465 loss 1.6859
  batch 1500/4465 loss 1.6288
  batch 1550/4465 loss 1.7228
  batch 1600/4465 loss 1.7540
  batch 1650/4465 loss 1.7307
  batch 1700/4465 loss 1.7547
  batch 1750/4465 loss 1.7048
  batch 1800/4465 loss 1.6886
  batch 1850/4465 loss 1.6370
  batch 1900/4465 loss 1.6999
  batch 1950/4465 loss 1.6240
  batch 2000/4465 loss 1.9624
  batch 2050/4465 loss 1.7940
  batch 2100/4465 loss 1.5769
  batch 2150/4465 loss 1.7092
  batch 2200/4465 loss 1.6234
  batch 2250/4465 loss 1.6841
  batch 2300/4465 loss 1.5709
  batch 2350/4465 loss 1.6252
  batch 2400/4465 loss 1.6904
  batch 2450/4465 loss 1.7330
  batch 2500/4465 loss 1.7650
  batch 2550/4465 loss 1.7058
  batch 2600/4465 loss 1.5728
  batch 2650/4465 loss 1.5916
  batch 2700/4465 loss 1.4767
  batch 2750/4465 loss 1.6732
  batch 2800/4465 loss 1.6077
  batch 2850/4465 loss 1.7454
  batch 2900/4465 loss 1.7739
  batch 2950/4465 loss 1.6398
  batch 3000/4465 loss 1.6409
  batch 3050/4465 loss 1.7203
  batch 3100/4465 loss 1.7126
  batch 3150/4465 loss 1.6085
  batch 3200/4465 loss 1.5460
  batch 3250/4465 loss 1.6517
  batch 3300/4465 loss 1.7125
  batch 3350/4465 loss 1.5905
  batch 3400/4465 loss 1.4708
  batch 3450/4465 loss 1.5230
  batch 3500/4465 loss 1.6397
  batch 3550/4465 loss 1.6128
  batch 3600/4465 loss 1.6410
  batch 3650/4465 loss 1.5501
  batch 3700/4465 loss 1.4510
  batch 3750/4465 loss 1.5593
  batch 3800/4465 loss 1.6844
  batch 3850/4465 loss 1.6902
  batch 3900/4465 loss 1.6198
  batch 3950/4465 loss 1.6952
  batch 4000/4465 loss 1.6552
  batch 4050/4465 loss 1.6222
  batch 4100/4465 loss 1.5171
  batch 4150/4465 loss 1.5723
  batch 4200/4465 loss 1.6214
  batch 4250/4465 loss 1.6679
  batch 4300/4465 loss 1.6303
  batch 4350/4465 loss 1.6400
  batch 4400/4465 loss 1.6500
  batch 4450/4465 loss 1.6340
  batch 4465/4465 loss 1.6443
ep02/20  train 1.6921  val WAPE 0.1959  time 45.9s
  ✓ new best WAPE: 0.1959

Starting epoch 3/20...
  batch 50/4465 loss 1.8539
  batch 100/4465 loss 1.6570
  batch 150/4465 loss 1.5655
  batch 200/4465 loss 1.5909
  batch 250/4465 loss 1.5758
  batch 300/4465 loss 1.8016
  batch 350/4465 loss 1.6763
  batch 400/4465 loss 1.5109
  batch 450/4465 loss 1.5568
  batch 500/4465 loss 1.7708
  batch 550/4465 loss 1.7850
  batch 600/4465 loss 1.5116
  batch 650/4465 loss 1.6419
  batch 700/4465 loss 1.7461
  batch 750/4465 loss 1.5184
  batch 800/4465 loss 1.5490
  batch 850/4465 loss 1.6509
  batch 900/4465 loss 1.5769
  batch 950/4465 loss 1.5420
  batch 1000/4465 loss 1.5526
  batch 1050/4465 loss 1.4620
  batch 1100/4465 loss 1.5924
  batch 1150/4465 loss 1.6202
  batch 1200/4465 loss 1.5468
  batch 1250/4465 loss 1.5235
  batch 1300/4465 loss 1.6056
  batch 1350/4465 loss 1.5763
  batch 1400/4465 loss 1.6416
  batch 1450/4465 loss 1.8504
  batch 1500/4465 loss 1.7117
  batch 1550/4465 loss 1.5588
  batch 1600/4465 loss 1.6123
  batch 1650/4465 loss 1.5410
  batch 1700/4465 loss 1.5383
  batch 1750/4465 loss 1.5970
  batch 1800/4465 loss 1.5723
  batch 1850/4465 loss 1.5576
  batch 1900/4465 loss 1.7569
  batch 1950/4465 loss 1.7247
  batch 2000/4465 loss 1.7080
  batch 2050/4465 loss 1.5986
  batch 2100/4465 loss 1.4524
  batch 2150/4465 loss 1.5745
  batch 2200/4465 loss 1.5522
  batch 2250/4465 loss 1.5366
  batch 2300/4465 loss 1.4523
  batch 2350/4465 loss 1.5508
  batch 2400/4465 loss 1.6219
  batch 2450/4465 loss 1.6020
  batch 2500/4465 loss 1.5964
  batch 2550/4465 loss 1.7471
  batch 2600/4465 loss 1.4765
  batch 2650/4465 loss 1.6544
  batch 2700/4465 loss 1.6458
  batch 2750/4465 loss 1.5902
  batch 2800/4465 loss 1.7260
  batch 2850/4465 loss 1.6498
  batch 2900/4465 loss 1.6077
  batch 2950/4465 loss 1.5231
  batch 3000/4465 loss 1.5990
  batch 3050/4465 loss 1.7337
  batch 3100/4465 loss 1.6477
  batch 3150/4465 loss 1.5488
  batch 3200/4465 loss 1.5487
  batch 3250/4465 loss 1.5209
  batch 3300/4465 loss 1.5440
  batch 3350/4465 loss 1.7191
  batch 3400/4465 loss 1.5831
  batch 3450/4465 loss 1.7262
  batch 3500/4465 loss 1.6993
  batch 3550/4465 loss 1.6661
  batch 3600/4465 loss 1.5613
  batch 3650/4465 loss 1.6598
  batch 3700/4465 loss 1.5867
  batch 3750/4465 loss 1.6728
  batch 3800/4465 loss 1.7896
  batch 3850/4465 loss 1.6621
  batch 3900/4465 loss 1.7113
  batch 3950/4465 loss 1.6413
  batch 4000/4465 loss 1.5893
  batch 4050/4465 loss 1.7520
  batch 4100/4465 loss 1.4595
  batch 4150/4465 loss 1.6023
  batch 4200/4465 loss 1.6550
  batch 4250/4465 loss 1.5372
  batch 4300/4465 loss 1.6467
  batch 4350/4465 loss 1.5289
  batch 4400/4465 loss 1.5342
  batch 4450/4465 loss 1.5793
  batch 4465/4465 loss 1.6861
ep03/20  train 1.6145  val WAPE 0.2059  time 33.3s
  no improvement (1/4)

Starting epoch 4/20...
  batch 50/4465 loss 1.6102
  batch 100/4465 loss 1.5299
  batch 150/4465 loss 1.4519
  batch 200/4465 loss 1.6258
  batch 250/4465 loss 1.6671
  batch 300/4465 loss 1.5936
  batch 350/4465 loss 1.6114
  batch 400/4465 loss 1.6708
  batch 450/4465 loss 1.5985
  batch 500/4465 loss 1.6326
  batch 550/4465 loss 1.5130
  batch 600/4465 loss 1.5845
  batch 650/4465 loss 1.6097
  batch 700/4465 loss 1.5361
  batch 750/4465 loss 1.5332
  batch 800/4465 loss 1.5447
  batch 850/4465 loss 1.7457
  batch 900/4465 loss 1.6045
  batch 950/4465 loss 1.6018
  batch 1000/4465 loss 1.4452
  batch 1050/4465 loss 1.7159
  batch 1100/4465 loss 1.7430
  batch 1150/4465 loss 1.5488
  batch 1200/4465 loss 1.4399
  batch 1250/4465 loss 1.6106
  batch 1300/4465 loss 1.6518
  batch 1350/4465 loss 1.5585
  batch 1400/4465 loss 1.7317
  batch 1450/4465 loss 1.5400
  batch 1500/4465 loss 1.5437
  batch 1550/4465 loss 1.5369
  batch 1600/4465 loss 1.5642
  batch 1650/4465 loss 1.5613
  batch 1700/4465 loss 1.5174
  batch 1750/4465 loss 1.6861
  batch 1800/4465 loss 1.7173
  batch 1850/4465 loss 1.6918
  batch 1900/4465 loss 1.4907
  batch 1950/4465 loss 1.5680
  batch 2000/4465 loss 1.6578
  batch 2050/4465 loss 1.5415
  batch 2100/4465 loss 1.6195
  batch 2150/4465 loss 1.5096
  batch 2200/4465 loss 1.6431
  batch 2250/4465 loss 1.5937
  batch 2300/4465 loss 1.7359
  batch 2350/4465 loss 1.6089
  batch 2400/4465 loss 1.6973
  batch 2450/4465 loss 1.8879
  batch 2500/4465 loss 1.5523
  batch 2550/4465 loss 1.5482
  batch 2600/4465 loss 1.7605
  batch 2650/4465 loss 1.5695
  batch 2700/4465 loss 1.5414
  batch 2750/4465 loss 1.6895
  batch 2800/4465 loss 1.6796
  batch 2850/4465 loss 1.5053
  batch 2900/4465 loss 1.6076
  batch 2950/4465 loss 1.6874
  batch 3000/4465 loss 1.7286
  batch 3050/4465 loss 1.5916
  batch 3100/4465 loss 1.7244
  batch 3150/4465 loss 1.6811
  batch 3200/4465 loss 1.5898
  batch 3250/4465 loss 1.6049
  batch 3300/4465 loss 1.5895
  batch 3350/4465 loss 1.7388
  batch 3400/4465 loss 1.5438
  batch 3450/4465 loss 1.6290
  batch 3500/4465 loss 1.6289
  batch 3550/4465 loss 1.6738
  batch 3600/4465 loss 1.7881
  batch 3650/4465 loss 1.7641
  batch 3700/4465 loss 1.4993
  batch 3750/4465 loss 1.7107
  batch 3800/4465 loss 1.5993
  batch 3850/4465 loss 1.6471
  batch 3900/4465 loss 1.6388
  batch 3950/4465 loss 1.6404
  batch 4000/4465 loss 1.5170
  batch 4050/4465 loss 1.4719
  batch 4100/4465 loss 1.6053
  batch 4150/4465 loss 1.6026
  batch 4200/4465 loss 1.5787
  batch 4250/4465 loss 1.6910
  batch 4300/4465 loss 1.5733
  batch 4350/4465 loss 1.7179
  batch 4400/4465 loss 1.5001
  batch 4450/4465 loss 1.4985
  batch 4465/4465 loss 1.4846
ep04/20  train 1.6110  val WAPE 0.2158  time 43.2s
  no improvement (2/4)

Starting epoch 5/20...
  batch 50/4465 loss 1.6047
  batch 100/4465 loss 1.5931
  batch 150/4465 loss 1.6762
  batch 200/4465 loss 1.4438
  batch 250/4465 loss 1.5307
  batch 300/4465 loss 1.5996
  batch 350/4465 loss 1.6144
  batch 400/4465 loss 1.6572
  batch 450/4465 loss 1.6599
  batch 500/4465 loss 1.6377
  batch 550/4465 loss 1.6346
  batch 600/4465 loss 1.6280
  batch 650/4465 loss 1.4868
  batch 700/4465 loss 1.6135
  batch 750/4465 loss 1.5930
  batch 800/4465 loss 1.7024
  batch 850/4465 loss 1.6705
  batch 900/4465 loss 1.6309
  batch 950/4465 loss 1.4820
  batch 1000/4465 loss 1.6395
  batch 1050/4465 loss 1.5349
  batch 1100/4465 loss 1.5926
  batch 1150/4465 loss 1.5797
  batch 1200/4465 loss 1.6239
  batch 1250/4465 loss 1.6751
  batch 1300/4465 loss 1.7519
  batch 1350/4465 loss 1.6265
  batch 1400/4465 loss 1.5703
  batch 1450/4465 loss 1.5846
  batch 1500/4465 loss 1.6230
  batch 1550/4465 loss 1.6354
  batch 1600/4465 loss 1.6441
  batch 1650/4465 loss 1.6414
  batch 1700/4465 loss 1.7963
  batch 1750/4465 loss 1.7860
  batch 1800/4465 loss 1.6804
  batch 1850/4465 loss 1.5359
  batch 1900/4465 loss 1.5551
  batch 1950/4465 loss 1.4902
  batch 2000/4465 loss 1.5116
  batch 2050/4465 loss 1.7404
  batch 2100/4465 loss 1.6445
  batch 2150/4465 loss 1.6473
  batch 2200/4465 loss 1.7204
  batch 2250/4465 loss 1.7093
  batch 2300/4465 loss 1.3864
  batch 2350/4465 loss 1.5548
  batch 2400/4465 loss 1.5414
  batch 2450/4465 loss 1.6840
  batch 2500/4465 loss 1.5205
  batch 2550/4465 loss 1.6969
  batch 2600/4465 loss 1.7111
  batch 2650/4465 loss 1.6326
  batch 2700/4465 loss 1.6155
  batch 2750/4465 loss 1.6529
  batch 2800/4465 loss 1.5506
  batch 2850/4465 loss 1.7037
  batch 2900/4465 loss 1.6432
  batch 2950/4465 loss 1.5033
  batch 3000/4465 loss 1.6549
  batch 3050/4465 loss 1.6312
  batch 3100/4465 loss 1.5679
  batch 3150/4465 loss 1.6463
  batch 3200/4465 loss 1.5067
  batch 3250/4465 loss 1.5385
  batch 3300/4465 loss 1.4543
  batch 3350/4465 loss 1.5797
  batch 3400/4465 loss 1.6979
  batch 3450/4465 loss 1.7151
  batch 3500/4465 loss 1.6286
  batch 3550/4465 loss 1.5562
  batch 3600/4465 loss 1.6672
  batch 3650/4465 loss 1.6525
  batch 3700/4465 loss 1.6524
  batch 3750/4465 loss 1.5386
  batch 3800/4465 loss 1.4937
  batch 3850/4465 loss 1.5673
  batch 3900/4465 loss 1.5051
  batch 3950/4465 loss 1.6912
  batch 4000/4465 loss 1.6490
  batch 4050/4465 loss 1.6591
  batch 4100/4465 loss 1.6170
  batch 4150/4465 loss 1.5975
  batch 4200/4465 loss 1.6157
  batch 4250/4465 loss 1.5960
  batch 4300/4465 loss 1.6282
  batch 4350/4465 loss 1.5788
  batch 4400/4465 loss 1.6771
  batch 4450/4465 loss 1.5818
  batch 4465/4465 loss 1.6050
ep05/20  train 1.6128  val WAPE 0.2000  time 47.6s
  no improvement (3/4)

Starting epoch 6/20...
  batch 50/4465 loss 1.7700
  batch 100/4465 loss 1.6555
  batch 150/4465 loss 1.6007
  batch 200/4465 loss 1.5108
  batch 250/4465 loss 1.6045
  batch 300/4465 loss 1.7727
  batch 350/4465 loss 1.5684
  batch 400/4465 loss 1.7000
  batch 450/4465 loss 1.6024
  batch 500/4465 loss 1.5301
  batch 550/4465 loss 1.6893
  batch 600/4465 loss 1.7606
  batch 650/4465 loss 1.6266
  batch 700/4465 loss 1.5954
  batch 750/4465 loss 1.6586
  batch 800/4465 loss 1.6328
  batch 850/4465 loss 1.6379
  batch 900/4465 loss 1.7247
  batch 950/4465 loss 1.5827
  batch 1000/4465 loss 1.4958
  batch 1050/4465 loss 1.5629
  batch 1100/4465 loss 1.5228
  batch 1150/4465 loss 1.6265
  batch 1200/4465 loss 1.5132
  batch 1250/4465 loss 1.6134
  batch 1300/4465 loss 1.5538
  batch 1350/4465 loss 1.7137
  batch 1400/4465 loss 1.5540
  batch 1450/4465 loss 1.6781
  batch 1500/4465 loss 1.5070
  batch 1550/4465 loss 1.5737
  batch 1600/4465 loss 1.7123
  batch 1650/4465 loss 1.5723
  batch 1700/4465 loss 1.6855
  batch 1750/4465 loss 1.5866
  batch 1800/4465 loss 1.5248
  batch 1850/4465 loss 1.6297
  batch 1900/4465 loss 1.5441
  batch 1950/4465 loss 1.5450
  batch 2000/4465 loss 1.6794
  batch 2050/4465 loss 1.7295
  batch 2100/4465 loss 1.5319
  batch 2150/4465 loss 1.6531
  batch 2200/4465 loss 1.5905
  batch 2250/4465 loss 1.6419
  batch 2300/4465 loss 1.5392
  batch 2350/4465 loss 1.4937
  batch 2400/4465 loss 1.4891
  batch 2450/4465 loss 1.6847
  batch 2500/4465 loss 1.5799
  batch 2550/4465 loss 1.6216
  batch 2600/4465 loss 1.6173
  batch 2650/4465 loss 1.5762
  batch 2700/4465 loss 1.6647
  batch 2750/4465 loss 1.5705
  batch 2800/4465 loss 1.6201
  batch 2850/4465 loss 1.5813
  batch 2900/4465 loss 1.4679
  batch 2950/4465 loss 1.6616
  batch 3000/4465 loss 1.7720
  batch 3050/4465 loss 1.4882
  batch 3100/4465 loss 1.4568
  batch 3150/4465 loss 1.6307
  batch 3200/4465 loss 1.6142
  batch 3250/4465 loss 1.6566
  batch 3300/4465 loss 1.6475
  batch 3350/4465 loss 1.7220
  batch 3400/4465 loss 1.6182
  batch 3450/4465 loss 1.6324
  batch 3500/4465 loss 1.5379
  batch 3550/4465 loss 1.6123
  batch 3600/4465 loss 1.5412
  batch 3650/4465 loss 1.5603
  batch 3700/4465 loss 1.6126
  batch 3750/4465 loss 1.6604
  batch 3800/4465 loss 1.5768
  batch 3850/4465 loss 1.5002
  batch 3900/4465 loss 1.7367
  batch 3950/4465 loss 1.6453
  batch 4000/4465 loss 1.5583
  batch 4050/4465 loss 1.5900
  batch 4100/4465 loss 1.6696
  batch 4150/4465 loss 1.5549
  batch 4200/4465 loss 1.7276
  batch 4250/4465 loss 1.5397
  batch 4300/4465 loss 1.5872
  batch 4350/4465 loss 1.5822
  batch 4400/4465 loss 1.5792
  batch 4450/4465 loss 1.7439
  batch 4465/4465 loss 1.7446
ep06/20  train 1.6106  val WAPE 0.2108  time 50.1s
  no improvement (4/4)
early stop
linear params: 227809

Starting epoch 1/20...
  batch 50/4465 loss 4.0687
  batch 100/4465 loss 3.8761
  batch 150/4465 loss 3.3984
  batch 200/4465 loss 3.5584
  batch 250/4465 loss 3.2652
  batch 300/4465 loss 3.4095
  batch 350/4465 loss 3.1441
  batch 400/4465 loss 3.2347
  batch 450/4465 loss 3.1108
  batch 500/4465 loss 3.1338
  batch 550/4465 loss 3.0442
  batch 600/4465 loss 3.0665
  batch 650/4465 loss 3.0816
  batch 700/4465 loss 2.8038
  batch 750/4465 loss 2.7998
  batch 800/4465 loss 2.7151
  batch 850/4465 loss 2.8111
  batch 900/4465 loss 2.8502
  batch 950/4465 loss 2.6938
  batch 1000/4465 loss 2.6507
  batch 1050/4465 loss 2.8283
  batch 1100/4465 loss 2.5436
  batch 1150/4465 loss 2.5566
  batch 1200/4465 loss 2.5523
  batch 1250/4465 loss 2.4991
  batch 1300/4465 loss 2.5708
  batch 1350/4465 loss 2.6485
  batch 1400/4465 loss 2.4922
  batch 1450/4465 loss 2.3228
  batch 1500/4465 loss 2.3068
  batch 1550/4465 loss 2.4371
  batch 1600/4465 loss 2.4397
  batch 1650/4465 loss 2.3962
  batch 1700/4465 loss 2.4217
  batch 1750/4465 loss 2.3805
  batch 1800/4465 loss 2.2306
  batch 1850/4465 loss 2.4009
  batch 1900/4465 loss 2.2588
  batch 1950/4465 loss 2.1738
  batch 2000/4465 loss 2.2499
  batch 2050/4465 loss 2.3001
  batch 2100/4465 loss 2.3098
  batch 2150/4465 loss 2.0796
  batch 2200/4465 loss 2.1107
  batch 2250/4465 loss 2.2182
  batch 2300/4465 loss 2.2083
  batch 2350/4465 loss 2.1412
  batch 2400/4465 loss 2.0747
  batch 2450/4465 loss 2.0975
  batch 2500/4465 loss 2.0849
  batch 2550/4465 loss 2.0632
  batch 2600/4465 loss 2.1460
  batch 2650/4465 loss 2.0074
  batch 2700/4465 loss 2.1297
  batch 2750/4465 loss 1.9745
  batch 2800/4465 loss 1.9960
  batch 2850/4465 loss 2.1092
  batch 2900/4465 loss 2.1005
  batch 2950/4465 loss 2.0403
  batch 3000/4465 loss 1.9336
  batch 3050/4465 loss 1.8954
  batch 3100/4465 loss 2.1194
  batch 3150/4465 loss 1.8999
  batch 3200/4465 loss 2.0668
  batch 3250/4465 loss 1.7798
  batch 3300/4465 loss 1.8933
  batch 3350/4465 loss 2.1467
  batch 3400/4465 loss 1.9618
  batch 3450/4465 loss 1.9449
  batch 3500/4465 loss 1.9608
  batch 3550/4465 loss 1.8359
  batch 3600/4465 loss 1.9135
  batch 3650/4465 loss 1.7939
  batch 3700/4465 loss 1.8442
  batch 3750/4465 loss 1.7588
  batch 3800/4465 loss 1.8698
  batch 3850/4465 loss 1.8989
  batch 3900/4465 loss 2.0504
  batch 3950/4465 loss 1.8255
  batch 4000/4465 loss 1.8266
  batch 4050/4465 loss 1.8059
  batch 4100/4465 loss 1.9268
  batch 4150/4465 loss 1.9543
  batch 4200/4465 loss 1.8122
  batch 4250/4465 loss 1.9218
  batch 4300/4465 loss 1.8656
  batch 4350/4465 loss 1.9766
  batch 4400/4465 loss 1.8741
  batch 4450/4465 loss 1.7978
  batch 4465/4465 loss 1.8059
ep01/20  train 2.3394  val WAPE 0.2204  time 47.0s
  ✓ new best WAPE: 0.2204

Starting epoch 2/20...
  batch 50/4465 loss 1.8855
  batch 100/4465 loss 1.9020
  batch 150/4465 loss 1.8418
  batch 200/4465 loss 1.8627
  batch 250/4465 loss 1.8530
  batch 300/4465 loss 1.7922
  batch 350/4465 loss 1.7783
  batch 400/4465 loss 1.8372
  batch 450/4465 loss 1.7772
  batch 500/4465 loss 1.5970
  batch 550/4465 loss 1.5607
  batch 600/4465 loss 1.8050
  batch 650/4465 loss 1.8146
  batch 700/4465 loss 1.8480
  batch 750/4465 loss 1.6870
  batch 800/4465 loss 1.6885
  batch 850/4465 loss 1.6238
  batch 900/4465 loss 1.7959
  batch 950/4465 loss 1.7733
  batch 1000/4465 loss 1.8440
  batch 1050/4465 loss 1.7626
  batch 1100/4465 loss 1.6318
  batch 1150/4465 loss 1.7570
  batch 1200/4465 loss 1.8421
  batch 1250/4465 loss 1.8344
  batch 1300/4465 loss 1.6969
  batch 1350/4465 loss 1.6749
  batch 1400/4465 loss 1.6811
  batch 1450/4465 loss 1.7376
  batch 1500/4465 loss 1.8017
  batch 1550/4465 loss 1.6402
  batch 1600/4465 loss 1.7755
  batch 1650/4465 loss 1.5712
  batch 1700/4465 loss 1.8094
  batch 1750/4465 loss 1.8090
  batch 1800/4465 loss 1.7798
  batch 1850/4465 loss 1.5406
  batch 1900/4465 loss 1.7103
  batch 1950/4465 loss 1.7287
  batch 2000/4465 loss 1.9601
  batch 2050/4465 loss 1.5805
  batch 2100/4465 loss 1.5595
  batch 2150/4465 loss 1.7135
  batch 2200/4465 loss 1.6684
  batch 2250/4465 loss 1.6352
  batch 2300/4465 loss 1.6182
  batch 2350/4465 loss 1.6229
  batch 2400/4465 loss 1.7514
  batch 2450/4465 loss 1.7009
  batch 2500/4465 loss 1.6087
  batch 2550/4465 loss 1.7250
  batch 2600/4465 loss 1.6182
  batch 2650/4465 loss 1.7801
  batch 2700/4465 loss 1.7934
  batch 2750/4465 loss 1.7251
  batch 2800/4465 loss 1.5877
  batch 2850/4465 loss 1.7156
  batch 2900/4465 loss 1.6168
  batch 2950/4465 loss 1.5537
  batch 3000/4465 loss 1.5412
  batch 3050/4465 loss 1.6675
  batch 3100/4465 loss 1.7570
  batch 3150/4465 loss 1.3710
  batch 3200/4465 loss 1.8105
  batch 3250/4465 loss 1.5567
  batch 3300/4465 loss 1.4378
  batch 3350/4465 loss 1.5640
  batch 3400/4465 loss 1.7352
  batch 3450/4465 loss 1.6918
  batch 3500/4465 loss 1.6072
  batch 3550/4465 loss 1.7078
  batch 3600/4465 loss 1.5750
  batch 3650/4465 loss 1.5736
  batch 3700/4465 loss 1.7063
  batch 3750/4465 loss 1.5567
  batch 3800/4465 loss 1.7251
  batch 3850/4465 loss 1.6682
  batch 3900/4465 loss 1.6722
  batch 3950/4465 loss 1.5100
  batch 4000/4465 loss 1.5703
  batch 4050/4465 loss 1.6774
  batch 4100/4465 loss 1.5878
  batch 4150/4465 loss 1.6639
  batch 4200/4465 loss 1.6967
  batch 4250/4465 loss 1.6599
  batch 4300/4465 loss 1.5874
  batch 4350/4465 loss 1.7981
  batch 4400/4465 loss 1.5354
  batch 4450/4465 loss 1.6195
  batch 4465/4465 loss 1.6429
ep02/20  train 1.6928  val WAPE 0.2024  time 29.9s
  ✓ new best WAPE: 0.2024

Starting epoch 3/20...
  batch 50/4465 loss 1.5797
  batch 100/4465 loss 1.6120
  batch 150/4465 loss 1.6580
  batch 200/4465 loss 1.7030
  batch 250/4465 loss 1.6532
  batch 300/4465 loss 1.6073
  batch 350/4465 loss 1.6111
  batch 400/4465 loss 1.6305
  batch 450/4465 loss 1.6244
  batch 500/4465 loss 1.5498
  batch 550/4465 loss 1.5283
  batch 600/4465 loss 1.5573
  batch 650/4465 loss 1.7706
  batch 700/4465 loss 1.5742
  batch 750/4465 loss 1.6535
  batch 800/4465 loss 1.6974
  batch 850/4465 loss 1.5766
  batch 900/4465 loss 1.6018
  batch 950/4465 loss 1.5940
  batch 1000/4465 loss 1.7870
  batch 1050/4465 loss 1.6995
  batch 1100/4465 loss 1.5658
  batch 1150/4465 loss 1.5363
  batch 1200/4465 loss 1.5414
  batch 1250/4465 loss 1.5110
  batch 1300/4465 loss 1.5018
  batch 1350/4465 loss 1.7602
  batch 1400/4465 loss 1.7945
  batch 1450/4465 loss 1.6803
  batch 1500/4465 loss 1.5754
  batch 1550/4465 loss 1.6743
  batch 1600/4465 loss 1.6531
  batch 1650/4465 loss 1.6155
  batch 1700/4465 loss 1.5035
  batch 1750/4465 loss 1.5861
  batch 1800/4465 loss 1.5525
  batch 1850/4465 loss 1.7035
  batch 1900/4465 loss 1.6769
  batch 1950/4465 loss 1.5792
  batch 2000/4465 loss 1.6017
  batch 2050/4465 loss 1.5189
  batch 2100/4465 loss 1.5507
  batch 2150/4465 loss 1.6981
  batch 2200/4465 loss 1.5902
  batch 2250/4465 loss 1.6625
  batch 2300/4465 loss 1.7122
  batch 2350/4465 loss 1.6348
  batch 2400/4465 loss 1.5206
  batch 2450/4465 loss 1.6694
  batch 2500/4465 loss 1.6236
  batch 2550/4465 loss 1.4721
  batch 2600/4465 loss 1.5563
  batch 2650/4465 loss 1.6620
  batch 2700/4465 loss 1.4761
  batch 2750/4465 loss 1.5396
  batch 2800/4465 loss 1.6143
  batch 2850/4465 loss 1.6233
  batch 2900/4465 loss 1.6104
  batch 2950/4465 loss 1.5461
  batch 3000/4465 loss 1.5873
  batch 3050/4465 loss 1.6608
  batch 3100/4465 loss 1.6166
  batch 3150/4465 loss 1.6424
  batch 3200/4465 loss 1.6787
  batch 3250/4465 loss 1.7042
  batch 3300/4465 loss 1.6037
  batch 3350/4465 loss 1.5188
  batch 3400/4465 loss 1.5275
  batch 3450/4465 loss 1.6215
  batch 3500/4465 loss 1.6285
  batch 3550/4465 loss 1.6463
  batch 3600/4465 loss 1.4081
  batch 3650/4465 loss 1.5817
  batch 3700/4465 loss 1.5503
  batch 3750/4465 loss 1.6371
  batch 3800/4465 loss 1.4787
  batch 3850/4465 loss 1.3549
  batch 3900/4465 loss 1.7016
  batch 3950/4465 loss 1.7035
  batch 4000/4465 loss 1.6941
  batch 4050/4465 loss 1.6044
  batch 4100/4465 loss 1.6313
  batch 4150/4465 loss 1.5770
  batch 4200/4465 loss 1.5008
  batch 4250/4465 loss 1.5399
  batch 4300/4465 loss 1.6068
  batch 4350/4465 loss 1.5331
  batch 4400/4465 loss 1.5919
  batch 4450/4465 loss 1.6428
  batch 4465/4465 loss 1.6538
ep03/20  train 1.6130  val WAPE 0.2190  time 30.9s
  no improvement (1/4)

Starting epoch 4/20...
  batch 50/4465 loss 1.5323
  batch 100/4465 loss 1.4455
  batch 150/4465 loss 1.5313
  batch 200/4465 loss 1.6653
  batch 250/4465 loss 1.4923
  batch 300/4465 loss 1.6486
  batch 350/4465 loss 1.6370
  batch 400/4465 loss 1.5999
  batch 450/4465 loss 1.5287
  batch 500/4465 loss 1.6513
  batch 550/4465 loss 1.5238
  batch 600/4465 loss 1.5074
  batch 650/4465 loss 1.6105
  batch 700/4465 loss 1.5981
  batch 750/4465 loss 1.4937
  batch 800/4465 loss 1.6708
  batch 850/4465 loss 1.5482
  batch 900/4465 loss 1.7445
  batch 950/4465 loss 1.6314
  batch 1000/4465 loss 1.6230
  batch 1050/4465 loss 1.6535
  batch 1100/4465 loss 1.6178
  batch 1150/4465 loss 1.6778
  batch 1200/4465 loss 1.5954
  batch 1250/4465 loss 1.4255
  batch 1300/4465 loss 1.7793
  batch 1350/4465 loss 1.5828
  batch 1400/4465 loss 1.5326
  batch 1450/4465 loss 1.6544
  batch 1500/4465 loss 1.8632
  batch 1550/4465 loss 1.4872
  batch 1600/4465 loss 1.5523
  batch 1650/4465 loss 1.6016
  batch 1700/4465 loss 1.6125
  batch 1750/4465 loss 1.6143
  batch 1800/4465 loss 1.6615
  batch 1850/4465 loss 1.5035
  batch 1900/4465 loss 1.5851
  batch 1950/4465 loss 1.5305
  batch 2000/4465 loss 1.6221
  batch 2050/4465 loss 1.5091
  batch 2100/4465 loss 1.6494
  batch 2150/4465 loss 1.8036
  batch 2200/4465 loss 1.5013
  batch 2250/4465 loss 1.6029
  batch 2300/4465 loss 1.4364
  batch 2350/4465 loss 1.5423
  batch 2400/4465 loss 1.5231
  batch 2450/4465 loss 1.7002
  batch 2500/4465 loss 1.6384
  batch 2550/4465 loss 1.5446
  batch 2600/4465 loss 1.5821
  batch 2650/4465 loss 1.6428
  batch 2700/4465 loss 1.6156
  batch 2750/4465 loss 1.6202
  batch 2800/4465 loss 1.5671
  batch 2850/4465 loss 1.6676
  batch 2900/4465 loss 1.7919
  batch 2950/4465 loss 1.5459
  batch 3000/4465 loss 1.6598
  batch 3050/4465 loss 1.5822
  batch 3100/4465 loss 1.6052
  batch 3150/4465 loss 1.5029
  batch 3200/4465 loss 1.6309
  batch 3250/4465 loss 1.6047
  batch 3300/4465 loss 1.4026
  batch 3350/4465 loss 1.5854
  batch 3400/4465 loss 1.5628
  batch 3450/4465 loss 1.6177
  batch 3500/4465 loss 1.4850
  batch 3550/4465 loss 1.6877
  batch 3600/4465 loss 1.6084
  batch 3650/4465 loss 1.6789
  batch 3700/4465 loss 1.5593
  batch 3750/4465 loss 1.4616
  batch 3800/4465 loss 1.8421
  batch 3850/4465 loss 1.6227
  batch 3900/4465 loss 1.5394
  batch 3950/4465 loss 1.6888
  batch 4000/4465 loss 1.6343
  batch 4050/4465 loss 1.6203
  batch 4100/4465 loss 1.8310
  batch 4150/4465 loss 1.7850
  batch 4200/4465 loss 1.5389
  batch 4250/4465 loss 1.6402
  batch 4300/4465 loss 1.3820
  batch 4350/4465 loss 1.7158
  batch 4400/4465 loss 1.5408
  batch 4450/4465 loss 1.7787
  batch 4465/4465 loss 1.5430
ep04/20  train 1.6110  val WAPE 0.1963  time 29.5s
  ✓ new best WAPE: 0.1963

Starting epoch 5/20...
  batch 50/4465 loss 1.5404
  batch 100/4465 loss 1.5771
  batch 150/4465 loss 1.3809
  batch 200/4465 loss 1.6143
  batch 250/4465 loss 1.5926
  batch 300/4465 loss 1.5723
  batch 350/4465 loss 1.3894
  batch 400/4465 loss 1.6073
  batch 450/4465 loss 1.5601
  batch 500/4465 loss 1.5088
  batch 550/4465 loss 1.9100
  batch 600/4465 loss 1.7753
  batch 650/4465 loss 1.5642
  batch 700/4465 loss 1.6853
  batch 750/4465 loss 1.6795
  batch 800/4465 loss 1.6556
  batch 850/4465 loss 1.5873
  batch 900/4465 loss 1.6494
  batch 950/4465 loss 1.5317
  batch 1000/4465 loss 1.6272
  batch 1050/4465 loss 1.4751
  batch 1100/4465 loss 1.6056
  batch 1150/4465 loss 1.6095
  batch 1200/4465 loss 1.6638
  batch 1250/4465 loss 1.6833
  batch 1300/4465 loss 1.6239
  batch 1350/4465 loss 1.6366
  batch 1400/4465 loss 1.6285
  batch 1450/4465 loss 1.5329
  batch 1500/4465 loss 1.7238
  batch 1550/4465 loss 1.5194
  batch 1600/4465 loss 1.7425
  batch 1650/4465 loss 1.6979
  batch 1700/4465 loss 1.7115
  batch 1750/4465 loss 1.6109
  batch 1800/4465 loss 1.5242
  batch 1850/4465 loss 1.4897
  batch 1900/4465 loss 1.4797
  batch 1950/4465 loss 1.5584
  batch 2000/4465 loss 1.6382
  batch 2050/4465 loss 1.6268
  batch 2100/4465 loss 1.4867
  batch 2150/4465 loss 1.5066
  batch 2200/4465 loss 1.8048
  batch 2250/4465 loss 1.6791
  batch 2300/4465 loss 1.6526
  batch 2350/4465 loss 1.6041
  batch 2400/4465 loss 1.7513
  batch 2450/4465 loss 1.7269
  batch 2500/4465 loss 1.5134
  batch 2550/4465 loss 1.6086
  batch 2600/4465 loss 1.4274
  batch 2650/4465 loss 1.5710
  batch 2700/4465 loss 1.8590
  batch 2750/4465 loss 1.6259
  batch 2800/4465 loss 1.7429
  batch 2850/4465 loss 1.5028
  batch 2900/4465 loss 1.6657
  batch 2950/4465 loss 1.5637
  batch 3000/4465 loss 1.5621
  batch 3050/4465 loss 1.6045
  batch 3100/4465 loss 1.6449
  batch 3150/4465 loss 1.4410
  batch 3200/4465 loss 1.5419
  batch 3250/4465 loss 1.6838
  batch 3300/4465 loss 1.6145
  batch 3350/4465 loss 1.6467
  batch 3400/4465 loss 1.6083
  batch 3450/4465 loss 1.4755
  batch 3500/4465 loss 1.6252
  batch 3550/4465 loss 1.6812
  batch 3600/4465 loss 1.6636
  batch 3650/4465 loss 1.5796
  batch 3700/4465 loss 1.5375
  batch 3750/4465 loss 1.5414
  batch 3800/4465 loss 1.6001
  batch 3850/4465 loss 1.5986
  batch 3900/4465 loss 1.5145
  batch 3950/4465 loss 1.5917
  batch 4000/4465 loss 1.5826
  batch 4050/4465 loss 1.7443
  batch 4100/4465 loss 1.5436
  batch 4150/4465 loss 1.6858
  batch 4200/4465 loss 1.7321
  batch 4250/4465 loss 1.6446
  batch 4300/4465 loss 1.6734
  batch 4350/4465 loss 1.6964
  batch 4400/4465 loss 1.7150
  batch 4450/4465 loss 1.5090
  batch 4465/4465 loss 1.6944
ep05/20  train 1.6131  val WAPE 0.2035  time 21.7s
  no improvement (1/4)

Starting epoch 6/20...
  batch 50/4465 loss 1.6013
  batch 100/4465 loss 1.5320
  batch 150/4465 loss 1.8389
  batch 200/4465 loss 1.6407
  batch 250/4465 loss 1.6674
  batch 300/4465 loss 1.6245
  batch 350/4465 loss 1.5180
  batch 400/4465 loss 1.7058
  batch 450/4465 loss 1.6165
  batch 500/4465 loss 1.4642
  batch 550/4465 loss 1.7059
  batch 600/4465 loss 1.7129
  batch 650/4465 loss 1.6758
  batch 700/4465 loss 1.5417
  batch 750/4465 loss 1.4791
  batch 800/4465 loss 1.6840
  batch 850/4465 loss 1.6645
  batch 900/4465 loss 1.7317
  batch 950/4465 loss 1.5423
  batch 1000/4465 loss 1.6678
  batch 1050/4465 loss 1.5562
  batch 1100/4465 loss 1.6346
  batch 1150/4465 loss 1.5903
  batch 1200/4465 loss 1.5696
  batch 1250/4465 loss 1.6946
  batch 1300/4465 loss 1.5040
  batch 1350/4465 loss 1.5120
  batch 1400/4465 loss 1.5740
  batch 1450/4465 loss 1.7301
  batch 1500/4465 loss 1.5529
  batch 1550/4465 loss 1.6256
  batch 1600/4465 loss 1.6177
  batch 1650/4465 loss 1.5202
  batch 1700/4465 loss 1.6660
  batch 1750/4465 loss 1.3965
  batch 1800/4465 loss 1.5819
  batch 1850/4465 loss 1.6310
  batch 1900/4465 loss 1.6377
  batch 1950/4465 loss 1.6811
  batch 2000/4465 loss 1.6372
  batch 2050/4465 loss 1.4979
  batch 2100/4465 loss 1.5920
  batch 2150/4465 loss 1.6611
  batch 2200/4465 loss 1.5359
  batch 2250/4465 loss 1.4995
  batch 2300/4465 loss 1.5556
  batch 2350/4465 loss 1.8160
  batch 2400/4465 loss 1.5748
  batch 2450/4465 loss 1.5909
  batch 2500/4465 loss 1.5370
  batch 2550/4465 loss 1.6490
  batch 2600/4465 loss 1.6563
  batch 2650/4465 loss 1.6179
  batch 2700/4465 loss 1.5341
  batch 2750/4465 loss 1.5853
  batch 2800/4465 loss 1.6714
  batch 2850/4465 loss 1.5546
  batch 2900/4465 loss 1.6703
  batch 2950/4465 loss 1.5651
  batch 3000/4465 loss 1.6628
  batch 3050/4465 loss 1.4540
  batch 3100/4465 loss 1.5689
  batch 3150/4465 loss 1.6149
  batch 3200/4465 loss 1.5780
  batch 3250/4465 loss 1.6551
  batch 3300/4465 loss 1.5439
  batch 3350/4465 loss 1.6834
  batch 3400/4465 loss 1.5702
  batch 3450/4465 loss 1.6684
  batch 3500/4465 loss 1.5730
  batch 3550/4465 loss 1.5450
  batch 3600/4465 loss 1.6608
  batch 3650/4465 loss 1.5872
  batch 3700/4465 loss 1.5354
  batch 3750/4465 loss 1.4290
  batch 3800/4465 loss 1.5514
  batch 3850/4465 loss 1.6165
  batch 3900/4465 loss 1.6013
  batch 3950/4465 loss 1.5670
  batch 4000/4465 loss 1.3775
  batch 4050/4465 loss 1.6221
  batch 4100/4465 loss 1.6739
  batch 4150/4465 loss 1.5824
  batch 4200/4465 loss 1.5423
  batch 4250/4465 loss 1.5564
  batch 4300/4465 loss 1.5332
  batch 4350/4465 loss 1.5783
  batch 4400/4465 loss 1.4974
  batch 4450/4465 loss 1.5887
  batch 4465/4465 loss 1.4607
ep06/20  train 1.6117  val WAPE 0.2357  time 28.2s
  no improvement (2/4)

Starting epoch 7/20...
  batch 50/4465 loss 1.5958
  batch 100/4465 loss 1.5057
  batch 150/4465 loss 1.8361
  batch 200/4465 loss 1.5989
  batch 250/4465 loss 1.5390
  batch 300/4465 loss 1.6635
  batch 350/4465 loss 1.5691
  batch 400/4465 loss 1.5100
  batch 450/4465 loss 1.6456
  batch 500/4465 loss 1.5488
  batch 550/4465 loss 1.4981
  batch 600/4465 loss 1.6506
  batch 650/4465 loss 1.6177
  batch 700/4465 loss 1.5109
  batch 750/4465 loss 1.5043
  batch 800/4465 loss 1.5398
  batch 850/4465 loss 1.5644
  batch 900/4465 loss 1.5833
  batch 950/4465 loss 1.6685
  batch 1000/4465 loss 1.6797
  batch 1050/4465 loss 1.7098
  batch 1100/4465 loss 1.5985
  batch 1150/4465 loss 1.5242
  batch 1200/4465 loss 1.7589
  batch 1250/4465 loss 1.6943
  batch 1300/4465 loss 1.6500
  batch 1350/4465 loss 1.6893
  batch 1400/4465 loss 1.5401
  batch 1450/4465 loss 1.4989
  batch 1500/4465 loss 1.7633
  batch 1550/4465 loss 1.5782
  batch 1600/4465 loss 1.5783
  batch 1650/4465 loss 1.6232
  batch 1700/4465 loss 1.5910
  batch 1750/4465 loss 1.7233
  batch 1800/4465 loss 1.6839
  batch 1850/4465 loss 1.5694
  batch 1900/4465 loss 1.6104
  batch 1950/4465 loss 1.4071
  batch 2000/4465 loss 1.6064
  batch 2050/4465 loss 1.5846
  batch 2100/4465 loss 1.5701
  batch 2150/4465 loss 1.5401
  batch 2200/4465 loss 1.7821
  batch 2250/4465 loss 1.5764
  batch 2300/4465 loss 1.5231
  batch 2350/4465 loss 1.4409
  batch 2400/4465 loss 1.5067
  batch 2450/4465 loss 1.5032
  batch 2500/4465 loss 1.5811
  batch 2550/4465 loss 1.5257
  batch 2600/4465 loss 1.5707
  batch 2650/4465 loss 1.4686
  batch 2700/4465 loss 1.8439
  batch 2750/4465 loss 1.6478
  batch 2800/4465 loss 1.6094
  batch 2850/4465 loss 1.5047
  batch 2900/4465 loss 1.5144
  batch 2950/4465 loss 1.6694
  batch 3000/4465 loss 1.5591
  batch 3050/4465 loss 1.5854
  batch 3100/4465 loss 1.6714
  batch 3150/4465 loss 1.4795
  batch 3200/4465 loss 1.4513
  batch 3250/4465 loss 1.6634
  batch 3300/4465 loss 1.4908
  batch 3350/4465 loss 1.6560
  batch 3400/4465 loss 1.6080
  batch 3450/4465 loss 1.6180
  batch 3500/4465 loss 1.5405
  batch 3550/4465 loss 1.5741
  batch 3600/4465 loss 1.7371
  batch 3650/4465 loss 1.6884
  batch 3700/4465 loss 1.6126
  batch 3750/4465 loss 1.5946
  batch 3800/4465 loss 1.6548
  batch 3850/4465 loss 1.4462
  batch 3900/4465 loss 1.6914
  batch 3950/4465 loss 1.5498
  batch 4000/4465 loss 1.6598
  batch 4050/4465 loss 1.5667
  batch 4100/4465 loss 1.7667
  batch 4150/4465 loss 1.4814
  batch 4200/4465 loss 1.6844
  batch 4250/4465 loss 1.5964
  batch 4300/4465 loss 1.6283
  batch 4350/4465 loss 1.6628
  batch 4400/4465 loss 1.6373
  batch 4450/4465 loss 1.6257
  batch 4465/4465 loss 1.6774
ep07/20  train 1.6058  val WAPE 0.2135  time 27.8s
  no improvement (3/4)

Starting epoch 8/20...
  batch 50/4465 loss 1.6172
  batch 100/4465 loss 1.6213
  batch 150/4465 loss 1.5181
  batch 200/4465 loss 1.6999
  batch 250/4465 loss 1.6013
  batch 300/4465 loss 1.4818
  batch 350/4465 loss 1.6782
  batch 400/4465 loss 1.5644
  batch 450/4465 loss 1.5433
  batch 500/4465 loss 1.6177
  batch 550/4465 loss 1.5488
  batch 600/4465 loss 1.4735
  batch 650/4465 loss 1.6816
  batch 700/4465 loss 1.5327
  batch 750/4465 loss 1.5713
  batch 800/4465 loss 1.5232
  batch 850/4465 loss 1.5684
  batch 900/4465 loss 1.6663
  batch 950/4465 loss 1.7173
  batch 1000/4465 loss 1.4814
  batch 1050/4465 loss 1.5111
  batch 1100/4465 loss 1.7269
  batch 1150/4465 loss 1.6042
  batch 1200/4465 loss 1.5771
  batch 1250/4465 loss 1.6124
  batch 1300/4465 loss 1.5642
  batch 1350/4465 loss 1.6332
  batch 1400/4465 loss 1.7827
  batch 1450/4465 loss 1.5598
  batch 1500/4465 loss 1.5605
  batch 1550/4465 loss 1.5562
  batch 1600/4465 loss 1.6281
  batch 1650/4465 loss 1.4992
  batch 1700/4465 loss 1.6437
  batch 1750/4465 loss 1.5022
  batch 1800/4465 loss 1.6084
  batch 1850/4465 loss 1.5578
  batch 1900/4465 loss 1.4327
  batch 1950/4465 loss 1.6046
  batch 2000/4465 loss 1.5044
  batch 2050/4465 loss 1.6081
  batch 2100/4465 loss 1.6673
  batch 2150/4465 loss 1.5726
  batch 2200/4465 loss 1.6363
  batch 2250/4465 loss 1.6862
  batch 2300/4465 loss 1.6383
  batch 2350/4465 loss 1.6361
  batch 2400/4465 loss 1.7004
  batch 2450/4465 loss 1.6665
  batch 2500/4465 loss 1.6126
  batch 2550/4465 loss 1.5812
  batch 2600/4465 loss 1.4568
  batch 2650/4465 loss 1.6681
  batch 2700/4465 loss 1.6611
  batch 2750/4465 loss 1.6497
  batch 2800/4465 loss 1.5343
  batch 2850/4465 loss 1.5380
  batch 2900/4465 loss 1.6252
  batch 2950/4465 loss 1.5251
  batch 3000/4465 loss 1.5260
  batch 3050/4465 loss 1.6073
  batch 3100/4465 loss 1.6177
  batch 3150/4465 loss 1.5659
  batch 3200/4465 loss 1.6324
  batch 3250/4465 loss 1.5321
  batch 3300/4465 loss 1.7144
  batch 3350/4465 loss 1.5709
  batch 3400/4465 loss 1.6331
  batch 3450/4465 loss 1.5921
  batch 3500/4465 loss 1.6476
  batch 3550/4465 loss 1.5275
  batch 3600/4465 loss 1.5538
  batch 3650/4465 loss 1.6604
  batch 3700/4465 loss 1.6640
  batch 3750/4465 loss 1.5759
  batch 3800/4465 loss 1.5775
  batch 3850/4465 loss 1.6554
  batch 3900/4465 loss 1.7871
  batch 3950/4465 loss 1.5984
  batch 4000/4465 loss 1.6278
  batch 4050/4465 loss 1.6128
  batch 4100/4465 loss 1.6631
  batch 4150/4465 loss 1.5611
  batch 4200/4465 loss 1.5642
  batch 4250/4465 loss 1.6624
  batch 4300/4465 loss 1.5973
  batch 4350/4465 loss 1.4709
  batch 4400/4465 loss 1.6860
  batch 4450/4465 loss 1.6897
  batch 4465/4465 loss 1.6104
ep08/20  train 1.6000  val WAPE 0.2187  time 22.4s
  no improvement (4/4)
early stop
linear params: 227809

Starting epoch 1/20...
  batch 50/3961 loss 4.0290
  batch 100/3961 loss 3.5575
  batch 150/3961 loss 3.5233
  batch 200/3961 loss 3.4235
  batch 250/3961 loss 3.1975
  batch 300/3961 loss 3.1714
  batch 350/3961 loss 3.1926
  batch 400/3961 loss 3.3084
  batch 450/3961 loss 3.1184
  batch 500/3961 loss 3.3593
  batch 550/3961 loss 2.7817
  batch 600/3961 loss 2.8803
  batch 650/3961 loss 3.0028
  batch 700/3961 loss 2.8476
  batch 750/3961 loss 2.9057
  batch 800/3961 loss 2.7762
  batch 850/3961 loss 2.6955
  batch 900/3961 loss 2.8238
  batch 950/3961 loss 2.6378
  batch 1000/3961 loss 2.6798
  batch 1050/3961 loss 2.6055
  batch 1100/3961 loss 2.5961
  batch 1150/3961 loss 2.5984
  batch 1200/3961 loss 2.4791
  batch 1250/3961 loss 2.4313
  batch 1300/3961 loss 2.3890
  batch 1350/3961 loss 2.4413
  batch 1400/3961 loss 2.5192
  batch 1450/3961 loss 2.2874
  batch 1500/3961 loss 2.3961
  batch 1550/3961 loss 2.3047
  batch 1600/3961 loss 2.2981
  batch 1650/3961 loss 2.3580
  batch 1700/3961 loss 2.2482
  batch 1750/3961 loss 2.2993
  batch 1800/3961 loss 2.3052
  batch 1850/3961 loss 2.2814
  batch 1900/3961 loss 2.2924
  batch 1950/3961 loss 2.3332
  batch 2000/3961 loss 2.1476
  batch 2050/3961 loss 2.2041
  batch 2100/3961 loss 2.2577
  batch 2150/3961 loss 2.1808
  batch 2200/3961 loss 2.0862
  batch 2250/3961 loss 2.0391
  batch 2300/3961 loss 2.0266
  batch 2350/3961 loss 2.1204
  batch 2400/3961 loss 2.1692
  batch 2450/3961 loss 1.9898
  batch 2500/3961 loss 2.0499
  batch 2550/3961 loss 2.1709
  batch 2600/3961 loss 2.0874
  batch 2650/3961 loss 2.0804
  batch 2700/3961 loss 2.1413
  batch 2750/3961 loss 2.0242
  batch 2800/3961 loss 2.0505
  batch 2850/3961 loss 1.9582
  batch 2900/3961 loss 2.0768
  batch 2950/3961 loss 1.9589
  batch 3000/3961 loss 1.9928
  batch 3050/3961 loss 2.0579
  batch 3100/3961 loss 2.0422
  batch 3150/3961 loss 1.9168
  batch 3200/3961 loss 1.9349
  batch 3250/3961 loss 1.9692
  batch 3300/3961 loss 1.9958
  batch 3350/3961 loss 1.9289
  batch 3400/3961 loss 1.7605
  batch 3450/3961 loss 1.9158
  batch 3500/3961 loss 1.7895
  batch 3550/3961 loss 1.8889
  batch 3600/3961 loss 2.0070
  batch 3650/3961 loss 1.7271
  batch 3700/3961 loss 1.9063
  batch 3750/3961 loss 1.8545
  batch 3800/3961 loss 1.8892
  batch 3850/3961 loss 1.8867
  batch 3900/3961 loss 1.8300
  batch 3950/3961 loss 1.9400
  batch 3961/3961 loss 1.7962
ep01/20  train 2.3869  val WAPE 0.2535  time 25.0s
  ✓ new best WAPE: 0.2535

Starting epoch 2/20...
  batch 50/3961 loss 1.8405
  batch 100/3961 loss 1.8925
  batch 150/3961 loss 1.9683
  batch 200/3961 loss 1.7877
  batch 250/3961 loss 1.7950
  batch 300/3961 loss 1.7992
  batch 350/3961 loss 1.7128
  batch 400/3961 loss 1.7466
  batch 450/3961 loss 1.8542
  batch 500/3961 loss 1.8684
  batch 550/3961 loss 1.5911
  batch 600/3961 loss 1.6592
  batch 650/3961 loss 1.7584
  batch 700/3961 loss 1.7511
  batch 750/3961 loss 1.7886
  batch 800/3961 loss 1.7385
  batch 850/3961 loss 1.8214
  batch 900/3961 loss 1.7898
  batch 950/3961 loss 1.7675
  batch 1000/3961 loss 1.7681
  batch 1050/3961 loss 1.6516
  batch 1100/3961 loss 1.6616
  batch 1150/3961 loss 1.8671
  batch 1200/3961 loss 1.6699
  batch 1250/3961 loss 1.6600
  batch 1300/3961 loss 1.7019
  batch 1350/3961 loss 1.5595
  batch 1400/3961 loss 1.7314
  batch 1450/3961 loss 1.6534
  batch 1500/3961 loss 1.8041
  batch 1550/3961 loss 1.6266
  batch 1600/3961 loss 1.6496
  batch 1650/3961 loss 1.7466
  batch 1700/3961 loss 1.7476
  batch 1750/3961 loss 1.7643
  batch 1800/3961 loss 1.5020
  batch 1850/3961 loss 1.6890
  batch 1900/3961 loss 1.6736
  batch 1950/3961 loss 1.5548
  batch 2000/3961 loss 1.7773
  batch 2050/3961 loss 1.6615
  batch 2100/3961 loss 1.8463
  batch 2150/3961 loss 1.7617
  batch 2200/3961 loss 1.6544
  batch 2250/3961 loss 1.6440
  batch 2300/3961 loss 1.7008
  batch 2350/3961 loss 1.7179
  batch 2400/3961 loss 1.6311
  batch 2450/3961 loss 1.6874
  batch 2500/3961 loss 1.6519
  batch 2550/3961 loss 1.6255
  batch 2600/3961 loss 1.8197
  batch 2650/3961 loss 1.7002
  batch 2700/3961 loss 1.6739
  batch 2750/3961 loss 1.6813
  batch 2800/3961 loss 1.5478
  batch 2850/3961 loss 1.6051
  batch 2900/3961 loss 1.6875
  batch 2950/3961 loss 1.7335
  batch 3000/3961 loss 1.6094
  batch 3050/3961 loss 1.6051
  batch 3100/3961 loss 1.6258
  batch 3150/3961 loss 1.7212
  batch 3200/3961 loss 1.7388
  batch 3250/3961 loss 1.4636
  batch 3300/3961 loss 1.5143
  batch 3350/3961 loss 1.7033
  batch 3400/3961 loss 1.5710
  batch 3450/3961 loss 1.5829
  batch 3500/3961 loss 1.7366
  batch 3550/3961 loss 1.6081
  batch 3600/3961 loss 1.6979
  batch 3650/3961 loss 1.6277
  batch 3700/3961 loss 1.5578
  batch 3750/3961 loss 1.5487
  batch 3800/3961 loss 1.6543
  batch 3850/3961 loss 1.5627
  batch 3900/3961 loss 1.6479
  batch 3950/3961 loss 1.7508
  batch 3961/3961 loss 1.5545
ep02/20  train 1.6936  val WAPE 0.2255  time 25.0s
  ✓ new best WAPE: 0.2255

Starting epoch 3/20...
  batch 50/3961 loss 1.5328
  batch 100/3961 loss 1.6020
  batch 150/3961 loss 1.6725
  batch 200/3961 loss 1.6040
  batch 250/3961 loss 1.5965
  batch 300/3961 loss 1.6341
  batch 350/3961 loss 1.5117
  batch 400/3961 loss 1.5468
  batch 450/3961 loss 1.6310
  batch 500/3961 loss 1.6462
  batch 550/3961 loss 1.5582
  batch 600/3961 loss 1.6042
  batch 650/3961 loss 1.7265
  batch 700/3961 loss 1.5900
  batch 750/3961 loss 1.6843
  batch 800/3961 loss 1.4759
  batch 850/3961 loss 1.7317
  batch 900/3961 loss 1.6519
  batch 950/3961 loss 1.6237
  batch 1000/3961 loss 1.5663
  batch 1050/3961 loss 1.5996
  batch 1100/3961 loss 1.6429
  batch 1150/3961 loss 1.5573
  batch 1200/3961 loss 1.5280
  batch 1250/3961 loss 1.7304
  batch 1300/3961 loss 1.6358
  batch 1350/3961 loss 1.4945
  batch 1400/3961 loss 1.5915
  batch 1450/3961 loss 1.5984
  batch 1500/3961 loss 1.5162
  batch 1550/3961 loss 1.5376
  batch 1600/3961 loss 1.5683
  batch 1650/3961 loss 1.4833
  batch 1700/3961 loss 1.6380
  batch 1750/3961 loss 1.7137
  batch 1800/3961 loss 1.5610
  batch 1850/3961 loss 1.5639
  batch 1900/3961 loss 1.5082
  batch 1950/3961 loss 1.6472
  batch 2000/3961 loss 1.6455
  batch 2050/3961 loss 1.5951
  batch 2100/3961 loss 1.5922
  batch 2150/3961 loss 1.5075
  batch 2200/3961 loss 1.7400
  batch 2250/3961 loss 1.6623
  batch 2300/3961 loss 1.6974
  batch 2350/3961 loss 1.4934
  batch 2400/3961 loss 1.4486
  batch 2450/3961 loss 1.6185
  batch 2500/3961 loss 1.4046
  batch 2550/3961 loss 1.5766
  batch 2600/3961 loss 1.6137
  batch 2650/3961 loss 1.4257
  batch 2700/3961 loss 1.7736
  batch 2750/3961 loss 1.5056
  batch 2800/3961 loss 1.6371
  batch 2850/3961 loss 1.5584
  batch 2900/3961 loss 1.7278
  batch 2950/3961 loss 1.5851
  batch 3000/3961 loss 1.7070
  batch 3050/3961 loss 1.5401
  batch 3100/3961 loss 1.5730
  batch 3150/3961 loss 1.6883
  batch 3200/3961 loss 1.6342
  batch 3250/3961 loss 1.5396
  batch 3300/3961 loss 1.7486
  batch 3350/3961 loss 1.5518
  batch 3400/3961 loss 1.6667
  batch 3450/3961 loss 1.5576
  batch 3500/3961 loss 1.5114
  batch 3550/3961 loss 1.6419
  batch 3600/3961 loss 1.5554
  batch 3650/3961 loss 1.6259
  batch 3700/3961 loss 1.4640
  batch 3750/3961 loss 1.5744
  batch 3800/3961 loss 1.7042
  batch 3850/3961 loss 1.5531
  batch 3900/3961 loss 1.6430
  batch 3950/3961 loss 1.6328
  batch 3961/3961 loss 1.5062
ep03/20  train 1.6030  val WAPE 0.2200  time 19.9s
  ✓ new best WAPE: 0.2200

Starting epoch 4/20...
  batch 50/3961 loss 1.5443
  batch 100/3961 loss 1.6217
  batch 150/3961 loss 1.6191
  batch 200/3961 loss 1.6654
  batch 250/3961 loss 1.4383
  batch 300/3961 loss 1.4614
  batch 350/3961 loss 1.5004
  batch 400/3961 loss 1.5054
  batch 450/3961 loss 1.6784
  batch 500/3961 loss 1.6102
  batch 550/3961 loss 1.5618
  batch 600/3961 loss 1.6612
  batch 650/3961 loss 1.6665
  batch 700/3961 loss 1.6197
  batch 750/3961 loss 1.5426
  batch 800/3961 loss 1.6195
  batch 850/3961 loss 1.4244
  batch 900/3961 loss 1.8222
  batch 950/3961 loss 1.4697
  batch 1000/3961 loss 1.6062
  batch 1050/3961 loss 1.5245
  batch 1100/3961 loss 1.6957
  batch 1150/3961 loss 1.5855
  batch 1200/3961 loss 1.6173
  batch 1250/3961 loss 1.6438
  batch 1300/3961 loss 1.5426
  batch 1350/3961 loss 1.6085
  batch 1400/3961 loss 1.5455
  batch 1450/3961 loss 1.5718
  batch 1500/3961 loss 1.6550
  batch 1550/3961 loss 1.5825
  batch 1600/3961 loss 1.6245
  batch 1650/3961 loss 1.6097
  batch 1700/3961 loss 1.6658
  batch 1750/3961 loss 1.4704
  batch 1800/3961 loss 1.4759
  batch 1850/3961 loss 1.5981
  batch 1900/3961 loss 1.8245
  batch 1950/3961 loss 1.6261
  batch 2000/3961 loss 1.6002
  batch 2050/3961 loss 1.5453
  batch 2100/3961 loss 1.6028
  batch 2150/3961 loss 1.6650
  batch 2200/3961 loss 1.5687
  batch 2250/3961 loss 1.5196
  batch 2300/3961 loss 1.5511
  batch 2350/3961 loss 1.6208
  batch 2400/3961 loss 1.5186
  batch 2450/3961 loss 1.5408
  batch 2500/3961 loss 1.8768
  batch 2550/3961 loss 1.5883
  batch 2600/3961 loss 1.6059
  batch 2650/3961 loss 1.6379
  batch 2700/3961 loss 1.6745
  batch 2750/3961 loss 1.5814
  batch 2800/3961 loss 1.5340
  batch 2850/3961 loss 1.5970
  batch 2900/3961 loss 1.7021
  batch 2950/3961 loss 1.5018
  batch 3000/3961 loss 1.6074
  batch 3050/3961 loss 1.5412
  batch 3100/3961 loss 1.5697
  batch 3150/3961 loss 1.6023
  batch 3200/3961 loss 1.6262
  batch 3250/3961 loss 1.6276
  batch 3300/3961 loss 1.4718
  batch 3350/3961 loss 1.6726
  batch 3400/3961 loss 1.5406
  batch 3450/3961 loss 1.7013
  batch 3500/3961 loss 1.5506
  batch 3550/3961 loss 1.5759
  batch 3600/3961 loss 1.4608
  batch 3650/3961 loss 1.6287
  batch 3700/3961 loss 1.6094
  batch 3750/3961 loss 1.7235
  batch 3800/3961 loss 1.5246
  batch 3850/3961 loss 1.6019
  batch 3900/3961 loss 1.6495
  batch 3950/3961 loss 1.5752
  batch 3961/3961 loss 1.5515
ep04/20  train 1.5976  val WAPE 0.2157  time 30.2s
  ✓ new best WAPE: 0.2157

Starting epoch 5/20...
  batch 50/3961 loss 1.6097
  batch 100/3961 loss 1.5577
  batch 150/3961 loss 1.5178
  batch 200/3961 loss 1.6665
  batch 250/3961 loss 1.6579
  batch 300/3961 loss 1.5249
  batch 350/3961 loss 1.5656
  batch 400/3961 loss 1.6573
  batch 450/3961 loss 1.5084
  batch 500/3961 loss 1.5223
  batch 550/3961 loss 1.6106
  batch 600/3961 loss 1.5908
  batch 650/3961 loss 1.5477
  batch 700/3961 loss 1.6440
  batch 750/3961 loss 1.5874
  batch 800/3961 loss 1.7067
  batch 850/3961 loss 1.6670
  batch 900/3961 loss 1.7621
  batch 950/3961 loss 1.6630
  batch 1000/3961 loss 1.5791
  batch 1050/3961 loss 1.6445
  batch 1100/3961 loss 1.6264
  batch 1150/3961 loss 1.5058
  batch 1200/3961 loss 1.5319
  batch 1250/3961 loss 1.5253
  batch 1300/3961 loss 1.5646
  batch 1350/3961 loss 1.5887
  batch 1400/3961 loss 1.5638
  batch 1450/3961 loss 1.6903
  batch 1500/3961 loss 1.4703
  batch 1550/3961 loss 1.6102
  batch 1600/3961 loss 1.6410
  batch 1650/3961 loss 1.5324
  batch 1700/3961 loss 1.5982
  batch 1750/3961 loss 1.6437
  batch 1800/3961 loss 1.5019
  batch 1850/3961 loss 1.6982
  batch 1900/3961 loss 1.6213
  batch 1950/3961 loss 1.6078
  batch 2000/3961 loss 1.6725
  batch 2050/3961 loss 1.6570
  batch 2100/3961 loss 1.5446
  batch 2150/3961 loss 1.6445
  batch 2200/3961 loss 1.6255
  batch 2250/3961 loss 1.6059
  batch 2300/3961 loss 1.6604
  batch 2350/3961 loss 1.7002
  batch 2400/3961 loss 1.7455
  batch 2450/3961 loss 1.5743
  batch 2500/3961 loss 1.5738
  batch 2550/3961 loss 1.6602
  batch 2600/3961 loss 1.6245
  batch 2650/3961 loss 1.5541
  batch 2700/3961 loss 1.4743
  batch 2750/3961 loss 1.5336
  batch 2800/3961 loss 1.5201
  batch 2850/3961 loss 1.5071
  batch 2900/3961 loss 1.6784
  batch 2950/3961 loss 1.6593
  batch 3000/3961 loss 1.5814
  batch 3050/3961 loss 1.6630
  batch 3100/3961 loss 1.6051
  batch 3150/3961 loss 1.5506
  batch 3200/3961 loss 1.6077
  batch 3250/3961 loss 1.5241
  batch 3300/3961 loss 1.7247
  batch 3350/3961 loss 1.5996
  batch 3400/3961 loss 1.5520
  batch 3450/3961 loss 1.6995
  batch 3500/3961 loss 1.6135
  batch 3550/3961 loss 1.6742
  batch 3600/3961 loss 1.6837
  batch 3650/3961 loss 1.6210
  batch 3700/3961 loss 1.6275
  batch 3750/3961 loss 1.5236
  batch 3800/3961 loss 1.6535
  batch 3850/3961 loss 1.6657
  batch 3900/3961 loss 1.5839
  batch 3950/3961 loss 1.8401
  batch 3961/3961 loss 1.6292
ep05/20  train 1.5984  val WAPE 0.2300  time 37.9s
  no improvement (1/4)

Starting epoch 6/20...
  batch 50/3961 loss 1.5460
  batch 100/3961 loss 1.5892
  batch 150/3961 loss 1.5513
  batch 200/3961 loss 1.7367
  batch 250/3961 loss 1.6497
  batch 300/3961 loss 1.7605
  batch 350/3961 loss 1.5162
  batch 400/3961 loss 1.4572
  batch 450/3961 loss 1.6515
  batch 500/3961 loss 1.7372
  batch 550/3961 loss 1.5380
  batch 600/3961 loss 1.6269
  batch 650/3961 loss 1.6023
  batch 700/3961 loss 1.5539
  batch 750/3961 loss 1.4948
  batch 800/3961 loss 1.5573
  batch 850/3961 loss 1.4240
  batch 900/3961 loss 1.6039
  batch 950/3961 loss 1.6930
  batch 1000/3961 loss 1.5777
  batch 1050/3961 loss 1.6034
  batch 1100/3961 loss 1.5690
  batch 1150/3961 loss 1.5928
  batch 1200/3961 loss 1.5164
  batch 1250/3961 loss 1.4172
  batch 1300/3961 loss 1.7042
  batch 1350/3961 loss 1.5218
  batch 1400/3961 loss 1.6083
  batch 1450/3961 loss 1.6521
  batch 1500/3961 loss 1.5772
  batch 1550/3961 loss 1.6666
  batch 1600/3961 loss 1.6001
  batch 1650/3961 loss 1.4271
  batch 1700/3961 loss 1.5761
  batch 1750/3961 loss 1.6608
  batch 1800/3961 loss 1.5533
  batch 1850/3961 loss 1.6147
  batch 1900/3961 loss 1.6407
  batch 1950/3961 loss 1.5085
  batch 2000/3961 loss 1.6064
  batch 2050/3961 loss 1.7763
  batch 2100/3961 loss 1.4983
  batch 2150/3961 loss 1.6409
  batch 2200/3961 loss 1.6298
  batch 2250/3961 loss 1.5686
  batch 2300/3961 loss 1.4979
  batch 2350/3961 loss 1.7236
  batch 2400/3961 loss 1.6766
  batch 2450/3961 loss 1.7179
  batch 2500/3961 loss 1.5282
  batch 2550/3961 loss 1.5986
  batch 2600/3961 loss 1.6406
  batch 2650/3961 loss 1.5928
  batch 2700/3961 loss 1.6218
  batch 2750/3961 loss 1.6731
  batch 2800/3961 loss 1.5072
  batch 2850/3961 loss 1.7006
  batch 2900/3961 loss 1.8088
  batch 2950/3961 loss 1.6285
  batch 3000/3961 loss 1.5997
  batch 3050/3961 loss 1.4921
  batch 3100/3961 loss 1.5532
  batch 3150/3961 loss 1.6061
  batch 3200/3961 loss 1.7001
  batch 3250/3961 loss 1.5732
  batch 3300/3961 loss 1.6267
  batch 3350/3961 loss 1.5114
  batch 3400/3961 loss 1.6314
  batch 3450/3961 loss 1.5950
  batch 3500/3961 loss 1.6363
  batch 3550/3961 loss 1.5012
  batch 3600/3961 loss 1.6229
  batch 3650/3961 loss 1.7015
  batch 3700/3961 loss 1.5687
  batch 3750/3961 loss 1.4734
  batch 3800/3961 loss 1.7277
  batch 3850/3961 loss 1.5977
  batch 3900/3961 loss 1.5804
  batch 3950/3961 loss 1.6732
  batch 3961/3961 loss 1.4969
ep06/20  train 1.5974  val WAPE 0.2103  time 41.5s
  ✓ new best WAPE: 0.2103

Starting epoch 7/20...
  batch 50/3961 loss 1.7047
  batch 100/3961 loss 1.6052
  batch 150/3961 loss 1.4315
  batch 200/3961 loss 1.4913
  batch 250/3961 loss 1.7981
  batch 300/3961 loss 1.5596
  batch 350/3961 loss 1.7050
  batch 400/3961 loss 1.5378
  batch 450/3961 loss 1.7121
  batch 500/3961 loss 1.6448
  batch 550/3961 loss 1.5832
  batch 600/3961 loss 1.5445
  batch 650/3961 loss 1.6652
  batch 700/3961 loss 1.5544
  batch 750/3961 loss 1.4193
  batch 800/3961 loss 1.5668
  batch 850/3961 loss 1.6873
  batch 900/3961 loss 1.5155
  batch 950/3961 loss 1.6023
  batch 1000/3961 loss 1.5840
  batch 1050/3961 loss 1.5431
  batch 1100/3961 loss 1.7044
  batch 1150/3961 loss 1.5125
  batch 1200/3961 loss 1.5279
  batch 1250/3961 loss 1.5815
  batch 1300/3961 loss 1.6595
  batch 1350/3961 loss 1.4800
  batch 1400/3961 loss 1.7098
  batch 1450/3961 loss 1.5452
  batch 1500/3961 loss 1.6073
  batch 1550/3961 loss 1.5930
  batch 1600/3961 loss 1.5807
  batch 1650/3961 loss 1.6690
  batch 1700/3961 loss 1.6163
  batch 1750/3961 loss 1.5426
  batch 1800/3961 loss 1.7458
  batch 1850/3961 loss 1.5224
  batch 1900/3961 loss 1.5889
  batch 1950/3961 loss 1.5033
  batch 2000/3961 loss 1.6441
  batch 2050/3961 loss 1.6493
  batch 2100/3961 loss 1.6368
  batch 2150/3961 loss 1.6624
  batch 2200/3961 loss 1.4926
  batch 2250/3961 loss 1.5608
  batch 2300/3961 loss 1.6003
  batch 2350/3961 loss 1.5873
  batch 2400/3961 loss 1.6770
  batch 2450/3961 loss 1.3885
  batch 2500/3961 loss 1.8786
  batch 2550/3961 loss 1.6679
  batch 2600/3961 loss 1.5980
  batch 2650/3961 loss 1.6636
  batch 2700/3961 loss 1.5998
  batch 2750/3961 loss 1.5457
  batch 2800/3961 loss 1.7342
  batch 2850/3961 loss 1.7241
  batch 2900/3961 loss 1.5217
  batch 2950/3961 loss 1.6024
  batch 3000/3961 loss 1.5080
  batch 3050/3961 loss 1.6122
  batch 3100/3961 loss 1.6449
  batch 3150/3961 loss 1.5396
  batch 3200/3961 loss 1.5135
  batch 3250/3961 loss 1.7077
  batch 3300/3961 loss 1.5712
  batch 3350/3961 loss 1.6287
  batch 3400/3961 loss 1.5589
  batch 3450/3961 loss 1.6598
  batch 3500/3961 loss 1.6690
  batch 3550/3961 loss 1.6378
  batch 3600/3961 loss 1.6297
  batch 3650/3961 loss 1.6052
  batch 3700/3961 loss 1.6268
  batch 3750/3961 loss 1.5712
  batch 3800/3961 loss 1.6525
  batch 3850/3961 loss 1.5962
  batch 3900/3961 loss 1.4973
  batch 3950/3961 loss 1.7094
  batch 3961/3961 loss 1.5916
ep07/20  train 1.5923  val WAPE 0.2051  time 33.8s
  ✓ new best WAPE: 0.2051

Starting epoch 8/20...
  batch 50/3961 loss 1.5083
  batch 100/3961 loss 1.5449
  batch 150/3961 loss 1.5543
  batch 200/3961 loss 1.6136
  batch 250/3961 loss 1.6043
  batch 300/3961 loss 1.5960
  batch 350/3961 loss 1.5944
  batch 400/3961 loss 1.5666
  batch 450/3961 loss 1.5417
  batch 500/3961 loss 1.4649
  batch 550/3961 loss 1.5913
  batch 600/3961 loss 1.5960
  batch 650/3961 loss 1.4198
  batch 700/3961 loss 1.7747
  batch 750/3961 loss 1.5456
  batch 800/3961 loss 1.6189
  batch 850/3961 loss 1.6073
  batch 900/3961 loss 1.4484
  batch 950/3961 loss 1.6628
  batch 1000/3961 loss 1.6548
  batch 1050/3961 loss 1.5950
  batch 1100/3961 loss 1.6724
  batch 1150/3961 loss 1.6269
  batch 1200/3961 loss 1.5719
  batch 1250/3961 loss 1.4371
  batch 1300/3961 loss 1.5774
  batch 1350/3961 loss 1.4724
  batch 1400/3961 loss 1.5549
  batch 1450/3961 loss 1.3408
  batch 1500/3961 loss 1.4878
  batch 1550/3961 loss 1.5026
  batch 1600/3961 loss 1.7111
  batch 1650/3961 loss 1.6042
  batch 1700/3961 loss 1.6407
  batch 1750/3961 loss 1.5971
  batch 1800/3961 loss 1.6442
  batch 1850/3961 loss 1.4253
  batch 1900/3961 loss 1.4200
  batch 1950/3961 loss 1.5541
  batch 2000/3961 loss 1.5685
  batch 2050/3961 loss 1.4672
  batch 2100/3961 loss 1.6024
  batch 2150/3961 loss 1.5105
  batch 2200/3961 loss 1.7622
  batch 2250/3961 loss 1.6193
  batch 2300/3961 loss 1.6153
  batch 2350/3961 loss 1.5921
  batch 2400/3961 loss 1.5182
  batch 2450/3961 loss 1.5154
  batch 2500/3961 loss 1.6017
  batch 2550/3961 loss 1.5971
  batch 2600/3961 loss 1.6037
  batch 2650/3961 loss 1.6493
  batch 2700/3961 loss 1.6680
  batch 2750/3961 loss 1.6019
  batch 2800/3961 loss 1.5822
  batch 2850/3961 loss 1.4652
  batch 2900/3961 loss 1.6863
  batch 2950/3961 loss 1.5384
  batch 3000/3961 loss 1.4861
  batch 3050/3961 loss 1.5854
  batch 3100/3961 loss 1.5623
  batch 3150/3961 loss 1.6392
  batch 3200/3961 loss 1.5025
  batch 3250/3961 loss 1.6837
  batch 3300/3961 loss 1.7041
  batch 3350/3961 loss 1.5286
  batch 3400/3961 loss 1.5833
  batch 3450/3961 loss 1.6433
  batch 3500/3961 loss 1.4922
  batch 3550/3961 loss 1.7390
  batch 3600/3961 loss 1.5709
  batch 3650/3961 loss 1.5267
  batch 3700/3961 loss 1.5563
  batch 3750/3961 loss 1.5499
  batch 3800/3961 loss 1.6068
  batch 3850/3961 loss 1.4964
  batch 3900/3961 loss 1.5947
  batch 3950/3961 loss 1.5531
  batch 3961/3961 loss 1.4970
ep08/20  train 1.5867  val WAPE 0.2346  time 41.1s
  no improvement (1/4)

Starting epoch 9/20...
  batch 50/3961 loss 1.6630
  batch 100/3961 loss 1.8003
  batch 150/3961 loss 1.6665
  batch 200/3961 loss 1.7891
  batch 250/3961 loss 1.5551
  batch 300/3961 loss 1.5727
  batch 350/3961 loss 1.6816
  batch 400/3961 loss 1.4259
  batch 450/3961 loss 1.6012
  batch 500/3961 loss 1.4862
  batch 550/3961 loss 1.5896
  batch 600/3961 loss 1.5251
  batch 650/3961 loss 1.5153
  batch 700/3961 loss 1.6672
  batch 750/3961 loss 1.6550
  batch 800/3961 loss 1.5973
  batch 850/3961 loss 1.5311
  batch 900/3961 loss 1.5785
  batch 950/3961 loss 1.4683
  batch 1000/3961 loss 1.7071
  batch 1050/3961 loss 1.4733
  batch 1100/3961 loss 1.5333
  batch 1150/3961 loss 1.6602
  batch 1200/3961 loss 1.5214
  batch 1250/3961 loss 1.5472
  batch 1300/3961 loss 1.6349
  batch 1350/3961 loss 1.5433
  batch 1400/3961 loss 1.7034
  batch 1450/3961 loss 1.4331
  batch 1500/3961 loss 1.6569
  batch 1550/3961 loss 1.6948
  batch 1600/3961 loss 1.6553
  batch 1650/3961 loss 1.4243
  batch 1700/3961 loss 1.4876
  batch 1750/3961 loss 1.4954
  batch 1800/3961 loss 1.5760
  batch 1850/3961 loss 1.3785
  batch 1900/3961 loss 1.7125
  batch 1950/3961 loss 1.5136
  batch 2000/3961 loss 1.6644
  batch 2050/3961 loss 1.7201
  batch 2100/3961 loss 1.5087
  batch 2150/3961 loss 1.4640
  batch 2200/3961 loss 1.5050
  batch 2250/3961 loss 1.4157
  batch 2300/3961 loss 1.5618
  batch 2350/3961 loss 1.7015
  batch 2400/3961 loss 1.6795
  batch 2450/3961 loss 1.6307
  batch 2500/3961 loss 1.6180
  batch 2550/3961 loss 1.5800
  batch 2600/3961 loss 1.6346
  batch 2650/3961 loss 1.4294
  batch 2700/3961 loss 1.5328
  batch 2750/3961 loss 1.5608
  batch 2800/3961 loss 1.6325
  batch 2850/3961 loss 1.5618
  batch 2900/3961 loss 1.6045
  batch 2950/3961 loss 1.5283
  batch 3000/3961 loss 1.4486
  batch 3050/3961 loss 1.5557
  batch 3100/3961 loss 1.6442
  batch 3150/3961 loss 1.5601
  batch 3200/3961 loss 1.6105
  batch 3250/3961 loss 1.6889
  batch 3300/3961 loss 1.6729
  batch 3350/3961 loss 1.6959
  batch 3400/3961 loss 1.4722
  batch 3450/3961 loss 1.4625
  batch 3500/3961 loss 1.4955
  batch 3550/3961 loss 1.5935
  batch 3600/3961 loss 1.5424
  batch 3650/3961 loss 1.6847
  batch 3700/3961 loss 1.6096
  batch 3750/3961 loss 1.4601
  batch 3800/3961 loss 1.4967
  batch 3850/3961 loss 1.6368
  batch 3900/3961 loss 1.6465
  batch 3950/3961 loss 1.6477
  batch 3961/3961 loss 1.5492
ep09/20  train 1.5808  val WAPE 0.2151  time 39.8s
  no improvement (2/4)

Starting epoch 10/20...
  batch 50/3961 loss 1.5444
  batch 100/3961 loss 1.5289
  batch 150/3961 loss 1.6878
  batch 200/3961 loss 1.4749
  batch 250/3961 loss 1.6034
  batch 300/3961 loss 1.7480
  batch 350/3961 loss 1.6252
  batch 400/3961 loss 1.5002
  batch 450/3961 loss 1.4060
  batch 500/3961 loss 1.5177
  batch 550/3961 loss 1.6449
  batch 600/3961 loss 1.8173
  batch 650/3961 loss 1.6833
  batch 700/3961 loss 1.5758
  batch 750/3961 loss 1.6192
  batch 800/3961 loss 1.5265
  batch 850/3961 loss 1.6080
  batch 900/3961 loss 1.6060
  batch 950/3961 loss 1.5281
  batch 1000/3961 loss 1.4976
  batch 1050/3961 loss 1.5842
  batch 1100/3961 loss 1.6489
  batch 1150/3961 loss 1.6495
  batch 1200/3961 loss 1.6272
  batch 1250/3961 loss 1.4917
  batch 1300/3961 loss 1.4993
  batch 1350/3961 loss 1.6568
  batch 1400/3961 loss 1.6648
  batch 1450/3961 loss 1.5229
  batch 1500/3961 loss 1.7466
  batch 1550/3961 loss 1.5142
  batch 1600/3961 loss 1.5537
  batch 1650/3961 loss 1.4502
  batch 1700/3961 loss 1.4711
  batch 1750/3961 loss 1.4522
  batch 1800/3961 loss 1.6555
  batch 1850/3961 loss 1.4254
  batch 1900/3961 loss 1.6712
  batch 1950/3961 loss 1.3481
  batch 2000/3961 loss 1.5976
  batch 2050/3961 loss 1.5597
  batch 2100/3961 loss 1.6198
  batch 2150/3961 loss 1.5359
  batch 2200/3961 loss 1.7140
  batch 2250/3961 loss 1.7107
  batch 2300/3961 loss 1.5687
  batch 2350/3961 loss 1.5183
  batch 2400/3961 loss 1.5918
  batch 2450/3961 loss 1.3799
  batch 2500/3961 loss 1.6009
  batch 2550/3961 loss 1.6853
  batch 2600/3961 loss 1.5944
  batch 2650/3961 loss 1.5193
  batch 2700/3961 loss 1.6495
  batch 2750/3961 loss 1.7037
  batch 2800/3961 loss 1.5997
  batch 2850/3961 loss 1.5267
  batch 2900/3961 loss 1.4848
  batch 2950/3961 loss 1.6037
  batch 3000/3961 loss 1.5477
  batch 3050/3961 loss 1.4981
  batch 3100/3961 loss 1.6724
  batch 3150/3961 loss 1.4322
  batch 3200/3961 loss 1.5576
  batch 3250/3961 loss 1.5334
  batch 3300/3961 loss 1.5682
  batch 3350/3961 loss 1.5073
  batch 3400/3961 loss 1.6378
  batch 3450/3961 loss 1.5015
  batch 3500/3961 loss 1.3848
  batch 3550/3961 loss 1.5606
  batch 3600/3961 loss 1.4602
  batch 3650/3961 loss 1.4856
  batch 3700/3961 loss 1.5990
  batch 3750/3961 loss 1.5277
  batch 3800/3961 loss 1.6348
  batch 3850/3961 loss 1.6556
  batch 3900/3961 loss 1.5489
  batch 3950/3961 loss 1.5656
  batch 3961/3961 loss 1.6584
ep10/20  train 1.5746  val WAPE 0.2172  time 33.0s
  no improvement (3/4)

Starting epoch 11/20...
  batch 50/3961 loss 1.3377
  batch 100/3961 loss 1.5473
  batch 150/3961 loss 1.5467
  batch 200/3961 loss 1.6463
  batch 250/3961 loss 1.5187
  batch 300/3961 loss 1.7313
  batch 350/3961 loss 1.5453
  batch 400/3961 loss 1.5893
  batch 450/3961 loss 1.6814
  batch 500/3961 loss 1.5217
  batch 550/3961 loss 1.5388
  batch 600/3961 loss 1.6782
  batch 650/3961 loss 1.5305
  batch 700/3961 loss 1.4729
  batch 750/3961 loss 1.5808
  batch 800/3961 loss 1.5644
  batch 850/3961 loss 1.5473
  batch 900/3961 loss 1.6500
  batch 950/3961 loss 1.4605
  batch 1000/3961 loss 1.7516
  batch 1050/3961 loss 1.6650
  batch 1100/3961 loss 1.4588
  batch 1150/3961 loss 1.6603
  batch 1200/3961 loss 1.5069
  batch 1250/3961 loss 1.5887
  batch 1300/3961 loss 1.6228
  batch 1350/3961 loss 1.5521
  batch 1400/3961 loss 1.6571
  batch 1450/3961 loss 1.4985
  batch 1500/3961 loss 1.4749
  batch 1550/3961 loss 1.5204
  batch 1600/3961 loss 1.5677
  batch 1650/3961 loss 1.6027
  batch 1700/3961 loss 1.5920
  batch 1750/3961 loss 1.6105
  batch 1800/3961 loss 1.4053
  batch 1850/3961 loss 1.5708
  batch 1900/3961 loss 1.4149
  batch 1950/3961 loss 1.5248
  batch 2000/3961 loss 1.4388
  batch 2050/3961 loss 1.5454
  batch 2100/3961 loss 1.5448
  batch 2150/3961 loss 1.3984
  batch 2200/3961 loss 1.6151
  batch 2250/3961 loss 1.6263
  batch 2300/3961 loss 1.4557
  batch 2350/3961 loss 1.5725
  batch 2400/3961 loss 1.4895
  batch 2450/3961 loss 1.5300
  batch 2500/3961 loss 1.5385
  batch 2550/3961 loss 1.5775
  batch 2600/3961 loss 1.5850
  batch 2650/3961 loss 1.5464
  batch 2700/3961 loss 1.5988
  batch 2750/3961 loss 1.5511
  batch 2800/3961 loss 1.5328
  batch 2850/3961 loss 1.5275
  batch 2900/3961 loss 1.6277
  batch 2950/3961 loss 1.5097
  batch 3000/3961 loss 1.6283
  batch 3050/3961 loss 1.5909
  batch 3100/3961 loss 1.6655
  batch 3150/3961 loss 1.5102
  batch 3200/3961 loss 1.7016
  batch 3250/3961 loss 1.6921
  batch 3300/3961 loss 1.5337
  batch 3350/3961 loss 1.6796
  batch 3400/3961 loss 1.5165
  batch 3450/3961 loss 1.6926
  batch 3500/3961 loss 1.4560
  batch 3550/3961 loss 1.6852
  batch 3600/3961 loss 1.5970
  batch 3650/3961 loss 1.6544
  batch 3700/3961 loss 1.5599
  batch 3750/3961 loss 1.5709
  batch 3800/3961 loss 1.6207
  batch 3850/3961 loss 1.5638
  batch 3900/3961 loss 1.5632
  batch 3950/3961 loss 1.5362
  batch 3961/3961 loss 1.4367
ep11/20  train 1.5683  val WAPE 0.2014  time 26.6s
  ✓ new best WAPE: 0.2014

Starting epoch 12/20...
  batch 50/3961 loss 1.5731
  batch 100/3961 loss 1.6435
  batch 150/3961 loss 1.6092
  batch 200/3961 loss 1.4840
  batch 250/3961 loss 1.4976
  batch 300/3961 loss 1.5765
  batch 350/3961 loss 1.5670
  batch 400/3961 loss 1.4320
  batch 450/3961 loss 1.7709
  batch 500/3961 loss 1.5612
  batch 550/3961 loss 1.6583
  batch 600/3961 loss 1.4858
  batch 650/3961 loss 1.4734
  batch 700/3961 loss 1.4300
  batch 750/3961 loss 1.6119
  batch 800/3961 loss 1.5601
  batch 850/3961 loss 1.5398
  batch 900/3961 loss 1.5698
  batch 950/3961 loss 1.4249
  batch 1000/3961 loss 1.6758
  batch 1050/3961 loss 1.5788
  batch 1100/3961 loss 1.4278
  batch 1150/3961 loss 1.5652
  batch 1200/3961 loss 1.7094
  batch 1250/3961 loss 1.4474
  batch 1300/3961 loss 1.6559
  batch 1350/3961 loss 1.6121
  batch 1400/3961 loss 1.4440
  batch 1450/3961 loss 1.5183
  batch 1500/3961 loss 1.6814
  batch 1550/3961 loss 1.4734
  batch 1600/3961 loss 1.6094
  batch 1650/3961 loss 1.5948
  batch 1700/3961 loss 1.5099
  batch 1750/3961 loss 1.5988
  batch 1800/3961 loss 1.6054
  batch 1850/3961 loss 1.4577
  batch 1900/3961 loss 1.5425
  batch 1950/3961 loss 1.4800
  batch 2000/3961 loss 1.5408
  batch 2050/3961 loss 1.4966
  batch 2100/3961 loss 1.6169
  batch 2150/3961 loss 1.6153
  batch 2200/3961 loss 1.5848
  batch 2250/3961 loss 1.5497
  batch 2300/3961 loss 1.5412
  batch 2350/3961 loss 1.5697
  batch 2400/3961 loss 1.6346
  batch 2450/3961 loss 1.6059
  batch 2500/3961 loss 1.4622
  batch 2550/3961 loss 1.5445
  batch 2600/3961 loss 1.6387
  batch 2650/3961 loss 1.4917
  batch 2700/3961 loss 1.5025
  batch 2750/3961 loss 1.6319
  batch 2800/3961 loss 1.6714
  batch 2850/3961 loss 1.5293
  batch 2900/3961 loss 1.5420
  batch 2950/3961 loss 1.6401
  batch 3000/3961 loss 1.6082
  batch 3050/3961 loss 1.5743
  batch 3100/3961 loss 1.6483
  batch 3150/3961 loss 1.6902
  batch 3200/3961 loss 1.6144
  batch 3250/3961 loss 1.5076
  batch 3300/3961 loss 1.6489
  batch 3350/3961 loss 1.6241
  batch 3400/3961 loss 1.5768
  batch 3450/3961 loss 1.4693
  batch 3500/3961 loss 1.5040
  batch 3550/3961 loss 1.6028
  batch 3600/3961 loss 1.6323
  batch 3650/3961 loss 1.5988
  batch 3700/3961 loss 1.5003
  batch 3750/3961 loss 1.5906
  batch 3800/3961 loss 1.5229
  batch 3850/3961 loss 1.6297
  batch 3900/3961 loss 1.4542
  batch 3950/3961 loss 1.4083
  batch 3961/3961 loss 1.5290
ep12/20  train 1.5615  val WAPE 0.2143  time 31.1s
  no improvement (1/4)

Starting epoch 13/20...
  batch 50/3961 loss 1.6428
  batch 100/3961 loss 1.6825
  batch 150/3961 loss 1.5906
  batch 200/3961 loss 1.5600
  batch 250/3961 loss 1.5218
  batch 300/3961 loss 1.4612
  batch 350/3961 loss 1.6659
  batch 400/3961 loss 1.5818
  batch 450/3961 loss 1.4165
  batch 500/3961 loss 1.6690
  batch 550/3961 loss 1.6462
  batch 600/3961 loss 1.5603
  batch 650/3961 loss 1.4919
  batch 700/3961 loss 1.5007
  batch 750/3961 loss 1.4432
  batch 800/3961 loss 1.6410
  batch 850/3961 loss 1.4526
  batch 900/3961 loss 1.5263
  batch 950/3961 loss 1.5801
  batch 1000/3961 loss 1.5645
  batch 1050/3961 loss 1.5927
  batch 1100/3961 loss 1.6234
  batch 1150/3961 loss 1.5917
  batch 1200/3961 loss 1.5478
  batch 1250/3961 loss 1.6161
  batch 1300/3961 loss 1.7204
  batch 1350/3961 loss 1.4847
  batch 1400/3961 loss 1.5996
  batch 1450/3961 loss 1.6300
  batch 1500/3961 loss 1.4281
  batch 1550/3961 loss 1.7299
  batch 1600/3961 loss 1.5416
  batch 1650/3961 loss 1.5782
  batch 1700/3961 loss 1.4397
  batch 1750/3961 loss 1.7345
  batch 1800/3961 loss 1.6437
  batch 1850/3961 loss 1.6551
  batch 1900/3961 loss 1.5327
  batch 1950/3961 loss 1.5173
  batch 2000/3961 loss 1.3804
  batch 2050/3961 loss 1.4323
  batch 2100/3961 loss 1.6410
  batch 2150/3961 loss 1.5161
  batch 2200/3961 loss 1.6177
  batch 2250/3961 loss 1.4974
  batch 2300/3961 loss 1.5714
  batch 2350/3961 loss 1.5216
  batch 2400/3961 loss 1.4980
  batch 2450/3961 loss 1.6239
  batch 2500/3961 loss 1.5072
  batch 2550/3961 loss 1.5717
  batch 2600/3961 loss 1.6671
  batch 2650/3961 loss 1.5559
  batch 2700/3961 loss 1.4872
  batch 2750/3961 loss 1.5172
  batch 2800/3961 loss 1.5700
  batch 2850/3961 loss 1.5239
  batch 2900/3961 loss 1.5581
  batch 2950/3961 loss 1.5117
  batch 3000/3961 loss 1.5825
  batch 3050/3961 loss 1.6815
  batch 3100/3961 loss 1.6390
  batch 3150/3961 loss 1.6615
  batch 3200/3961 loss 1.6776
  batch 3250/3961 loss 1.4661
  batch 3300/3961 loss 1.6544
  batch 3350/3961 loss 1.5150
  batch 3400/3961 loss 1.4728
  batch 3450/3961 loss 1.4715
  batch 3500/3961 loss 1.6949
  batch 3550/3961 loss 1.5340
  batch 3600/3961 loss 1.5373
  batch 3650/3961 loss 1.6613
  batch 3700/3961 loss 1.4351
  batch 3750/3961 loss 1.5557
  batch 3800/3961 loss 1.4344
  batch 3850/3961 loss 1.5437
  batch 3900/3961 loss 1.4606
  batch 3950/3961 loss 1.5206
  batch 3961/3961 loss 1.5542
ep13/20  train 1.5547  val WAPE 0.2080  time 45.9s
  no improvement (2/4)

Starting epoch 14/20...
  batch 50/3961 loss 1.3826
  batch 100/3961 loss 1.5621
  batch 150/3961 loss 1.6349
  batch 200/3961 loss 1.6417
  batch 250/3961 loss 1.3799
  batch 300/3961 loss 1.7537
  batch 350/3961 loss 1.6124
  batch 400/3961 loss 1.4761
  batch 450/3961 loss 1.6766
  batch 500/3961 loss 1.5379
  batch 550/3961 loss 1.4255
  batch 600/3961 loss 1.4754
  batch 650/3961 loss 1.5753
  batch 700/3961 loss 1.4374
  batch 750/3961 loss 1.6236
  batch 800/3961 loss 1.4700
  batch 850/3961 loss 1.5298
  batch 900/3961 loss 1.6441
  batch 950/3961 loss 1.5129
  batch 1000/3961 loss 1.4338
  batch 1050/3961 loss 1.4549
  batch 1100/3961 loss 1.5471
  batch 1150/3961 loss 1.5710
  batch 1200/3961 loss 1.4749
  batch 1250/3961 loss 1.5796
  batch 1300/3961 loss 1.6800
  batch 1350/3961 loss 1.5654
  batch 1400/3961 loss 1.5637
  batch 1450/3961 loss 1.5205
  batch 1500/3961 loss 1.3289
  batch 1550/3961 loss 1.5383
  batch 1600/3961 loss 1.6866
  batch 1650/3961 loss 1.4740
  batch 1700/3961 loss 1.4742
  batch 1750/3961 loss 1.5778
  batch 1800/3961 loss 1.5558
  batch 1850/3961 loss 1.5131
  batch 1900/3961 loss 1.6394
  batch 1950/3961 loss 1.5015
  batch 2000/3961 loss 1.5830
  batch 2050/3961 loss 1.7086
  batch 2100/3961 loss 1.4119
  batch 2150/3961 loss 1.6694
  batch 2200/3961 loss 1.4767
  batch 2250/3961 loss 1.5646
  batch 2300/3961 loss 1.3671
  batch 2350/3961 loss 1.4712
  batch 2400/3961 loss 1.6828
  batch 2450/3961 loss 1.4577
  batch 2500/3961 loss 1.5928
  batch 2550/3961 loss 1.6233
  batch 2600/3961 loss 1.3240
  batch 2650/3961 loss 1.5801
  batch 2700/3961 loss 1.5149
  batch 2750/3961 loss 1.3785
  batch 2800/3961 loss 1.6201
  batch 2850/3961 loss 1.5115
  batch 2900/3961 loss 1.4943
  batch 2950/3961 loss 1.5876
  batch 3000/3961 loss 1.7053
  batch 3050/3961 loss 1.4595
  batch 3100/3961 loss 1.4979
  batch 3150/3961 loss 1.4676
  batch 3200/3961 loss 1.4764
  batch 3250/3961 loss 1.4603
  batch 3300/3961 loss 1.7311
  batch 3350/3961 loss 1.5336
  batch 3400/3961 loss 1.5714
  batch 3450/3961 loss 1.6933
  batch 3500/3961 loss 1.4714
  batch 3550/3961 loss 1.4713
  batch 3600/3961 loss 1.5093
  batch 3650/3961 loss 1.6547
  batch 3700/3961 loss 1.5983
  batch 3750/3961 loss 1.5453
  batch 3800/3961 loss 1.5993
  batch 3850/3961 loss 1.5463
  batch 3900/3961 loss 1.4159
  batch 3950/3961 loss 1.6106
  batch 3961/3961 loss 1.6107
ep14/20  train 1.5477  val WAPE 0.2139  time 41.9s
  no improvement (3/4)

Starting epoch 15/20...
  batch 50/3961 loss 1.4944
  batch 100/3961 loss 1.5236
  batch 150/3961 loss 1.5668
  batch 200/3961 loss 1.5021
  batch 250/3961 loss 1.5262
  batch 300/3961 loss 1.5263
  batch 350/3961 loss 1.5551
  batch 400/3961 loss 1.5480
  batch 450/3961 loss 1.6109
  batch 500/3961 loss 1.4068
  batch 550/3961 loss 1.5543
  batch 600/3961 loss 1.5259
  batch 650/3961 loss 1.5949
  batch 700/3961 loss 1.4868
  batch 750/3961 loss 1.4803
  batch 800/3961 loss 1.5567
  batch 850/3961 loss 1.4628
  batch 900/3961 loss 1.7416
  batch 950/3961 loss 1.4732
  batch 1000/3961 loss 1.6706
  batch 1050/3961 loss 1.5188
  batch 1100/3961 loss 1.5769
  batch 1150/3961 loss 1.4798
  batch 1200/3961 loss 1.5543
  batch 1250/3961 loss 1.7318
  batch 1300/3961 loss 1.5015
  batch 1350/3961 loss 1.5881
  batch 1400/3961 loss 1.5705
  batch 1450/3961 loss 1.5453
  batch 1500/3961 loss 1.5305
  batch 1550/3961 loss 1.5057
  batch 1600/3961 loss 1.4788
  batch 1650/3961 loss 1.4812
  batch 1700/3961 loss 1.5355
  batch 1750/3961 loss 1.5191
  batch 1800/3961 loss 1.5275
  batch 1850/3961 loss 1.3951
  batch 1900/3961 loss 1.5157
  batch 1950/3961 loss 1.5478
  batch 2000/3961 loss 1.4673
  batch 2050/3961 loss 1.5812
  batch 2100/3961 loss 1.3892
  batch 2150/3961 loss 1.4602
  batch 2200/3961 loss 1.5065
  batch 2250/3961 loss 1.6013
  batch 2300/3961 loss 1.5661
  batch 2350/3961 loss 1.5224
  batch 2400/3961 loss 1.5863
  batch 2450/3961 loss 1.5342
  batch 2500/3961 loss 1.5434
  batch 2550/3961 loss 1.6765
  batch 2600/3961 loss 1.6571
  batch 2650/3961 loss 1.5886
  batch 2700/3961 loss 1.6875
  batch 2750/3961 loss 1.6172
  batch 2800/3961 loss 1.4648
  batch 2850/3961 loss 1.4240
  batch 2900/3961 loss 1.5186
  batch 2950/3961 loss 1.5192
  batch 3000/3961 loss 1.7253
  batch 3050/3961 loss 1.5961
  batch 3100/3961 loss 1.4175
  batch 3150/3961 loss 1.5241
  batch 3200/3961 loss 1.4316
  batch 3250/3961 loss 1.4476
  batch 3300/3961 loss 1.5466
  batch 3350/3961 loss 1.7188
  batch 3400/3961 loss 1.5680
  batch 3450/3961 loss 1.4907
  batch 3500/3961 loss 1.5577
  batch 3550/3961 loss 1.6341
  batch 3600/3961 loss 1.4017
  batch 3650/3961 loss 1.5050
  batch 3700/3961 loss 1.5254
  batch 3750/3961 loss 1.4740
  batch 3800/3961 loss 1.4663
  batch 3850/3961 loss 1.6302
  batch 3900/3961 loss 1.5916
  batch 3950/3961 loss 1.5526
  batch 3961/3961 loss 1.5082
ep15/20  train 1.5412  val WAPE 0.2079  time 41.3s
  no improvement (4/4)
early stop
linear params: 227809

Starting epoch 1/20...
  batch 50/3961 loss 3.9880
  batch 100/3961 loss 3.7481
  batch 150/3961 loss 3.5381
  batch 200/3961 loss 3.4410
  batch 250/3961 loss 3.3390
  batch 300/3961 loss 3.1591
  batch 350/3961 loss 3.2116
  batch 400/3961 loss 3.0810
  batch 450/3961 loss 3.1394
  batch 500/3961 loss 3.0588
  batch 550/3961 loss 2.9628
  batch 600/3961 loss 3.0422
  batch 650/3961 loss 2.9350
  batch 700/3961 loss 2.9692
  batch 750/3961 loss 2.9712
  batch 800/3961 loss 2.9735
  batch 850/3961 loss 2.8649
  batch 900/3961 loss 2.8464
  batch 950/3961 loss 2.8223
  batch 1000/3961 loss 2.9435
  batch 1050/3961 loss 2.7131
  batch 1100/3961 loss 2.8138
  batch 1150/3961 loss 2.7752
  batch 1200/3961 loss 2.6489
  batch 1250/3961 loss 2.6676
  batch 1300/3961 loss 2.8933
  batch 1350/3961 loss 2.6434
  batch 1400/3961 loss 2.5933
  batch 1450/3961 loss 2.8405
  batch 1500/3961 loss 2.7198
  batch 1550/3961 loss 2.7418
  batch 1600/3961 loss 2.6021
  batch 1650/3961 loss 2.6750
  batch 1700/3961 loss 2.5970
  batch 1750/3961 loss 2.6691
  batch 1800/3961 loss 2.6478
  batch 1850/3961 loss 2.5470
  batch 1900/3961 loss 2.5003
  batch 1950/3961 loss 2.6153
  batch 2000/3961 loss 2.7414
  batch 2050/3961 loss 2.6271
  batch 2100/3961 loss 2.5740
  batch 2150/3961 loss 2.5331
  batch 2200/3961 loss 2.5580
  batch 2250/3961 loss 2.4199
  batch 2300/3961 loss 2.6197
  batch 2350/3961 loss 2.6778
  batch 2400/3961 loss 2.5835
  batch 2450/3961 loss 2.4592
  batch 2500/3961 loss 2.5064
  batch 2550/3961 loss 2.5966
  batch 2600/3961 loss 2.6023
  batch 2650/3961 loss 2.3293
  batch 2700/3961 loss 2.4248
  batch 2750/3961 loss 2.3686
  batch 2800/3961 loss 2.5147
  batch 2850/3961 loss 2.4960
  batch 2900/3961 loss 2.4731
  batch 2950/3961 loss 2.4696
  batch 3000/3961 loss 2.4875
  batch 3050/3961 loss 2.6002
  batch 3100/3961 loss 2.4739
  batch 3150/3961 loss 2.4149
  batch 3200/3961 loss 2.3610
  batch 3250/3961 loss 2.4447
  batch 3300/3961 loss 2.6366
  batch 3350/3961 loss 2.5378
  batch 3400/3961 loss 2.4378
  batch 3450/3961 loss 2.5179
  batch 3500/3961 loss 2.2707
  batch 3550/3961 loss 2.4346
  batch 3600/3961 loss 2.4368
  batch 3650/3961 loss 2.4089
  batch 3700/3961 loss 2.4652
  batch 3750/3961 loss 2.4956
  batch 3800/3961 loss 2.4346
  batch 3850/3961 loss 2.5413
  batch 3900/3961 loss 2.4874
  batch 3950/3961 loss 2.3815
  batch 3961/3961 loss 2.4028
ep01/20  train 2.7087  val WAPE 0.3134  time 35.0s
  ✓ new best WAPE: 0.3134

Starting epoch 2/20...
  batch 50/3961 loss 2.3149
  batch 100/3961 loss 2.4350
  batch 150/3961 loss 2.4044
  batch 200/3961 loss 2.4280
  batch 250/3961 loss 2.3681
  batch 300/3961 loss 2.3941
  batch 350/3961 loss 2.4269
  batch 400/3961 loss 2.3712
  batch 450/3961 loss 2.3472
  batch 500/3961 loss 2.3970
  batch 550/3961 loss 2.1493
  batch 600/3961 loss 2.3142
  batch 650/3961 loss 2.1699
  batch 700/3961 loss 2.3647
  batch 750/3961 loss 2.2707
  batch 800/3961 loss 2.4167
  batch 850/3961 loss 2.3737
  batch 900/3961 loss 2.1989
  batch 950/3961 loss 2.3545
  batch 1000/3961 loss 2.3532
  batch 1050/3961 loss 2.2924
  batch 1100/3961 loss 2.2038
  batch 1150/3961 loss 2.2588
  batch 1200/3961 loss 2.3655
  batch 1250/3961 loss 2.3336
  batch 1300/3961 loss 2.3331
  batch 1350/3961 loss 2.1739
  batch 1400/3961 loss 2.1877
  batch 1450/3961 loss 2.1409
  batch 1500/3961 loss 2.2569
  batch 1550/3961 loss 2.2130
  batch 1600/3961 loss 2.2543
  batch 1650/3961 loss 2.2949
  batch 1700/3961 loss 2.0261
  batch 1750/3961 loss 2.3086
  batch 1800/3961 loss 2.0591
  batch 1850/3961 loss 2.1583
  batch 1900/3961 loss 2.0739
  batch 1950/3961 loss 2.2812
  batch 2000/3961 loss 2.2679
  batch 2050/3961 loss 2.1040
  batch 2100/3961 loss 2.0883
  batch 2150/3961 loss 2.0903
  batch 2200/3961 loss 1.9694
  batch 2250/3961 loss 1.8035
  batch 2300/3961 loss 1.7922
  batch 2350/3961 loss 1.8626
  batch 2400/3961 loss 1.7160
  batch 2450/3961 loss 1.7994
  batch 2500/3961 loss 1.6545
  batch 2550/3961 loss 1.8164
  batch 2600/3961 loss 1.6404
  batch 2650/3961 loss 1.7127
  batch 2700/3961 loss 1.8531
  batch 2750/3961 loss 1.7491
  batch 2800/3961 loss 1.6334
  batch 2850/3961 loss 1.6610
  batch 2900/3961 loss 1.7407
  batch 2950/3961 loss 1.6780
  batch 3000/3961 loss 1.7039
  batch 3050/3961 loss 1.6390
  batch 3100/3961 loss 1.7233
  batch 3150/3961 loss 1.6652
  batch 3200/3961 loss 1.6638
  batch 3250/3961 loss 1.7340
  batch 3300/3961 loss 1.7623
  batch 3350/3961 loss 1.7154
  batch 3400/3961 loss 1.6693
  batch 3450/3961 loss 1.8517
  batch 3500/3961 loss 1.7006
  batch 3550/3961 loss 1.7102
  batch 3600/3961 loss 1.7304
  batch 3650/3961 loss 1.6044
  batch 3700/3961 loss 1.7545
  batch 3750/3961 loss 1.4449
  batch 3800/3961 loss 1.5863
  batch 3850/3961 loss 1.6726
  batch 3900/3961 loss 1.5531
  batch 3950/3961 loss 1.6383
  batch 3961/3961 loss 1.6131
ep02/20  train 2.0134  val WAPE 0.2226  time 37.1s
  ✓ new best WAPE: 0.2226

Starting epoch 3/20...
  batch 50/3961 loss 1.6684
  batch 100/3961 loss 1.6775
  batch 150/3961 loss 1.6801
  batch 200/3961 loss 1.6513
  batch 250/3961 loss 1.4291
  batch 300/3961 loss 1.5524
  batch 350/3961 loss 1.6564
  batch 400/3961 loss 1.5653
  batch 450/3961 loss 1.6795
  batch 500/3961 loss 1.6003
  batch 550/3961 loss 1.4943
  batch 600/3961 loss 1.3846
  batch 650/3961 loss 1.5264
  batch 700/3961 loss 1.5317
  batch 750/3961 loss 1.5863
  batch 800/3961 loss 1.6822
  batch 850/3961 loss 1.5752
  batch 900/3961 loss 1.6020
  batch 950/3961 loss 1.5877
  batch 1000/3961 loss 1.5301
  batch 1050/3961 loss 1.6889
  batch 1100/3961 loss 1.6282
  batch 1150/3961 loss 1.5461
  batch 1200/3961 loss 1.5411
  batch 1250/3961 loss 1.6560
  batch 1300/3961 loss 1.4885
  batch 1350/3961 loss 1.6085
  batch 1400/3961 loss 1.7206
  batch 1450/3961 loss 1.6886
  batch 1500/3961 loss 1.7087
  batch 1550/3961 loss 1.5419
  batch 1600/3961 loss 1.5850
  batch 1650/3961 loss 1.6757
  batch 1700/3961 loss 1.6491
  batch 1750/3961 loss 1.5326
  batch 1800/3961 loss 1.4917
  batch 1850/3961 loss 1.6802
  batch 1900/3961 loss 1.5393
  batch 1950/3961 loss 1.5774
  batch 2000/3961 loss 1.4899
  batch 2050/3961 loss 1.6753
  batch 2100/3961 loss 1.5608
  batch 2150/3961 loss 1.5623
  batch 2200/3961 loss 1.5999
  batch 2250/3961 loss 1.6527
  batch 2300/3961 loss 1.4493
  batch 2350/3961 loss 1.5953
  batch 2400/3961 loss 1.5853
  batch 2450/3961 loss 1.5921
  batch 2500/3961 loss 1.7375
  batch 2550/3961 loss 1.5085
  batch 2600/3961 loss 1.6691
  batch 2650/3961 loss 1.6766
  batch 2700/3961 loss 1.5846
  batch 2750/3961 loss 1.7605
  batch 2800/3961 loss 1.7178
  batch 2850/3961 loss 1.6478
  batch 2900/3961 loss 1.6892
  batch 2950/3961 loss 1.5051
  batch 3000/3961 loss 1.7415
  batch 3050/3961 loss 1.5769
  batch 3100/3961 loss 1.5451
  batch 3150/3961 loss 1.4726
  batch 3200/3961 loss 1.5581
  batch 3250/3961 loss 1.6020
  batch 3300/3961 loss 1.7326
  batch 3350/3961 loss 1.5256
  batch 3400/3961 loss 1.6127
  batch 3450/3961 loss 1.6232
  batch 3500/3961 loss 1.6310
  batch 3550/3961 loss 1.5112
  batch 3600/3961 loss 1.6053
  batch 3650/3961 loss 1.5969
  batch 3700/3961 loss 1.6615
  batch 3750/3961 loss 1.6104
  batch 3800/3961 loss 1.4058
  batch 3850/3961 loss 1.6770
  batch 3900/3961 loss 1.6728
  batch 3950/3961 loss 1.5671
  batch 3961/3961 loss 1.6384
ep03/20  train 1.6100  val WAPE 0.2033  time 32.9s
  ✓ new best WAPE: 0.2033

Starting epoch 4/20...
  batch 50/3961 loss 1.4990
  batch 100/3961 loss 1.7748
  batch 150/3961 loss 1.5332
  batch 200/3961 loss 1.4408
  batch 250/3961 loss 1.6942
  batch 300/3961 loss 1.5087
  batch 350/3961 loss 1.6171
  batch 400/3961 loss 1.7951
  batch 450/3961 loss 1.7567
  batch 500/3961 loss 1.6542
  batch 550/3961 loss 1.6206
  batch 600/3961 loss 1.5201
  batch 650/3961 loss 1.6814
  batch 700/3961 loss 1.6951
  batch 750/3961 loss 1.5507
  batch 800/3961 loss 1.6466
  batch 850/3961 loss 1.6865
  batch 900/3961 loss 1.5764
  batch 950/3961 loss 1.6539
  batch 1000/3961 loss 1.5267
  batch 1050/3961 loss 1.7219
  batch 1100/3961 loss 1.6090
  batch 1150/3961 loss 1.7511
  batch 1200/3961 loss 1.5434
  batch 1250/3961 loss 1.6064
  batch 1300/3961 loss 1.6275
  batch 1350/3961 loss 1.5438
  batch 1400/3961 loss 1.5752
  batch 1450/3961 loss 1.6271
  batch 1500/3961 loss 1.5869
  batch 1550/3961 loss 1.6809
  batch 1600/3961 loss 1.6080
  batch 1650/3961 loss 1.6577
  batch 1700/3961 loss 1.5664
  batch 1750/3961 loss 1.5533
  batch 1800/3961 loss 1.4983
  batch 1850/3961 loss 1.7104
  batch 1900/3961 loss 1.6002
  batch 1950/3961 loss 1.5550
  batch 2000/3961 loss 1.5719
  batch 2050/3961 loss 1.8066
  batch 2100/3961 loss 1.6849
  batch 2150/3961 loss 1.5095
  batch 2200/3961 loss 1.6033
  batch 2250/3961 loss 1.5896
  batch 2300/3961 loss 1.6807
  batch 2350/3961 loss 1.5120
  batch 2400/3961 loss 1.6114
  batch 2450/3961 loss 1.7680
  batch 2500/3961 loss 1.6996
  batch 2550/3961 loss 1.5810
  batch 2600/3961 loss 1.4843
  batch 2650/3961 loss 1.6154
  batch 2700/3961 loss 1.5523
  batch 2750/3961 loss 1.5501
  batch 2800/3961 loss 1.6180
  batch 2850/3961 loss 1.5977
  batch 2900/3961 loss 1.6653
  batch 2950/3961 loss 1.6571
  batch 3000/3961 loss 1.5329
  batch 3050/3961 loss 1.5365
  batch 3100/3961 loss 1.7141
  batch 3150/3961 loss 1.6756
  batch 3200/3961 loss 1.5530
  batch 3250/3961 loss 1.5522
  batch 3300/3961 loss 1.5192
  batch 3350/3961 loss 1.4936
  batch 3400/3961 loss 1.4702
  batch 3450/3961 loss 1.6344
  batch 3500/3961 loss 1.5575
  batch 3550/3961 loss 1.6093
  batch 3600/3961 loss 1.5913
  batch 3650/3961 loss 1.7046
  batch 3700/3961 loss 1.5428
  batch 3750/3961 loss 1.6775
  batch 3800/3961 loss 1.6478
  batch 3850/3961 loss 1.5562
  batch 3900/3961 loss 1.4646
  batch 3950/3961 loss 1.4911
  batch 3961/3961 loss 1.5021
ep04/20  train 1.5968  val WAPE 0.2304  time 42.4s
  no improvement (1/4)

Starting epoch 5/20...
  batch 50/3961 loss 1.6486
  batch 100/3961 loss 1.5181
  batch 150/3961 loss 1.5954
  batch 200/3961 loss 1.5556
  batch 250/3961 loss 1.5257
  batch 300/3961 loss 1.5570
  batch 350/3961 loss 1.5285
  batch 400/3961 loss 1.7292
  batch 450/3961 loss 1.5492
  batch 500/3961 loss 1.6764
  batch 550/3961 loss 1.6210
  batch 600/3961 loss 1.6885
  batch 650/3961 loss 1.6011
  batch 700/3961 loss 1.6183
  batch 750/3961 loss 1.4845
  batch 800/3961 loss 1.7010
  batch 850/3961 loss 1.5900
  batch 900/3961 loss 1.6054
  batch 950/3961 loss 1.5201
  batch 1000/3961 loss 1.6914
  batch 1050/3961 loss 1.5529
  batch 1100/3961 loss 1.6859
  batch 1150/3961 loss 1.7150
  batch 1200/3961 loss 1.6862
  batch 1250/3961 loss 1.6119
  batch 1300/3961 loss 1.5410
  batch 1350/3961 loss 1.7016
  batch 1400/3961 loss 1.6652
  batch 1450/3961 loss 1.5699
  batch 1500/3961 loss 1.7051
  batch 1550/3961 loss 1.6648
  batch 1600/3961 loss 1.5837
  batch 1650/3961 loss 1.6265
  batch 1700/3961 loss 1.5938
  batch 1750/3961 loss 1.5724
  batch 1800/3961 loss 1.5306
  batch 1850/3961 loss 1.4910
  batch 1900/3961 loss 1.5501
  batch 1950/3961 loss 1.7109
  batch 2000/3961 loss 1.5889
  batch 2050/3961 loss 1.6021
  batch 2100/3961 loss 1.6332
  batch 2150/3961 loss 1.5425
  batch 2200/3961 loss 1.7768
  batch 2250/3961 loss 1.5202
  batch 2300/3961 loss 1.5316
  batch 2350/3961 loss 1.4948
  batch 2400/3961 loss 1.7696
  batch 2450/3961 loss 1.4195
  batch 2500/3961 loss 1.6965
  batch 2550/3961 loss 1.6038
  batch 2600/3961 loss 1.6961
  batch 2650/3961 loss 1.6711
  batch 2700/3961 loss 1.5287
  batch 2750/3961 loss 1.6047
  batch 2800/3961 loss 1.5034
  batch 2850/3961 loss 1.6123
  batch 2900/3961 loss 1.6032
  batch 2950/3961 loss 1.6085
  batch 3000/3961 loss 1.7058
  batch 3050/3961 loss 1.6641
  batch 3100/3961 loss 1.5695
  batch 3150/3961 loss 1.4423
  batch 3200/3961 loss 1.6180
  batch 3250/3961 loss 1.6442
  batch 3300/3961 loss 1.5361
  batch 3350/3961 loss 1.4651
  batch 3400/3961 loss 1.4992
  batch 3450/3961 loss 1.5010
  batch 3500/3961 loss 1.5794
  batch 3550/3961 loss 1.7015
  batch 3600/3961 loss 1.6783
  batch 3650/3961 loss 1.5325
  batch 3700/3961 loss 1.6604
  batch 3750/3961 loss 1.4526
  batch 3800/3961 loss 1.6353
  batch 3850/3961 loss 1.5775
  batch 3900/3961 loss 1.5352
  batch 3950/3961 loss 1.6117
  batch 3961/3961 loss 1.5607
ep05/20  train 1.5976  val WAPE 0.2157  time 43.8s
  no improvement (2/4)

Starting epoch 6/20...
  batch 50/3961 loss 1.4868
  batch 100/3961 loss 1.5869
  batch 150/3961 loss 1.6166
  batch 200/3961 loss 1.6268
  batch 250/3961 loss 1.5235
  batch 300/3961 loss 1.5486
  batch 350/3961 loss 1.5876
  batch 400/3961 loss 1.5766
  batch 450/3961 loss 1.5439
  batch 500/3961 loss 1.5064
  batch 550/3961 loss 1.5856
  batch 600/3961 loss 1.5810
  batch 650/3961 loss 1.6537
  batch 700/3961 loss 1.4448
  batch 750/3961 loss 1.6630
  batch 800/3961 loss 1.6214
  batch 850/3961 loss 1.4961
  batch 900/3961 loss 1.7738
  batch 950/3961 loss 1.5256
  batch 1000/3961 loss 1.5559
  batch 1050/3961 loss 1.5329
  batch 1100/3961 loss 1.5755
  batch 1150/3961 loss 1.5471
  batch 1200/3961 loss 1.5478
  batch 1250/3961 loss 1.5708
  batch 1300/3961 loss 1.5855
  batch 1350/3961 loss 1.6670
  batch 1400/3961 loss 1.5411
  batch 1450/3961 loss 1.6448
  batch 1500/3961 loss 1.7457
  batch 1550/3961 loss 1.6248
  batch 1600/3961 loss 1.4225
  batch 1650/3961 loss 1.5365
  batch 1700/3961 loss 1.6430
  batch 1750/3961 loss 1.6487
  batch 1800/3961 loss 1.6648
  batch 1850/3961 loss 1.6810
  batch 1900/3961 loss 1.5422
  batch 1950/3961 loss 1.6218
  batch 2000/3961 loss 1.5432
  batch 2050/3961 loss 1.6010
  batch 2100/3961 loss 1.6578
  batch 2150/3961 loss 1.5704
  batch 2200/3961 loss 1.5742
  batch 2250/3961 loss 1.6402
  batch 2300/3961 loss 1.5263
  batch 2350/3961 loss 1.5189
  batch 2400/3961 loss 1.5911
  batch 2450/3961 loss 1.5409
  batch 2500/3961 loss 1.5469
  batch 2550/3961 loss 1.6291
  batch 2600/3961 loss 1.6906
  batch 2650/3961 loss 1.6647
  batch 2700/3961 loss 1.6606
  batch 2750/3961 loss 1.7081
  batch 2800/3961 loss 1.5171
  batch 2850/3961 loss 1.5778
  batch 2900/3961 loss 1.4115
  batch 2950/3961 loss 1.5703
  batch 3000/3961 loss 1.6375
  batch 3050/3961 loss 1.6968
  batch 3100/3961 loss 1.6195
  batch 3150/3961 loss 1.7567
  batch 3200/3961 loss 1.6209
  batch 3250/3961 loss 1.6072
  batch 3300/3961 loss 1.6150
  batch 3350/3961 loss 1.6228
  batch 3400/3961 loss 1.5804
  batch 3450/3961 loss 1.6217
  batch 3500/3961 loss 1.5767
  batch 3550/3961 loss 1.5816
  batch 3600/3961 loss 1.5569
  batch 3650/3961 loss 1.3825
  batch 3700/3961 loss 1.5257
  batch 3750/3961 loss 1.6726
  batch 3800/3961 loss 1.5506
  batch 3850/3961 loss 1.6649
  batch 3900/3961 loss 1.6233
  batch 3950/3961 loss 1.6807
  batch 3961/3961 loss 1.4725
ep06/20  train 1.5966  val WAPE 0.2186  time 41.1s
  no improvement (3/4)

Starting epoch 7/20...
  batch 50/3961 loss 1.6466
  batch 100/3961 loss 1.4966
  batch 150/3961 loss 1.5249
  batch 200/3961 loss 1.4971
  batch 250/3961 loss 1.7637
  batch 300/3961 loss 1.6010
  batch 350/3961 loss 1.4445
  batch 400/3961 loss 1.5190
  batch 450/3961 loss 1.5616
  batch 500/3961 loss 1.4745
  batch 550/3961 loss 1.4388
  batch 600/3961 loss 1.5750
  batch 650/3961 loss 1.4952
  batch 700/3961 loss 1.5903
  batch 750/3961 loss 1.5583
  batch 800/3961 loss 1.6085
  batch 850/3961 loss 1.4441
  batch 900/3961 loss 1.5788
  batch 950/3961 loss 1.6595
  batch 1000/3961 loss 1.5576
  batch 1050/3961 loss 1.7265
  batch 1100/3961 loss 1.5634
  batch 1150/3961 loss 1.5357
  batch 1200/3961 loss 1.6170
  batch 1250/3961 loss 1.4445
  batch 1300/3961 loss 1.5672
  batch 1350/3961 loss 1.5161
  batch 1400/3961 loss 1.6585
  batch 1450/3961 loss 1.5418
  batch 1500/3961 loss 1.8203
  batch 1550/3961 loss 1.7094
  batch 1600/3961 loss 1.5521
  batch 1650/3961 loss 1.7547
  batch 1700/3961 loss 1.6337
  batch 1750/3961 loss 1.6305
  batch 1800/3961 loss 1.6041
  batch 1850/3961 loss 1.4782
  batch 1900/3961 loss 1.5463
  batch 1950/3961 loss 1.6169
  batch 2000/3961 loss 1.7046
  batch 2050/3961 loss 1.5245
  batch 2100/3961 loss 1.6700
  batch 2150/3961 loss 1.5058
  batch 2200/3961 loss 1.5763
  batch 2250/3961 loss 1.6113
  batch 2300/3961 loss 1.5138
  batch 2350/3961 loss 1.6114
  batch 2400/3961 loss 1.5808
  batch 2450/3961 loss 1.5305
  batch 2500/3961 loss 1.6263
  batch 2550/3961 loss 1.6423
  batch 2600/3961 loss 1.4583
  batch 2650/3961 loss 1.5841
  batch 2700/3961 loss 1.4830
  batch 2750/3961 loss 1.4990
  batch 2800/3961 loss 1.7617
  batch 2850/3961 loss 1.7024
  batch 2900/3961 loss 1.6155
  batch 2950/3961 loss 1.7606
  batch 3000/3961 loss 1.6150
  batch 3050/3961 loss 1.5436
  batch 3100/3961 loss 1.5891
  batch 3150/3961 loss 1.5555
  batch 3200/3961 loss 1.5861
  batch 3250/3961 loss 1.5789
  batch 3300/3961 loss 1.5767
  batch 3350/3961 loss 1.5320
  batch 3400/3961 loss 1.6188
  batch 3450/3961 loss 1.5960
  batch 3500/3961 loss 1.6108
  batch 3550/3961 loss 1.5914
  batch 3600/3961 loss 1.5791
  batch 3650/3961 loss 1.5564
  batch 3700/3961 loss 1.4895
  batch 3750/3961 loss 1.4690
  batch 3800/3961 loss 1.6093
  batch 3850/3961 loss 1.7022
  batch 3900/3961 loss 1.5233
  batch 3950/3961 loss 1.5615
  batch 3961/3961 loss 1.5789
ep07/20  train 1.5914  val WAPE 0.2048  time 42.9s
  no improvement (4/4)
early stop
linear params: 227809

Starting epoch 1/20...
  batch 50/3961 loss 3.9169
  batch 100/3961 loss 3.7731
  batch 150/3961 loss 3.6632
  batch 200/3961 loss 3.2657
  batch 250/3961 loss 3.2426
  batch 300/3961 loss 3.4134
  batch 350/3961 loss 3.1856
  batch 400/3961 loss 3.2550
  batch 450/3961 loss 3.0743
  batch 500/3961 loss 3.0985
  batch 550/3961 loss 3.0950
  batch 600/3961 loss 2.8675
  batch 650/3961 loss 2.9065
  batch 700/3961 loss 3.0641
  batch 750/3961 loss 2.7777
  batch 800/3961 loss 3.0124
  batch 850/3961 loss 2.8126
  batch 900/3961 loss 2.6140
  batch 950/3961 loss 2.6076
  batch 1000/3961 loss 2.6381
  batch 1050/3961 loss 2.6057
  batch 1100/3961 loss 2.6672
  batch 1150/3961 loss 2.5375
  batch 1200/3961 loss 2.7066
  batch 1250/3961 loss 2.3072
  batch 1300/3961 loss 2.4328
  batch 1350/3961 loss 2.4486
  batch 1400/3961 loss 2.4058
  batch 1450/3961 loss 2.3520
  batch 1500/3961 loss 2.3550
  batch 1550/3961 loss 2.2858
  batch 1600/3961 loss 2.3345
  batch 1650/3961 loss 2.2863
  batch 1700/3961 loss 2.2609
  batch 1750/3961 loss 2.2320
  batch 1800/3961 loss 2.2316
  batch 1850/3961 loss 2.1169
  batch 1900/3961 loss 2.2940
  batch 1950/3961 loss 2.1439
  batch 2000/3961 loss 2.1071
  batch 2050/3961 loss 2.2637
  batch 2100/3961 loss 2.1733
  batch 2150/3961 loss 2.3349
  batch 2200/3961 loss 2.2153
  batch 2250/3961 loss 2.0906
  batch 2300/3961 loss 2.1784
  batch 2350/3961 loss 2.1142
  batch 2400/3961 loss 1.9346
  batch 2450/3961 loss 2.0674
  batch 2500/3961 loss 2.1751
  batch 2550/3961 loss 1.9257
  batch 2600/3961 loss 1.9707
  batch 2650/3961 loss 2.0798
  batch 2700/3961 loss 1.9203
  batch 2750/3961 loss 1.9327
  batch 2800/3961 loss 1.9719
  batch 2850/3961 loss 2.0372
  batch 2900/3961 loss 1.8927
  batch 2950/3961 loss 1.8705
  batch 3000/3961 loss 2.1219
  batch 3050/3961 loss 1.8495
  batch 3100/3961 loss 2.0736
  batch 3150/3961 loss 1.8185
  batch 3200/3961 loss 1.8419
  batch 3250/3961 loss 2.0071
  batch 3300/3961 loss 1.9935
  batch 3350/3961 loss 2.0658
  batch 3400/3961 loss 1.9506
  batch 3450/3961 loss 2.0448
  batch 3500/3961 loss 1.9160
  batch 3550/3961 loss 1.9540
  batch 3600/3961 loss 1.7541
  batch 3650/3961 loss 1.9971
  batch 3700/3961 loss 1.7317
  batch 3750/3961 loss 1.9232
  batch 3800/3961 loss 1.8831
  batch 3850/3961 loss 1.8025
  batch 3900/3961 loss 1.9693
  batch 3950/3961 loss 1.9898
  batch 3961/3961 loss 1.7821
ep01/20  train 2.3753  val WAPE 0.2493  time 42.7s
  ✓ new best WAPE: 0.2493

Starting epoch 2/20...
  batch 50/3961 loss 1.7542
  batch 100/3961 loss 1.8763
  batch 150/3961 loss 1.7824
  batch 200/3961 loss 1.8694
  batch 250/3961 loss 1.9512
  batch 300/3961 loss 1.7639
  batch 350/3961 loss 1.8198
  batch 400/3961 loss 1.7814
  batch 450/3961 loss 1.7153
  batch 500/3961 loss 1.7742
  batch 550/3961 loss 1.8395
  batch 600/3961 loss 1.7961
  batch 650/3961 loss 1.7656
  batch 700/3961 loss 1.8082
  batch 750/3961 loss 1.7049
  batch 800/3961 loss 1.7270
  batch 850/3961 loss 1.6646
  batch 900/3961 loss 1.7066
  batch 950/3961 loss 1.7609
  batch 1000/3961 loss 1.5520
  batch 1050/3961 loss 1.7003
  batch 1100/3961 loss 1.6531
  batch 1150/3961 loss 1.8052
  batch 1200/3961 loss 1.7051
  batch 1250/3961 loss 1.9355
  batch 1300/3961 loss 1.5959
  batch 1350/3961 loss 1.8168
  batch 1400/3961 loss 1.6254
  batch 1450/3961 loss 1.5980
  batch 1500/3961 loss 1.7550
  batch 1550/3961 loss 1.7060
  batch 1600/3961 loss 1.7675
  batch 1650/3961 loss 1.7181
  batch 1700/3961 loss 1.6789
  batch 1750/3961 loss 1.6964
  batch 1800/3961 loss 1.7684
  batch 1850/3961 loss 1.5424
  batch 1900/3961 loss 1.5780
  batch 1950/3961 loss 1.7224
  batch 2000/3961 loss 1.6545
  batch 2050/3961 loss 1.5447
  batch 2100/3961 loss 1.7361
  batch 2150/3961 loss 1.6819
  batch 2200/3961 loss 1.6537
  batch 2250/3961 loss 1.6545
  batch 2300/3961 loss 1.6862
  batch 2350/3961 loss 1.7171
  batch 2400/3961 loss 1.8045
  batch 2450/3961 loss 1.7860
  batch 2500/3961 loss 1.5581
  batch 2550/3961 loss 1.6956
  batch 2600/3961 loss 1.7220
  batch 2650/3961 loss 1.5694
  batch 2700/3961 loss 1.7322
  batch 2750/3961 loss 1.5883
  batch 2800/3961 loss 1.7276
  batch 2850/3961 loss 1.8490
  batch 2900/3961 loss 1.7654
  batch 2950/3961 loss 1.7763
  batch 3000/3961 loss 1.7472
  batch 3050/3961 loss 1.5694
  batch 3100/3961 loss 1.6335
  batch 3150/3961 loss 1.5981
  batch 3200/3961 loss 1.6628
  batch 3250/3961 loss 1.6809
  batch 3300/3961 loss 1.6262
  batch 3350/3961 loss 1.8418
  batch 3400/3961 loss 1.6408
  batch 3450/3961 loss 1.4632
  batch 3500/3961 loss 1.4759
  batch 3550/3961 loss 1.5762
  batch 3600/3961 loss 1.6799
  batch 3650/3961 loss 1.6096
  batch 3700/3961 loss 1.5715
  batch 3750/3961 loss 1.5437
  batch 3800/3961 loss 1.6768
  batch 3850/3961 loss 1.5481
  batch 3900/3961 loss 1.5432
  batch 3950/3961 loss 1.5593
  batch 3961/3961 loss 1.7197
ep02/20  train 1.6887  val WAPE 0.2179  time 44.2s
  ✓ new best WAPE: 0.2179

Starting epoch 3/20...
  batch 50/3961 loss 1.6611
  batch 100/3961 loss 1.4568
  batch 150/3961 loss 1.8261
  batch 200/3961 loss 1.6003
  batch 250/3961 loss 1.6873
  batch 300/3961 loss 1.6620
  batch 350/3961 loss 1.6327
  batch 400/3961 loss 1.6375
  batch 450/3961 loss 1.7121
  batch 500/3961 loss 1.6254
  batch 550/3961 loss 1.6385
  batch 600/3961 loss 1.4887
  batch 650/3961 loss 1.5919
  batch 700/3961 loss 1.5532
  batch 750/3961 loss 1.6022
  batch 800/3961 loss 1.3992
  batch 850/3961 loss 1.6043
  batch 900/3961 loss 1.6942
  batch 950/3961 loss 1.7133
  batch 1000/3961 loss 1.5650
  batch 1050/3961 loss 1.5476
  batch 1100/3961 loss 1.7316
  batch 1150/3961 loss 1.6968
  batch 1200/3961 loss 1.6269
  batch 1250/3961 loss 1.7094
  batch 1300/3961 loss 1.5547
  batch 1350/3961 loss 1.5735
  batch 1400/3961 loss 1.5454
  batch 1450/3961 loss 1.5550
  batch 1500/3961 loss 1.5311
  batch 1550/3961 loss 1.6765
  batch 1600/3961 loss 1.6439
  batch 1650/3961 loss 1.5184
  batch 1700/3961 loss 1.6878
  batch 1750/3961 loss 1.5125
  batch 1800/3961 loss 1.6478
  batch 1850/3961 loss 1.7343
  batch 1900/3961 loss 1.6990
  batch 1950/3961 loss 1.5543
  batch 2000/3961 loss 1.7430
  batch 2050/3961 loss 1.5641
  batch 2100/3961 loss 1.4605
  batch 2150/3961 loss 1.5961
  batch 2200/3961 loss 1.4349
  batch 2250/3961 loss 1.5600
  batch 2300/3961 loss 1.5389
  batch 2350/3961 loss 1.5902
  batch 2400/3961 loss 1.5146
  batch 2450/3961 loss 1.6032
  batch 2500/3961 loss 1.7242
  batch 2550/3961 loss 1.6222
  batch 2600/3961 loss 1.5702
  batch 2650/3961 loss 1.5341
  batch 2700/3961 loss 1.7438
  batch 2750/3961 loss 1.6067
  batch 2800/3961 loss 1.7065
  batch 2850/3961 loss 1.5784
  batch 2900/3961 loss 1.5939
  batch 2950/3961 loss 1.4289
  batch 3000/3961 loss 1.5827
  batch 3050/3961 loss 1.5751
  batch 3100/3961 loss 1.7644
  batch 3150/3961 loss 1.6873
  batch 3200/3961 loss 1.5760
  batch 3250/3961 loss 1.6136
  batch 3300/3961 loss 1.5967
  batch 3350/3961 loss 1.7165
  batch 3400/3961 loss 1.6012
  batch 3450/3961 loss 1.5590
  batch 3500/3961 loss 1.4755
  batch 3550/3961 loss 1.4550
  batch 3600/3961 loss 1.4837
  batch 3650/3961 loss 1.7588
  batch 3700/3961 loss 1.6485
  batch 3750/3961 loss 1.7089
  batch 3800/3961 loss 1.6158
  batch 3850/3961 loss 1.6150
  batch 3900/3961 loss 1.5239
  batch 3950/3961 loss 1.5449
  batch 3961/3961 loss 1.6156
ep03/20  train 1.6016  val WAPE 0.2376  time 45.2s
  no improvement (1/4)

Starting epoch 4/20...
  batch 50/3961 loss 1.5875
  batch 100/3961 loss 1.5434
  batch 150/3961 loss 1.7275
  batch 200/3961 loss 1.5724
  batch 250/3961 loss 1.4194
  batch 300/3961 loss 1.6422
  batch 350/3961 loss 1.5693
  batch 400/3961 loss 1.5502
  batch 450/3961 loss 1.5682
  batch 500/3961 loss 1.5016
  batch 550/3961 loss 1.5917
  batch 600/3961 loss 1.6004
  batch 650/3961 loss 1.4968
  batch 700/3961 loss 1.5031
  batch 750/3961 loss 1.6722
  batch 800/3961 loss 1.6162
  batch 850/3961 loss 1.4684
  batch 900/3961 loss 1.5663
  batch 950/3961 loss 1.7468
  batch 1000/3961 loss 1.5514
  batch 1050/3961 loss 1.7213
  batch 1100/3961 loss 1.6135
  batch 1150/3961 loss 1.5088
  batch 1200/3961 loss 1.6044
  batch 1250/3961 loss 1.4601
  batch 1300/3961 loss 1.5626
  batch 1350/3961 loss 1.5425
  batch 1400/3961 loss 1.5726
  batch 1450/3961 loss 1.6956
  batch 1500/3961 loss 1.5907
  batch 1550/3961 loss 1.6780
  batch 1600/3961 loss 1.6189
  batch 1650/3961 loss 1.5431
  batch 1700/3961 loss 1.7132
  batch 1750/3961 loss 1.6848
  batch 1800/3961 loss 1.4744
  batch 1850/3961 loss 1.5905
  batch 1900/3961 loss 1.5277
  batch 1950/3961 loss 1.7346
  batch 2000/3961 loss 1.5422
  batch 2050/3961 loss 1.6472
  batch 2100/3961 loss 1.5417
  batch 2150/3961 loss 1.7032
  batch 2200/3961 loss 1.5582
  batch 2250/3961 loss 1.5911
  batch 2300/3961 loss 1.6348
  batch 2350/3961 loss 1.6691
  batch 2400/3961 loss 1.5636
  batch 2450/3961 loss 1.5411
  batch 2500/3961 loss 1.5135
  batch 2550/3961 loss 1.5855
  batch 2600/3961 loss 1.5153
  batch 2650/3961 loss 1.5146
  batch 2700/3961 loss 1.7004
  batch 2750/3961 loss 1.5059
  batch 2800/3961 loss 1.6056
  batch 2850/3961 loss 1.5677
  batch 2900/3961 loss 1.4840
  batch 2950/3961 loss 1.6250
  batch 3000/3961 loss 1.6228
  batch 3050/3961 loss 1.6399
  batch 3100/3961 loss 1.6757
  batch 3150/3961 loss 1.6760
  batch 3200/3961 loss 1.7465
  batch 3250/3961 loss 1.4758
  batch 3300/3961 loss 1.6206
  batch 3350/3961 loss 1.4485
  batch 3400/3961 loss 1.6275
  batch 3450/3961 loss 1.5061
  batch 3500/3961 loss 1.5752
  batch 3550/3961 loss 1.5839
  batch 3600/3961 loss 1.4556
  batch 3650/3961 loss 1.5875
  batch 3700/3961 loss 1.6137
  batch 3750/3961 loss 1.6519
  batch 3800/3961 loss 1.6242
  batch 3850/3961 loss 1.6488
  batch 3900/3961 loss 1.4965
  batch 3950/3961 loss 1.5312
  batch 3961/3961 loss 1.6435
ep04/20  train 1.5977  val WAPE 0.2193  time 45.1s
  no improvement (2/4)

Starting epoch 5/20...
  batch 50/3961 loss 1.4877
  batch 100/3961 loss 1.6441
  batch 150/3961 loss 1.5326
  batch 200/3961 loss 1.5699
  batch 250/3961 loss 1.5532
  batch 300/3961 loss 1.6541
  batch 350/3961 loss 1.6849
  batch 400/3961 loss 1.4814
  batch 450/3961 loss 1.5972
  batch 500/3961 loss 1.5901
  batch 550/3961 loss 1.6350
  batch 600/3961 loss 1.5844
  batch 650/3961 loss 1.6730
  batch 700/3961 loss 1.4957
  batch 750/3961 loss 1.5506
  batch 800/3961 loss 1.5893
  batch 850/3961 loss 1.5926
  batch 900/3961 loss 1.5924
  batch 950/3961 loss 1.5300
  batch 1000/3961 loss 1.6562
  batch 1050/3961 loss 1.6954
  batch 1100/3961 loss 1.5179
  batch 1150/3961 loss 1.5172
  batch 1200/3961 loss 1.5975
  batch 1250/3961 loss 1.5193
  batch 1300/3961 loss 1.6572
  batch 1350/3961 loss 1.5976
  batch 1400/3961 loss 1.5240
  batch 1450/3961 loss 1.5658
  batch 1500/3961 loss 1.5365
  batch 1550/3961 loss 1.6962
  batch 1600/3961 loss 1.6246
  batch 1650/3961 loss 1.5949
  batch 1700/3961 loss 1.5949
  batch 1750/3961 loss 1.5309
  batch 1800/3961 loss 1.5479
  batch 1850/3961 loss 1.5800
  batch 1900/3961 loss 1.4829
  batch 1950/3961 loss 1.6890
  batch 2000/3961 loss 1.5578
  batch 2050/3961 loss 1.5609
  batch 2100/3961 loss 1.4584
  batch 2150/3961 loss 1.4855
  batch 2200/3961 loss 1.7217
  batch 2250/3961 loss 1.6167
  batch 2300/3961 loss 1.6555
  batch 2350/3961 loss 1.6536
  batch 2400/3961 loss 1.5235
  batch 2450/3961 loss 1.7217
  batch 2500/3961 loss 1.4786
  batch 2550/3961 loss 1.5657
  batch 2600/3961 loss 1.5760
  batch 2650/3961 loss 1.7322
  batch 2700/3961 loss 1.6671
  batch 2750/3961 loss 1.5704
  batch 2800/3961 loss 1.5744
  batch 2850/3961 loss 1.6541
  batch 2900/3961 loss 1.6565
  batch 2950/3961 loss 1.5372
  batch 3000/3961 loss 1.5921
  batch 3050/3961 loss 1.7446
  batch 3100/3961 loss 1.6680
  batch 3150/3961 loss 1.5412
  batch 3200/3961 loss 1.6813
  batch 3250/3961 loss 1.6333
  batch 3300/3961 loss 1.6005
  batch 3350/3961 loss 1.6407
  batch 3400/3961 loss 1.6615
  batch 3450/3961 loss 1.4978
  batch 3500/3961 loss 1.7188
  batch 3550/3961 loss 1.6120
  batch 3600/3961 loss 1.5640
  batch 3650/3961 loss 1.6435
  batch 3700/3961 loss 1.5637
  batch 3750/3961 loss 1.5974
  batch 3800/3961 loss 1.6011
  batch 3850/3961 loss 1.6069
  batch 3900/3961 loss 1.6596
  batch 3950/3961 loss 1.4594
  batch 3961/3961 loss 1.6598
ep05/20  train 1.5989  val WAPE 0.2308  time 45.1s
  no improvement (3/4)

Starting epoch 6/20...
  batch 50/3961 loss 1.6827
  batch 100/3961 loss 1.4485
  batch 150/3961 loss 1.5715
  batch 200/3961 loss 1.4541
  batch 250/3961 loss 1.6155
  batch 300/3961 loss 1.5568
  batch 350/3961 loss 1.5962
  batch 400/3961 loss 1.5461
  batch 450/3961 loss 1.6198
  batch 500/3961 loss 1.6432
  batch 550/3961 loss 1.6405
  batch 600/3961 loss 1.4624
  batch 650/3961 loss 1.5303
  batch 700/3961 loss 1.4987
  batch 750/3961 loss 1.6268
  batch 800/3961 loss 1.6306
  batch 850/3961 loss 1.6646
  batch 900/3961 loss 1.6496
  batch 950/3961 loss 1.4617
  batch 1000/3961 loss 1.5268
  batch 1050/3961 loss 1.4720
  batch 1100/3961 loss 1.5365
  batch 1150/3961 loss 1.6011
  batch 1200/3961 loss 1.5964
  batch 1250/3961 loss 1.6523
  batch 1300/3961 loss 1.6269
  batch 1350/3961 loss 1.6059
  batch 1400/3961 loss 1.6719
  batch 1450/3961 loss 1.5878
  batch 1500/3961 loss 1.6367
  batch 1550/3961 loss 1.5655
  batch 1600/3961 loss 1.5138
  batch 1650/3961 loss 1.5757
  batch 1700/3961 loss 1.5883
  batch 1750/3961 loss 1.6378
  batch 1800/3961 loss 1.5156
  batch 1850/3961 loss 1.4839
  batch 1900/3961 loss 1.6115
  batch 1950/3961 loss 1.5434
  batch 2000/3961 loss 1.6641
  batch 2050/3961 loss 1.6740
  batch 2100/3961 loss 1.6635
  batch 2150/3961 loss 1.6182
  batch 2200/3961 loss 1.6207
  batch 2250/3961 loss 1.6619
  batch 2300/3961 loss 1.6130
  batch 2350/3961 loss 1.4964
  batch 2400/3961 loss 1.5740
  batch 2450/3961 loss 1.5758
  batch 2500/3961 loss 1.5653
  batch 2550/3961 loss 1.5711
  batch 2600/3961 loss 1.5643
  batch 2650/3961 loss 1.5939
  batch 2700/3961 loss 1.6302
  batch 2750/3961 loss 1.5435
  batch 2800/3961 loss 1.6622
  batch 2850/3961 loss 1.6381
  batch 2900/3961 loss 1.5342
  batch 2950/3961 loss 1.5558
  batch 3000/3961 loss 1.5750
  batch 3050/3961 loss 1.5827
  batch 3100/3961 loss 1.6293
  batch 3150/3961 loss 1.5706
  batch 3200/3961 loss 1.5650
  batch 3250/3961 loss 1.6511
  batch 3300/3961 loss 1.5201
  batch 3350/3961 loss 1.6417
  batch 3400/3961 loss 1.7487
  batch 3450/3961 loss 1.6743
  batch 3500/3961 loss 1.5687
  batch 3550/3961 loss 1.4977
  batch 3600/3961 loss 1.6162
  batch 3650/3961 loss 1.6553
  batch 3700/3961 loss 1.5702
  batch 3750/3961 loss 1.5325
  batch 3800/3961 loss 1.6349
  batch 3850/3961 loss 1.6100
  batch 3900/3961 loss 1.5738
  batch 3950/3961 loss 1.4252
  batch 3961/3961 loss 1.5894
ep06/20  train 1.5977  val WAPE 0.2219  time 45.2s
  no improvement (4/4)
early stop
linear params: 227809

Starting epoch 1/20...
  batch 50/3457 loss 4.0028
  batch 100/3457 loss 3.8926
  batch 150/3457 loss 3.5431
  batch 200/3457 loss 3.4547
  batch 250/3457 loss 3.3419
  batch 300/3457 loss 3.1281
  batch 350/3457 loss 3.2600
  batch 400/3457 loss 3.1384
  batch 450/3457 loss 2.9815
  batch 500/3457 loss 2.8710
  batch 550/3457 loss 3.1448
  batch 600/3457 loss 3.1783
  batch 650/3457 loss 2.9307
  batch 700/3457 loss 2.9578
  batch 750/3457 loss 2.7409
  batch 800/3457 loss 2.8770
  batch 850/3457 loss 2.7556
  batch 900/3457 loss 2.6419
  batch 950/3457 loss 2.7284
  batch 1000/3457 loss 2.4534
  batch 1050/3457 loss 2.4903
  batch 1100/3457 loss 2.4347
  batch 1150/3457 loss 2.6518
  batch 1200/3457 loss 2.5695
  batch 1250/3457 loss 2.4589
  batch 1300/3457 loss 2.4459
  batch 1350/3457 loss 2.4702
  batch 1400/3457 loss 2.3688
  batch 1450/3457 loss 2.3044
  batch 1500/3457 loss 2.5639
  batch 1550/3457 loss 2.3671
  batch 1600/3457 loss 2.4055
  batch 1650/3457 loss 2.2997
  batch 1700/3457 loss 2.2496
  batch 1750/3457 loss 2.3060
  batch 1800/3457 loss 2.2269
  batch 1850/3457 loss 2.1759
  batch 1900/3457 loss 2.1737
  batch 1950/3457 loss 2.0679
  batch 2000/3457 loss 2.2517
  batch 2050/3457 loss 2.1418
  batch 2100/3457 loss 2.1520
  batch 2150/3457 loss 2.2624
  batch 2200/3457 loss 2.0771
  batch 2250/3457 loss 2.2132
  batch 2300/3457 loss 2.1063
  batch 2350/3457 loss 2.0859
  batch 2400/3457 loss 2.2360
  batch 2450/3457 loss 1.8179
  batch 2500/3457 loss 2.1475
  batch 2550/3457 loss 2.0992
  batch 2600/3457 loss 2.0988
  batch 2650/3457 loss 2.0857
  batch 2700/3457 loss 2.1427
  batch 2750/3457 loss 2.0488
  batch 2800/3457 loss 2.1141
  batch 2850/3457 loss 1.9832
  batch 2900/3457 loss 1.9522
  batch 2950/3457 loss 2.1078
  batch 3000/3457 loss 1.7778
  batch 3050/3457 loss 1.7868
  batch 3100/3457 loss 1.7553
  batch 3150/3457 loss 1.7958
  batch 3200/3457 loss 1.9921
  batch 3250/3457 loss 1.8634
  batch 3300/3457 loss 1.8241
  batch 3350/3457 loss 1.9870
  batch 3400/3457 loss 1.8679
  batch 3450/3457 loss 1.9647
  batch 3457/3457 loss 1.8797
ep01/20  train 2.4386  val WAPE 0.2118  time 37.2s
  ✓ new best WAPE: 0.2118

Starting epoch 2/20...
  batch 50/3457 loss 1.6392
  batch 100/3457 loss 1.8472
  batch 150/3457 loss 1.9424
  batch 200/3457 loss 1.9215
  batch 250/3457 loss 1.9817
  batch 300/3457 loss 1.8894
  batch 350/3457 loss 2.0846
  batch 400/3457 loss 1.7407
  batch 450/3457 loss 1.7834
  batch 500/3457 loss 1.9852
  batch 550/3457 loss 1.7441
  batch 600/3457 loss 1.7708
  batch 650/3457 loss 1.6818
  batch 700/3457 loss 1.7849
  batch 750/3457 loss 1.7090
  batch 800/3457 loss 1.8755
  batch 850/3457 loss 1.7394
  batch 900/3457 loss 1.7570
  batch 950/3457 loss 1.7767
  batch 1000/3457 loss 1.9656
  batch 1050/3457 loss 1.7681
  batch 1100/3457 loss 1.7025
  batch 1150/3457 loss 1.7987
  batch 1200/3457 loss 1.8049
  batch 1250/3457 loss 1.6453
  batch 1300/3457 loss 1.6116
  batch 1350/3457 loss 1.8981
  batch 1400/3457 loss 1.7727
  batch 1450/3457 loss 1.7545
  batch 1500/3457 loss 1.6537
  batch 1550/3457 loss 1.7250
  batch 1600/3457 loss 1.6345
  batch 1650/3457 loss 1.7066
  batch 1700/3457 loss 1.6458
  batch 1750/3457 loss 1.6871
  batch 1800/3457 loss 1.6675
  batch 1850/3457 loss 1.7248
  batch 1900/3457 loss 1.7781
  batch 1950/3457 loss 1.8412
  batch 2000/3457 loss 1.6185
  batch 2050/3457 loss 1.7032
  batch 2100/3457 loss 1.6096
  batch 2150/3457 loss 1.6954
  batch 2200/3457 loss 1.6299
  batch 2250/3457 loss 1.6483
  batch 2300/3457 loss 1.5646
  batch 2350/3457 loss 1.6569
  batch 2400/3457 loss 1.6936
  batch 2450/3457 loss 1.7500
  batch 2500/3457 loss 1.5521
  batch 2550/3457 loss 1.6006
  batch 2600/3457 loss 1.7429
  batch 2650/3457 loss 1.5635
  batch 2700/3457 loss 1.5334
  batch 2750/3457 loss 1.6637
  batch 2800/3457 loss 1.7399
  batch 2850/3457 loss 1.6028
  batch 2900/3457 loss 1.5832
  batch 2950/3457 loss 1.5849
  batch 3000/3457 loss 1.6173
  batch 3050/3457 loss 1.7429
  batch 3100/3457 loss 1.6579
  batch 3150/3457 loss 1.5732
  batch 3200/3457 loss 1.4810
  batch 3250/3457 loss 1.7390
  batch 3300/3457 loss 1.8218
  batch 3350/3457 loss 1.6029
  batch 3400/3457 loss 1.7017
  batch 3450/3457 loss 1.6732
  batch 3457/3457 loss 1.6569
ep02/20  train 1.7113  val WAPE 0.1909  time 39.4s
  ✓ new best WAPE: 0.1909

Starting epoch 3/20...
  batch 50/3457 loss 1.6440
  batch 100/3457 loss 1.5899
  batch 150/3457 loss 1.5670
  batch 200/3457 loss 1.5912
  batch 250/3457 loss 1.6879
  batch 300/3457 loss 1.4549
  batch 350/3457 loss 1.7421
  batch 400/3457 loss 1.4578
  batch 450/3457 loss 1.5019
  batch 500/3457 loss 1.6590
  batch 550/3457 loss 1.5316
  batch 600/3457 loss 1.5273
  batch 650/3457 loss 1.5728
  batch 700/3457 loss 1.5763
  batch 750/3457 loss 1.5864
  batch 800/3457 loss 1.6112
  batch 850/3457 loss 1.5910
  batch 900/3457 loss 1.5568
  batch 950/3457 loss 1.5393
  batch 1000/3457 loss 1.5546
  batch 1050/3457 loss 1.5294
  batch 1100/3457 loss 1.7818
  batch 1150/3457 loss 1.6529
  batch 1200/3457 loss 1.7165
  batch 1250/3457 loss 1.7456
  batch 1300/3457 loss 1.5610
  batch 1350/3457 loss 1.5196
  batch 1400/3457 loss 1.6018
  batch 1450/3457 loss 1.6163
  batch 1500/3457 loss 1.6634
  batch 1550/3457 loss 1.6749
  batch 1600/3457 loss 1.3766
  batch 1650/3457 loss 1.6639
  batch 1700/3457 loss 1.5884
  batch 1750/3457 loss 1.6953
  batch 1800/3457 loss 1.6203
  batch 1850/3457 loss 1.6553
  batch 1900/3457 loss 1.6995
  batch 1950/3457 loss 1.7475
  batch 2000/3457 loss 1.5940
  batch 2050/3457 loss 1.5369
  batch 2100/3457 loss 1.5321
  batch 2150/3457 loss 1.5516
  batch 2200/3457 loss 1.5457
  batch 2250/3457 loss 1.5811
  batch 2300/3457 loss 1.6635
  batch 2350/3457 loss 1.5953
  batch 2400/3457 loss 1.6123
  batch 2450/3457 loss 1.6293
  batch 2500/3457 loss 1.6165
  batch 2550/3457 loss 1.6252
  batch 2600/3457 loss 1.6754
  batch 2650/3457 loss 1.6979
  batch 2700/3457 loss 1.6896
  batch 2750/3457 loss 1.5387
  batch 2800/3457 loss 1.6912
  batch 2850/3457 loss 1.6211
  batch 2900/3457 loss 1.5865
  batch 2950/3457 loss 1.5342
  batch 3000/3457 loss 1.5822
  batch 3050/3457 loss 1.7000
  batch 3100/3457 loss 1.5498
  batch 3150/3457 loss 1.5234
  batch 3200/3457 loss 1.6779
  batch 3250/3457 loss 1.5955
  batch 3300/3457 loss 1.6147
  batch 3350/3457 loss 1.5609
  batch 3400/3457 loss 1.5684
  batch 3450/3457 loss 1.5110
  batch 3457/3457 loss 1.5982
ep03/20  train 1.6029  val WAPE 0.1898  time 31.3s
  ✓ new best WAPE: 0.1898

Starting epoch 4/20...
  batch 50/3457 loss 1.6795
  batch 100/3457 loss 1.5786
  batch 150/3457 loss 1.6602
  batch 200/3457 loss 1.5854
  batch 250/3457 loss 1.6310
  batch 300/3457 loss 1.5567
  batch 350/3457 loss 1.6746
  batch 400/3457 loss 1.5183
  batch 450/3457 loss 1.5793
  batch 500/3457 loss 1.6174
  batch 550/3457 loss 1.4890
  batch 600/3457 loss 1.4800
  batch 650/3457 loss 1.4840
  batch 700/3457 loss 1.4402
  batch 750/3457 loss 1.6385
  batch 800/3457 loss 1.6021
  batch 850/3457 loss 1.4596
  batch 900/3457 loss 1.6626
  batch 950/3457 loss 1.7349
  batch 1000/3457 loss 1.6813
  batch 1050/3457 loss 1.5582
  batch 1100/3457 loss 1.7281
  batch 1150/3457 loss 1.6217
  batch 1200/3457 loss 1.5172
  batch 1250/3457 loss 1.4546
  batch 1300/3457 loss 1.6163
  batch 1350/3457 loss 1.5271
  batch 1400/3457 loss 1.5525
  batch 1450/3457 loss 1.6353
  batch 1500/3457 loss 1.5702
  batch 1550/3457 loss 1.5380
  batch 1600/3457 loss 1.6002
  batch 1650/3457 loss 1.7376
  batch 1700/3457 loss 1.6406
  batch 1750/3457 loss 1.4457
  batch 1800/3457 loss 1.5353
  batch 1850/3457 loss 1.5438
  batch 1900/3457 loss 1.5520
  batch 1950/3457 loss 1.6982
  batch 2000/3457 loss 1.5938
  batch 2050/3457 loss 1.7293
  batch 2100/3457 loss 1.5799
  batch 2150/3457 loss 1.5162
  batch 2200/3457 loss 1.6664
  batch 2250/3457 loss 1.6436
  batch 2300/3457 loss 1.6803
  batch 2350/3457 loss 1.5001
  batch 2400/3457 loss 1.6554
  batch 2450/3457 loss 1.6298
  batch 2500/3457 loss 1.5774
  batch 2550/3457 loss 1.6389
  batch 2600/3457 loss 1.4944
  batch 2650/3457 loss 1.7008
  batch 2700/3457 loss 1.5751
  batch 2750/3457 loss 1.6818
  batch 2800/3457 loss 1.4914
  batch 2850/3457 loss 1.5653
  batch 2900/3457 loss 1.7884
  batch 2950/3457 loss 1.6629
  batch 3000/3457 loss 1.6887
  batch 3050/3457 loss 1.5201
  batch 3100/3457 loss 1.5434
  batch 3150/3457 loss 1.6627
  batch 3200/3457 loss 1.5849
  batch 3250/3457 loss 1.5804
  batch 3300/3457 loss 1.5787
  batch 3350/3457 loss 1.7296
  batch 3400/3457 loss 1.6121
  batch 3450/3457 loss 1.5575
  batch 3457/3457 loss 1.6859
ep04/20  train 1.5959  val WAPE 0.1860  time 38.7s
  ✓ new best WAPE: 0.1860

Starting epoch 5/20...
  batch 50/3457 loss 1.6444
  batch 100/3457 loss 1.6328
  batch 150/3457 loss 1.6470
  batch 200/3457 loss 1.6730
  batch 250/3457 loss 1.5880
  batch 300/3457 loss 1.7941
  batch 350/3457 loss 1.5653
  batch 400/3457 loss 1.5971
  batch 450/3457 loss 1.5659
  batch 500/3457 loss 1.5810
  batch 550/3457 loss 1.6164
  batch 600/3457 loss 1.5771
  batch 650/3457 loss 1.4922
  batch 700/3457 loss 1.5858
  batch 750/3457 loss 1.6572
  batch 800/3457 loss 1.6426
  batch 850/3457 loss 1.6128
  batch 900/3457 loss 1.7258
  batch 950/3457 loss 1.4215
  batch 1000/3457 loss 1.7330
  batch 1050/3457 loss 1.5705
  batch 1100/3457 loss 1.7361
  batch 1150/3457 loss 1.7426
  batch 1200/3457 loss 1.5526
  batch 1250/3457 loss 1.6904
  batch 1300/3457 loss 1.7388
  batch 1350/3457 loss 1.6628
  batch 1400/3457 loss 1.6369
  batch 1450/3457 loss 1.7190
  batch 1500/3457 loss 1.5724
  batch 1550/3457 loss 1.5172
  batch 1600/3457 loss 1.5469
  batch 1650/3457 loss 1.7169
  batch 1700/3457 loss 1.6500
  batch 1750/3457 loss 1.5357
  batch 1800/3457 loss 1.5758
  batch 1850/3457 loss 1.5739
  batch 1900/3457 loss 1.5514
  batch 1950/3457 loss 1.4534
  batch 2000/3457 loss 1.6135
  batch 2050/3457 loss 1.5121
  batch 2100/3457 loss 1.5036
  batch 2150/3457 loss 1.4283
  batch 2200/3457 loss 1.6160
  batch 2250/3457 loss 1.6755
  batch 2300/3457 loss 1.6034
  batch 2350/3457 loss 1.5435
  batch 2400/3457 loss 1.6810
  batch 2450/3457 loss 1.6781
  batch 2500/3457 loss 1.7386
  batch 2550/3457 loss 1.4575
  batch 2600/3457 loss 1.5589
  batch 2650/3457 loss 1.5759
  batch 2700/3457 loss 1.5922
  batch 2750/3457 loss 1.8056
  batch 2800/3457 loss 1.6106
  batch 2850/3457 loss 1.5893
  batch 2900/3457 loss 1.8097
  batch 2950/3457 loss 1.4348
  batch 3000/3457 loss 1.4534
  batch 3050/3457 loss 1.5750
  batch 3100/3457 loss 1.5630
  batch 3150/3457 loss 1.5548
  batch 3200/3457 loss 1.6411
  batch 3250/3457 loss 1.7152
  batch 3300/3457 loss 1.6504
  batch 3350/3457 loss 1.4729
  batch 3400/3457 loss 1.5976
  batch 3450/3457 loss 1.7862
  batch 3457/3457 loss 1.6732
ep05/20  train 1.5971  val WAPE 0.1877  time 30.5s
  no improvement (1/4)

Starting epoch 6/20...
  batch 50/3457 loss 1.4930
  batch 100/3457 loss 1.6523
  batch 150/3457 loss 1.6524
  batch 200/3457 loss 1.5804
  batch 250/3457 loss 1.6487
  batch 300/3457 loss 1.5512
  batch 350/3457 loss 1.6622
  batch 400/3457 loss 1.5089
  batch 450/3457 loss 1.6682
  batch 500/3457 loss 1.6172
  batch 550/3457 loss 1.4894
  batch 600/3457 loss 1.6522
  batch 650/3457 loss 1.6879
  batch 700/3457 loss 1.6490
  batch 750/3457 loss 1.6150
  batch 800/3457 loss 1.6459
  batch 850/3457 loss 1.6069
  batch 900/3457 loss 1.7015
  batch 950/3457 loss 1.6225
  batch 1000/3457 loss 1.6655
  batch 1050/3457 loss 1.5742
  batch 1100/3457 loss 1.6530
  batch 1150/3457 loss 1.5437
  batch 1200/3457 loss 1.6149
  batch 1250/3457 loss 1.4942
  batch 1300/3457 loss 1.6829
  batch 1350/3457 loss 1.6545
  batch 1400/3457 loss 1.6142
  batch 1450/3457 loss 1.7299
  batch 1500/3457 loss 1.5923
  batch 1550/3457 loss 1.4786
  batch 1600/3457 loss 1.6494
  batch 1650/3457 loss 1.6872
  batch 1700/3457 loss 1.6208
  batch 1750/3457 loss 1.4544
  batch 1800/3457 loss 1.6970
  batch 1850/3457 loss 1.5752
  batch 1900/3457 loss 1.6698
  batch 1950/3457 loss 1.6470
  batch 2000/3457 loss 1.6188
  batch 2050/3457 loss 1.6525
  batch 2100/3457 loss 1.5327
  batch 2150/3457 loss 1.5398
  batch 2200/3457 loss 1.5463
  batch 2250/3457 loss 1.6767
  batch 2300/3457 loss 1.6662
  batch 2350/3457 loss 1.5999
  batch 2400/3457 loss 1.5724
  batch 2450/3457 loss 1.5823
  batch 2500/3457 loss 1.5323
  batch 2550/3457 loss 1.6388
  batch 2600/3457 loss 1.5111
  batch 2650/3457 loss 1.8124
  batch 2700/3457 loss 1.5489
  batch 2750/3457 loss 1.7093
  batch 2800/3457 loss 1.6959
  batch 2850/3457 loss 1.5460
  batch 2900/3457 loss 1.7655
  batch 2950/3457 loss 1.3945
  batch 3000/3457 loss 1.5611
  batch 3050/3457 loss 1.5731
  batch 3100/3457 loss 1.4895
  batch 3150/3457 loss 1.7947
  batch 3200/3457 loss 1.5668
  batch 3250/3457 loss 1.5892
  batch 3300/3457 loss 1.5042
  batch 3350/3457 loss 1.6185
  batch 3400/3457 loss 1.5226
  batch 3450/3457 loss 1.5289
  batch 3457/3457 loss 1.6014
ep06/20  train 1.5951  val WAPE 0.1859  time 37.8s
  no improvement (2/4)

Starting epoch 7/20...
  batch 50/3457 loss 1.4711
  batch 100/3457 loss 1.6718
  batch 150/3457 loss 1.6883
  batch 200/3457 loss 1.6717
  batch 250/3457 loss 1.6533
  batch 300/3457 loss 1.5984
  batch 350/3457 loss 1.5286
  batch 400/3457 loss 1.6830
  batch 450/3457 loss 1.5700
  batch 500/3457 loss 1.6059
  batch 550/3457 loss 1.5924
  batch 600/3457 loss 1.5477
  batch 650/3457 loss 1.3665
  batch 700/3457 loss 1.4958
  batch 750/3457 loss 1.6020
  batch 800/3457 loss 1.6313
  batch 850/3457 loss 1.4957
  batch 900/3457 loss 1.4175
  batch 950/3457 loss 1.6190
  batch 1000/3457 loss 1.7226
  batch 1050/3457 loss 1.5725
  batch 1100/3457 loss 1.6559
  batch 1150/3457 loss 1.7336
  batch 1200/3457 loss 1.6062
  batch 1250/3457 loss 1.6571
  batch 1300/3457 loss 1.7051
  batch 1350/3457 loss 1.7357
  batch 1400/3457 loss 1.5753
  batch 1450/3457 loss 1.5966
  batch 1500/3457 loss 1.5714
  batch 1550/3457 loss 1.4787
  batch 1600/3457 loss 1.5590
  batch 1650/3457 loss 1.4991
  batch 1700/3457 loss 1.5817
  batch 1750/3457 loss 1.6529
  batch 1800/3457 loss 1.5736
  batch 1850/3457 loss 1.4541
  batch 1900/3457 loss 1.6716
  batch 1950/3457 loss 1.6345
  batch 2000/3457 loss 1.5440
  batch 2050/3457 loss 1.6179
  batch 2100/3457 loss 1.6564
  batch 2150/3457 loss 1.6501
  batch 2200/3457 loss 1.6052
  batch 2250/3457 loss 1.7469
  batch 2300/3457 loss 1.7018
  batch 2350/3457 loss 1.6508
  batch 2400/3457 loss 1.5135
  batch 2450/3457 loss 1.4744
  batch 2500/3457 loss 1.6056
  batch 2550/3457 loss 1.5711
  batch 2600/3457 loss 1.6650
  batch 2650/3457 loss 1.6519
  batch 2700/3457 loss 1.6968
  batch 2750/3457 loss 1.6420
  batch 2800/3457 loss 1.5674
  batch 2850/3457 loss 1.5973
  batch 2900/3457 loss 1.6059
  batch 2950/3457 loss 1.6233
  batch 3000/3457 loss 1.4868
  batch 3050/3457 loss 1.6383
  batch 3100/3457 loss 1.4070
  batch 3150/3457 loss 1.4929
  batch 3200/3457 loss 1.6262
  batch 3250/3457 loss 1.8678
  batch 3300/3457 loss 1.4751
  batch 3350/3457 loss 1.4782
  batch 3400/3457 loss 1.4825
  batch 3450/3457 loss 1.5629
  batch 3457/3457 loss 1.5975
ep07/20  train 1.5901  val WAPE 0.1855  time 38.1s
  ✓ new best WAPE: 0.1855

Starting epoch 8/20...
  batch 50/3457 loss 1.4240
  batch 100/3457 loss 1.6544
  batch 150/3457 loss 1.5624
  batch 200/3457 loss 1.6192
  batch 250/3457 loss 1.5033
  batch 300/3457 loss 1.4340
  batch 350/3457 loss 1.5988
  batch 400/3457 loss 1.5813
  batch 450/3457 loss 1.6277
  batch 500/3457 loss 1.7179
  batch 550/3457 loss 1.5983
  batch 600/3457 loss 1.6547
  batch 650/3457 loss 1.7570
  batch 700/3457 loss 1.5259
  batch 750/3457 loss 1.6072
  batch 800/3457 loss 1.5914
  batch 850/3457 loss 1.6396
  batch 900/3457 loss 1.5317
  batch 950/3457 loss 1.4886
  batch 1000/3457 loss 1.6631
  batch 1050/3457 loss 1.3907
  batch 1100/3457 loss 1.6792
  batch 1150/3457 loss 1.7291
  batch 1200/3457 loss 1.6425
  batch 1250/3457 loss 1.5685
  batch 1300/3457 loss 1.5197
  batch 1350/3457 loss 1.7002
  batch 1400/3457 loss 1.6975
  batch 1450/3457 loss 1.4592
  batch 1500/3457 loss 1.6898
  batch 1550/3457 loss 1.5901
  batch 1600/3457 loss 1.5664
  batch 1650/3457 loss 1.6196
  batch 1700/3457 loss 1.6928
  batch 1750/3457 loss 1.5407
  batch 1800/3457 loss 1.5683
  batch 1850/3457 loss 1.5442
  batch 1900/3457 loss 1.4598
  batch 1950/3457 loss 1.4722
  batch 2000/3457 loss 1.5588
  batch 2050/3457 loss 1.5280
  batch 2100/3457 loss 1.4011
  batch 2150/3457 loss 1.6829
  batch 2200/3457 loss 1.5803
  batch 2250/3457 loss 1.4854
  batch 2300/3457 loss 1.6301
  batch 2350/3457 loss 1.7516
  batch 2400/3457 loss 1.5687
  batch 2450/3457 loss 1.5681
  batch 2500/3457 loss 1.5224
  batch 2550/3457 loss 1.5841
  batch 2600/3457 loss 1.5646
  batch 2650/3457 loss 1.5031
  batch 2700/3457 loss 1.5870
  batch 2750/3457 loss 1.4389
  batch 2800/3457 loss 1.4681
  batch 2850/3457 loss 1.5534
  batch 2900/3457 loss 1.5898
  batch 2950/3457 loss 1.5576
  batch 3000/3457 loss 1.4660
  batch 3050/3457 loss 1.3873
  batch 3100/3457 loss 1.7704
  batch 3150/3457 loss 1.5776
  batch 3200/3457 loss 1.4092
  batch 3250/3457 loss 1.5137
  batch 3300/3457 loss 1.6163
  batch 3350/3457 loss 1.5552
  batch 3400/3457 loss 1.6616
  batch 3450/3457 loss 1.5923
  batch 3457/3457 loss 1.4987
ep08/20  train 1.5839  val WAPE 0.1886  time 38.0s
  no improvement (1/4)

Starting epoch 9/20...
  batch 50/3457 loss 1.4480
  batch 100/3457 loss 1.5030
  batch 150/3457 loss 1.5564
  batch 200/3457 loss 1.5831
  batch 250/3457 loss 1.6012
  batch 300/3457 loss 1.7028
  batch 350/3457 loss 1.6054
  batch 400/3457 loss 1.4850
  batch 450/3457 loss 1.5100
  batch 500/3457 loss 1.6567
  batch 550/3457 loss 1.6033
  batch 600/3457 loss 1.6305
  batch 650/3457 loss 1.7161
  batch 700/3457 loss 1.6417
  batch 750/3457 loss 1.5725
  batch 800/3457 loss 1.5474
  batch 850/3457 loss 1.6172
  batch 900/3457 loss 1.6403
  batch 950/3457 loss 1.6259
  batch 1000/3457 loss 1.4086
  batch 1050/3457 loss 1.4853
  batch 1100/3457 loss 1.5194
  batch 1150/3457 loss 1.5045
  batch 1200/3457 loss 1.4813
  batch 1250/3457 loss 1.5319
  batch 1300/3457 loss 1.4174
  batch 1350/3457 loss 1.5273
  batch 1400/3457 loss 1.5587
  batch 1450/3457 loss 1.5531
  batch 1500/3457 loss 1.7910
  batch 1550/3457 loss 1.5132
  batch 1600/3457 loss 1.5248
  batch 1650/3457 loss 1.6007
  batch 1700/3457 loss 1.5406
  batch 1750/3457 loss 1.4892
  batch 1800/3457 loss 1.7038
  batch 1850/3457 loss 1.5487
  batch 1900/3457 loss 1.5906
  batch 1950/3457 loss 1.4984
  batch 2000/3457 loss 1.5055
  batch 2050/3457 loss 1.4475
  batch 2100/3457 loss 1.5740
  batch 2150/3457 loss 1.5702
  batch 2200/3457 loss 1.5654
  batch 2250/3457 loss 1.6246
  batch 2300/3457 loss 1.5750
  batch 2350/3457 loss 1.5415
  batch 2400/3457 loss 1.5056
  batch 2450/3457 loss 1.7451
  batch 2500/3457 loss 1.7096
  batch 2550/3457 loss 1.5617
  batch 2600/3457 loss 1.4812
  batch 2650/3457 loss 1.4741
  batch 2700/3457 loss 1.5830
  batch 2750/3457 loss 1.5204
  batch 2800/3457 loss 1.6074
  batch 2850/3457 loss 1.5847
  batch 2900/3457 loss 1.6132
  batch 2950/3457 loss 1.6243
  batch 3000/3457 loss 1.5828
  batch 3050/3457 loss 1.7933
  batch 3100/3457 loss 1.5939
  batch 3150/3457 loss 1.5714
  batch 3200/3457 loss 1.5427
  batch 3250/3457 loss 1.4043
  batch 3300/3457 loss 1.5960
  batch 3350/3457 loss 1.6212
  batch 3400/3457 loss 1.5550
  batch 3450/3457 loss 1.6684
  batch 3457/3457 loss 1.6107
ep09/20  train 1.5786  val WAPE 0.1851  time 38.4s
  ✓ new best WAPE: 0.1851

Starting epoch 10/20...
  batch 50/3457 loss 1.4589
  batch 100/3457 loss 1.5065
  batch 150/3457 loss 1.4215
  batch 200/3457 loss 1.5189
  batch 250/3457 loss 1.5570
  batch 300/3457 loss 1.5907
  batch 350/3457 loss 1.6304
  batch 400/3457 loss 1.4709
  batch 450/3457 loss 1.4815
  batch 500/3457 loss 1.5137
  batch 550/3457 loss 1.5026
  batch 600/3457 loss 1.5815
  batch 650/3457 loss 1.5564
  batch 700/3457 loss 1.7454
  batch 750/3457 loss 1.6373
  batch 800/3457 loss 1.7093
  batch 850/3457 loss 1.5897
  batch 900/3457 loss 1.6114
  batch 950/3457 loss 1.5647
  batch 1000/3457 loss 1.5769
  batch 1050/3457 loss 1.5179
  batch 1100/3457 loss 1.6266
  batch 1150/3457 loss 1.5469
  batch 1200/3457 loss 1.6814
  batch 1250/3457 loss 1.7482
  batch 1300/3457 loss 1.6699
  batch 1350/3457 loss 1.6482
  batch 1400/3457 loss 1.7214
  batch 1450/3457 loss 1.6984
  batch 1500/3457 loss 1.5186
  batch 1550/3457 loss 1.6504
  batch 1600/3457 loss 1.5159
  batch 1650/3457 loss 1.6699
  batch 1700/3457 loss 1.5098
  batch 1750/3457 loss 1.5074
  batch 1800/3457 loss 1.5506
  batch 1850/3457 loss 1.6655
  batch 1900/3457 loss 1.6480
  batch 1950/3457 loss 1.5223
  batch 2000/3457 loss 1.5636
  batch 2050/3457 loss 1.6128
  batch 2100/3457 loss 1.4582
  batch 2150/3457 loss 1.5849
  batch 2200/3457 loss 1.5629
  batch 2250/3457 loss 1.5342
  batch 2300/3457 loss 1.6021
  batch 2350/3457 loss 1.5988
  batch 2400/3457 loss 1.4935
  batch 2450/3457 loss 1.5395
  batch 2500/3457 loss 1.4940
  batch 2550/3457 loss 1.6520
  batch 2600/3457 loss 1.5905
  batch 2650/3457 loss 1.6174
  batch 2700/3457 loss 1.5881
  batch 2750/3457 loss 1.6224
  batch 2800/3457 loss 1.6245
  batch 2850/3457 loss 1.6627
  batch 2900/3457 loss 1.5012
  batch 2950/3457 loss 1.5146
  batch 3000/3457 loss 1.6091
  batch 3050/3457 loss 1.6426
  batch 3100/3457 loss 1.4094
  batch 3150/3457 loss 1.5558
  batch 3200/3457 loss 1.6462
  batch 3250/3457 loss 1.6251
  batch 3300/3457 loss 1.6783
  batch 3350/3457 loss 1.5664
  batch 3400/3457 loss 1.6771
  batch 3450/3457 loss 1.6691
  batch 3457/3457 loss 1.5027
ep10/20  train 1.5725  val WAPE 0.1845  time 37.4s
  ✓ new best WAPE: 0.1845

Starting epoch 11/20...
  batch 50/3457 loss 1.5459
  batch 100/3457 loss 1.6052
  batch 150/3457 loss 1.7182
  batch 200/3457 loss 1.7786
  batch 250/3457 loss 1.5500
  batch 300/3457 loss 1.5989
  batch 350/3457 loss 1.6602
  batch 400/3457 loss 1.4278
  batch 450/3457 loss 1.5996
  batch 500/3457 loss 1.6248
  batch 550/3457 loss 1.6027
  batch 600/3457 loss 1.5521
  batch 650/3457 loss 1.6588
  batch 700/3457 loss 1.4741
  batch 750/3457 loss 1.6529
  batch 800/3457 loss 1.5104
  batch 850/3457 loss 1.5970
  batch 900/3457 loss 1.6782
  batch 950/3457 loss 1.5164
  batch 1000/3457 loss 1.6539
  batch 1050/3457 loss 1.6959
  batch 1100/3457 loss 1.4773
  batch 1150/3457 loss 1.6435
  batch 1200/3457 loss 1.4302
  batch 1250/3457 loss 1.4418
  batch 1300/3457 loss 1.5716
  batch 1350/3457 loss 1.6089
  batch 1400/3457 loss 1.5980
  batch 1450/3457 loss 1.3721
  batch 1500/3457 loss 1.6185
  batch 1550/3457 loss 1.5085
  batch 1600/3457 loss 1.6087
  batch 1650/3457 loss 1.6391
  batch 1700/3457 loss 1.6949
  batch 1750/3457 loss 1.5067
  batch 1800/3457 loss 1.5335
  batch 1850/3457 loss 1.6459
  batch 1900/3457 loss 1.6375
  batch 1950/3457 loss 1.5479
  batch 2000/3457 loss 1.5370
  batch 2050/3457 loss 1.5145
  batch 2100/3457 loss 1.6050
  batch 2150/3457 loss 1.5297
  batch 2200/3457 loss 1.5138
  batch 2250/3457 loss 1.5933
  batch 2300/3457 loss 1.4663
  batch 2350/3457 loss 1.5159
  batch 2400/3457 loss 1.4749
  batch 2450/3457 loss 1.5594
  batch 2500/3457 loss 1.6164
  batch 2550/3457 loss 1.5953
  batch 2600/3457 loss 1.5695
  batch 2650/3457 loss 1.5154
  batch 2700/3457 loss 1.5928
  batch 2750/3457 loss 1.5489
  batch 2800/3457 loss 1.6682
  batch 2850/3457 loss 1.5817
  batch 2900/3457 loss 1.5363
  batch 2950/3457 loss 1.5890
  batch 3000/3457 loss 1.4524
  batch 3050/3457 loss 1.5817
  batch 3100/3457 loss 1.4983
  batch 3150/3457 loss 1.4616
  batch 3200/3457 loss 1.6012
  batch 3250/3457 loss 1.6141
  batch 3300/3457 loss 1.4409
  batch 3350/3457 loss 1.6291
  batch 3400/3457 loss 1.6039
  batch 3450/3457 loss 1.6367
  batch 3457/3457 loss 1.4120
ep11/20  train 1.5655  val WAPE 0.1864  time 37.5s
  no improvement (1/4)

Starting epoch 12/20...
  batch 50/3457 loss 1.6279
  batch 100/3457 loss 1.4804
  batch 150/3457 loss 1.4717
  batch 200/3457 loss 1.6259
  batch 250/3457 loss 1.4893
  batch 300/3457 loss 1.3869
  batch 350/3457 loss 1.5640
  batch 400/3457 loss 1.4958
  batch 450/3457 loss 1.4841
  batch 500/3457 loss 1.5746
  batch 550/3457 loss 1.4453
  batch 600/3457 loss 1.6090
  batch 650/3457 loss 1.6810
  batch 700/3457 loss 1.6111
  batch 750/3457 loss 1.5002
  batch 800/3457 loss 1.4817
  batch 850/3457 loss 1.6012
  batch 900/3457 loss 1.4006
  batch 950/3457 loss 1.5314
  batch 1000/3457 loss 1.6048
  batch 1050/3457 loss 1.6047
  batch 1100/3457 loss 1.5789
  batch 1150/3457 loss 1.5537
  batch 1200/3457 loss 1.6647
  batch 1250/3457 loss 1.5820
  batch 1300/3457 loss 1.4696
  batch 1350/3457 loss 1.5505
  batch 1400/3457 loss 1.5872
  batch 1450/3457 loss 1.6706
  batch 1500/3457 loss 1.4974
  batch 1550/3457 loss 1.6788
  batch 1600/3457 loss 1.5445
  batch 1650/3457 loss 1.5240
  batch 1700/3457 loss 1.6109
  batch 1750/3457 loss 1.5429
  batch 1800/3457 loss 1.5852
  batch 1850/3457 loss 1.6838
  batch 1900/3457 loss 1.6950
  batch 1950/3457 loss 1.5935
  batch 2000/3457 loss 1.6427
  batch 2050/3457 loss 1.6316
  batch 2100/3457 loss 1.5015
  batch 2150/3457 loss 1.5729
  batch 2200/3457 loss 1.7397
  batch 2250/3457 loss 1.3915
  batch 2300/3457 loss 1.7250
  batch 2350/3457 loss 1.6336
  batch 2400/3457 loss 1.5067
  batch 2450/3457 loss 1.6603
  batch 2500/3457 loss 1.7410
  batch 2550/3457 loss 1.6154
  batch 2600/3457 loss 1.4023
  batch 2650/3457 loss 1.7435
  batch 2700/3457 loss 1.4564
  batch 2750/3457 loss 1.4484
  batch 2800/3457 loss 1.5583
  batch 2850/3457 loss 1.5087
  batch 2900/3457 loss 1.5281
  batch 2950/3457 loss 1.5668
  batch 3000/3457 loss 1.4667
  batch 3050/3457 loss 1.4357
  batch 3100/3457 loss 1.4602
  batch 3150/3457 loss 1.6827
  batch 3200/3457 loss 1.5248
  batch 3250/3457 loss 1.6302
  batch 3300/3457 loss 1.4720
  batch 3350/3457 loss 1.5110
  batch 3400/3457 loss 1.7292
  batch 3450/3457 loss 1.5384
  batch 3457/3457 loss 1.4561
ep12/20  train 1.5588  val WAPE 0.1842  time 38.6s
  ✓ new best WAPE: 0.1842

Starting epoch 13/20...
  batch 50/3457 loss 1.5327
  batch 100/3457 loss 1.5185
  batch 150/3457 loss 1.4496
  batch 200/3457 loss 1.6005
  batch 250/3457 loss 1.6896
  batch 300/3457 loss 1.4931
  batch 350/3457 loss 1.6201
  batch 400/3457 loss 1.5465
  batch 450/3457 loss 1.4763
  batch 500/3457 loss 1.5985
  batch 550/3457 loss 1.5794
  batch 600/3457 loss 1.5266
  batch 650/3457 loss 1.4976
  batch 700/3457 loss 1.5266
  batch 750/3457 loss 1.4539
  batch 800/3457 loss 1.5731
  batch 850/3457 loss 1.5032
  batch 900/3457 loss 1.6320
  batch 950/3457 loss 1.3910
  batch 1000/3457 loss 1.6469
  batch 1050/3457 loss 1.4926
  batch 1100/3457 loss 1.6634
  batch 1150/3457 loss 1.4906
  batch 1200/3457 loss 1.5961
  batch 1250/3457 loss 1.4565
  batch 1300/3457 loss 1.6104
  batch 1350/3457 loss 1.6224
  batch 1400/3457 loss 1.4828
  batch 1450/3457 loss 1.6821
  batch 1500/3457 loss 1.5028
  batch 1550/3457 loss 1.5253
  batch 1600/3457 loss 1.5618
  batch 1650/3457 loss 1.6325
  batch 1700/3457 loss 1.4571
  batch 1750/3457 loss 1.5539
  batch 1800/3457 loss 1.5288
  batch 1850/3457 loss 1.5694
  batch 1900/3457 loss 1.4833
  batch 1950/3457 loss 1.5364
  batch 2000/3457 loss 1.5834
  batch 2050/3457 loss 1.6460
  batch 2100/3457 loss 1.4633
  batch 2150/3457 loss 1.5800
  batch 2200/3457 loss 1.4127
  batch 2250/3457 loss 1.5110
  batch 2300/3457 loss 1.5068
  batch 2350/3457 loss 1.4883
  batch 2400/3457 loss 1.4643
  batch 2450/3457 loss 1.5239
  batch 2500/3457 loss 1.4378
  batch 2550/3457 loss 1.3793
  batch 2600/3457 loss 1.5742
  batch 2650/3457 loss 1.6401
  batch 2700/3457 loss 1.6017
  batch 2750/3457 loss 1.5456
  batch 2800/3457 loss 1.5731
  batch 2850/3457 loss 1.5462
  batch 2900/3457 loss 1.4862
  batch 2950/3457 loss 1.5159
  batch 3000/3457 loss 1.5857
  batch 3050/3457 loss 1.4556
  batch 3100/3457 loss 1.5808
  batch 3150/3457 loss 1.4700
  batch 3200/3457 loss 1.7583
  batch 3250/3457 loss 1.6147
  batch 3300/3457 loss 1.7257
  batch 3350/3457 loss 1.5423
  batch 3400/3457 loss 1.5454
  batch 3450/3457 loss 1.4400
  batch 3457/3457 loss 1.6587
ep13/20  train 1.5517  val WAPE 0.1854  time 38.7s
  no improvement (1/4)

Starting epoch 14/20...
  batch 50/3457 loss 1.5003
  batch 100/3457 loss 1.4166
  batch 150/3457 loss 1.6431
  batch 200/3457 loss 1.3914
  batch 250/3457 loss 1.6716
  batch 300/3457 loss 1.5814
  batch 350/3457 loss 1.5126
  batch 400/3457 loss 1.4714
  batch 450/3457 loss 1.4592
  batch 500/3457 loss 1.6202
  batch 550/3457 loss 1.5219
  batch 600/3457 loss 1.4468
  batch 650/3457 loss 1.3544
  batch 700/3457 loss 1.4983
  batch 750/3457 loss 1.7407
  batch 800/3457 loss 1.6206
  batch 850/3457 loss 1.6409
  batch 900/3457 loss 1.4472
  batch 950/3457 loss 1.5856
  batch 1000/3457 loss 1.6760
  batch 1050/3457 loss 1.5816
  batch 1100/3457 loss 1.4912
  batch 1150/3457 loss 1.4556
  batch 1200/3457 loss 1.4672
  batch 1250/3457 loss 1.5494
  batch 1300/3457 loss 1.4563
  batch 1350/3457 loss 1.6077
  batch 1400/3457 loss 1.6933
  batch 1450/3457 loss 1.6591
  batch 1500/3457 loss 1.4706
  batch 1550/3457 loss 1.4665
  batch 1600/3457 loss 1.5205
  batch 1650/3457 loss 1.5362
  batch 1700/3457 loss 1.5626
  batch 1750/3457 loss 1.5375
  batch 1800/3457 loss 1.6602
  batch 1850/3457 loss 1.2986
  batch 1900/3457 loss 1.4842
  batch 1950/3457 loss 1.4011
  batch 2000/3457 loss 1.5379
  batch 2050/3457 loss 1.5906
  batch 2100/3457 loss 1.3952
  batch 2150/3457 loss 1.5855
  batch 2200/3457 loss 1.5682
  batch 2250/3457 loss 1.5771
  batch 2300/3457 loss 1.5006
  batch 2350/3457 loss 1.4733
  batch 2400/3457 loss 1.6019
  batch 2450/3457 loss 1.6459
  batch 2500/3457 loss 1.4895
  batch 2550/3457 loss 1.5006
  batch 2600/3457 loss 1.6316
  batch 2650/3457 loss 1.5033
  batch 2700/3457 loss 1.7386
  batch 2750/3457 loss 1.5496
  batch 2800/3457 loss 1.5829
  batch 2850/3457 loss 1.4975
  batch 2900/3457 loss 1.4680
  batch 2950/3457 loss 1.6889
  batch 3000/3457 loss 1.5770
  batch 3050/3457 loss 1.5417
  batch 3100/3457 loss 1.5027
  batch 3150/3457 loss 1.4120
  batch 3200/3457 loss 1.5860
  batch 3250/3457 loss 1.5384
  batch 3300/3457 loss 1.4186
  batch 3350/3457 loss 1.4453
  batch 3400/3457 loss 1.6214
  batch 3450/3457 loss 1.5707
  batch 3457/3457 loss 1.4928
ep14/20  train 1.5447  val WAPE 0.1838  time 36.7s
  ✓ new best WAPE: 0.1838

Starting epoch 15/20...
  batch 50/3457 loss 1.3661
  batch 100/3457 loss 1.4552
  batch 150/3457 loss 1.5016
  batch 200/3457 loss 1.4791
  batch 250/3457 loss 1.4123
  batch 300/3457 loss 1.4809
  batch 350/3457 loss 1.6431
  batch 400/3457 loss 1.5662
  batch 450/3457 loss 1.4778
  batch 500/3457 loss 1.6472
  batch 550/3457 loss 1.4869
  batch 600/3457 loss 1.5588
  batch 650/3457 loss 1.5132
  batch 700/3457 loss 1.3773
  batch 750/3457 loss 1.5893
  batch 800/3457 loss 1.5979
  batch 850/3457 loss 1.4827
  batch 900/3457 loss 1.5542
  batch 950/3457 loss 1.4988
  batch 1000/3457 loss 1.4696
  batch 1050/3457 loss 1.5469
  batch 1100/3457 loss 1.4750
  batch 1150/3457 loss 1.3110
  batch 1200/3457 loss 1.6430
  batch 1250/3457 loss 1.5713
  batch 1300/3457 loss 1.6066
  batch 1350/3457 loss 1.5628
  batch 1400/3457 loss 1.4777
  batch 1450/3457 loss 1.5215
  batch 1500/3457 loss 1.6122
  batch 1550/3457 loss 1.4789
  batch 1600/3457 loss 1.5492
  batch 1650/3457 loss 1.4906
  batch 1700/3457 loss 1.5072
  batch 1750/3457 loss 1.4086
  batch 1800/3457 loss 1.6032
  batch 1850/3457 loss 1.3887
  batch 1900/3457 loss 1.4402
  batch 1950/3457 loss 1.4850
  batch 2000/3457 loss 1.4861
  batch 2050/3457 loss 1.5066
  batch 2100/3457 loss 1.5277
  batch 2150/3457 loss 1.5666
  batch 2200/3457 loss 1.6771
  batch 2250/3457 loss 1.5185
  batch 2300/3457 loss 1.5610
  batch 2350/3457 loss 1.4634
  batch 2400/3457 loss 1.5932
  batch 2450/3457 loss 1.6086
  batch 2500/3457 loss 1.4280
  batch 2550/3457 loss 1.6366
  batch 2600/3457 loss 1.6145
  batch 2650/3457 loss 1.5224
  batch 2700/3457 loss 1.6531
  batch 2750/3457 loss 1.5623
  batch 2800/3457 loss 1.4984
  batch 2850/3457 loss 1.4291
  batch 2900/3457 loss 1.3818
  batch 2950/3457 loss 1.4481
  batch 3000/3457 loss 1.5522
  batch 3050/3457 loss 1.4813
  batch 3100/3457 loss 1.6075
  batch 3150/3457 loss 1.4201
  batch 3200/3457 loss 1.5213
  batch 3250/3457 loss 1.4825
  batch 3300/3457 loss 1.5666
  batch 3350/3457 loss 1.4611
  batch 3400/3457 loss 1.4924
  batch 3450/3457 loss 1.5113
  batch 3457/3457 loss 1.5027
ep15/20  train 1.5378  val WAPE 0.1827  time 40.2s
  ✓ new best WAPE: 0.1827

Starting epoch 16/20...
  batch 50/3457 loss 1.5377
  batch 100/3457 loss 1.6157
  batch 150/3457 loss 1.4389
  batch 200/3457 loss 1.5189
  batch 250/3457 loss 1.5431
  batch 300/3457 loss 1.5226
  batch 350/3457 loss 1.4949
  batch 400/3457 loss 1.4600
  batch 450/3457 loss 1.7333
  batch 500/3457 loss 1.5806
  batch 550/3457 loss 1.6953
  batch 600/3457 loss 1.4520
  batch 650/3457 loss 1.5400
  batch 700/3457 loss 1.5613
  batch 750/3457 loss 1.3653
  batch 800/3457 loss 1.5348
  batch 850/3457 loss 1.6144
  batch 900/3457 loss 1.5078
  batch 950/3457 loss 1.5854
  batch 1000/3457 loss 1.6343
  batch 1050/3457 loss 1.4917
  batch 1100/3457 loss 1.5186
  batch 1150/3457 loss 1.5286
  batch 1200/3457 loss 1.5229
  batch 1250/3457 loss 1.5990
  batch 1300/3457 loss 1.5197
  batch 1350/3457 loss 1.5849
  batch 1400/3457 loss 1.6397
  batch 1450/3457 loss 1.4714
  batch 1500/3457 loss 1.6363
  batch 1550/3457 loss 1.6240
  batch 1600/3457 loss 1.5706
  batch 1650/3457 loss 1.5811
  batch 1700/3457 loss 1.5986
  batch 1750/3457 loss 1.5663
  batch 1800/3457 loss 1.5892
  batch 1850/3457 loss 1.3529
  batch 1900/3457 loss 1.5544
  batch 1950/3457 loss 1.3936
  batch 2000/3457 loss 1.4294
  batch 2050/3457 loss 1.4274
  batch 2100/3457 loss 1.5109
  batch 2150/3457 loss 1.3378
  batch 2200/3457 loss 1.3448
  batch 2250/3457 loss 1.5233
  batch 2300/3457 loss 1.3959
  batch 2350/3457 loss 1.5638
  batch 2400/3457 loss 1.5914
  batch 2450/3457 loss 1.3827
  batch 2500/3457 loss 1.5134
  batch 2550/3457 loss 1.5028
  batch 2600/3457 loss 1.4254
  batch 2650/3457 loss 1.6424
  batch 2700/3457 loss 1.5857
  batch 2750/3457 loss 1.5485
  batch 2800/3457 loss 1.6183
  batch 2850/3457 loss 1.4952
  batch 2900/3457 loss 1.5280
  batch 2950/3457 loss 1.4978
  batch 3000/3457 loss 1.4273
  batch 3050/3457 loss 1.6225
  batch 3100/3457 loss 1.5583
  batch 3150/3457 loss 1.5384
  batch 3200/3457 loss 1.2410
  batch 3250/3457 loss 1.5225
  batch 3300/3457 loss 1.4752
  batch 3350/3457 loss 1.5865
  batch 3400/3457 loss 1.4083
  batch 3450/3457 loss 1.4788
  batch 3457/3457 loss 1.6015
ep16/20  train 1.5315  val WAPE 0.1814  time 39.6s
  ✓ new best WAPE: 0.1814

Starting epoch 17/20...
  batch 50/3457 loss 1.4564
  batch 100/3457 loss 1.6518
  batch 150/3457 loss 1.5075
  batch 200/3457 loss 1.5453
  batch 250/3457 loss 1.4528
  batch 300/3457 loss 1.5358
  batch 350/3457 loss 1.4429
  batch 400/3457 loss 1.5595
  batch 450/3457 loss 1.4727
  batch 500/3457 loss 1.4786
  batch 550/3457 loss 1.6512
  batch 600/3457 loss 1.5128
  batch 650/3457 loss 1.6696
  batch 700/3457 loss 1.3457
  batch 750/3457 loss 1.6120
  batch 800/3457 loss 1.5912
  batch 850/3457 loss 1.6556
  batch 900/3457 loss 1.5195
  batch 950/3457 loss 1.4431
  batch 1000/3457 loss 1.6025
  batch 1050/3457 loss 1.5081
  batch 1100/3457 loss 1.6183
  batch 1150/3457 loss 1.4524
  batch 1200/3457 loss 1.5469
  batch 1250/3457 loss 1.4771
  batch 1300/3457 loss 1.7013
  batch 1350/3457 loss 1.4486
  batch 1400/3457 loss 1.4300
  batch 1450/3457 loss 1.4066
  batch 1500/3457 loss 1.5696
  batch 1550/3457 loss 1.5365
  batch 1600/3457 loss 1.5285
  batch 1650/3457 loss 1.6043
  batch 1700/3457 loss 1.5079
  batch 1750/3457 loss 1.5031
  batch 1800/3457 loss 1.5204
  batch 1850/3457 loss 1.4959
  batch 1900/3457 loss 1.4722
  batch 1950/3457 loss 1.6187
  batch 2000/3457 loss 1.5387
  batch 2050/3457 loss 1.4923
  batch 2100/3457 loss 1.5588
  batch 2150/3457 loss 1.4589
  batch 2200/3457 loss 1.4443
  batch 2250/3457 loss 1.5116
  batch 2300/3457 loss 1.5735
  batch 2350/3457 loss 1.5937
  batch 2400/3457 loss 1.5026
  batch 2450/3457 loss 1.6063
  batch 2500/3457 loss 1.5551
  batch 2550/3457 loss 1.5459
  batch 2600/3457 loss 1.5188
  batch 2650/3457 loss 1.5033
  batch 2700/3457 loss 1.3519
  batch 2750/3457 loss 1.5247
  batch 2800/3457 loss 1.4751
  batch 2850/3457 loss 1.6035
  batch 2900/3457 loss 1.5031
  batch 2950/3457 loss 1.5072
  batch 3000/3457 loss 1.5668
  batch 3050/3457 loss 1.4550
  batch 3100/3457 loss 1.4525
  batch 3150/3457 loss 1.6010
  batch 3200/3457 loss 1.4787
  batch 3250/3457 loss 1.5591
  batch 3300/3457 loss 1.5104
  batch 3350/3457 loss 1.5113
  batch 3400/3457 loss 1.3408
  batch 3450/3457 loss 1.5865
  batch 3457/3457 loss 1.6976
ep17/20  train 1.5261  val WAPE 0.1819  time 39.4s
  no improvement (1/4)

Starting epoch 18/20...
  batch 50/3457 loss 1.6249
  batch 100/3457 loss 1.4953
  batch 150/3457 loss 1.5641
  batch 200/3457 loss 1.3770
  batch 250/3457 loss 1.4560
  batch 300/3457 loss 1.4858
  batch 350/3457 loss 1.5462
  batch 400/3457 loss 1.5356
  batch 450/3457 loss 1.5692
  batch 500/3457 loss 1.2843
  batch 550/3457 loss 1.5017
  batch 600/3457 loss 1.5775
  batch 650/3457 loss 1.5876
  batch 700/3457 loss 1.5187
  batch 750/3457 loss 1.7359
  batch 800/3457 loss 1.4994
  batch 850/3457 loss 1.5739
  batch 900/3457 loss 1.5008
  batch 950/3457 loss 1.5906
  batch 1000/3457 loss 1.4730
  batch 1050/3457 loss 1.4271
  batch 1100/3457 loss 1.6241
  batch 1150/3457 loss 1.4229
  batch 1200/3457 loss 1.6396
  batch 1250/3457 loss 1.4292
  batch 1300/3457 loss 1.6870
  batch 1350/3457 loss 1.5688
  batch 1400/3457 loss 1.4941
  batch 1450/3457 loss 1.5632
  batch 1500/3457 loss 1.5438
  batch 1550/3457 loss 1.4842
  batch 1600/3457 loss 1.6458
  batch 1650/3457 loss 1.5659
  batch 1700/3457 loss 1.5287
  batch 1750/3457 loss 1.4620
  batch 1800/3457 loss 1.4266
  batch 1850/3457 loss 1.5319
  batch 1900/3457 loss 1.4408
  batch 1950/3457 loss 1.4882
  batch 2000/3457 loss 1.4156
  batch 2050/3457 loss 1.5419
  batch 2100/3457 loss 1.4884
  batch 2150/3457 loss 1.5143
  batch 2200/3457 loss 1.4607
  batch 2250/3457 loss 1.5376
  batch 2300/3457 loss 1.5116
  batch 2350/3457 loss 1.5066
  batch 2400/3457 loss 1.4846
  batch 2450/3457 loss 1.4437
  batch 2500/3457 loss 1.5429
  batch 2550/3457 loss 1.6109
  batch 2600/3457 loss 1.4174
  batch 2650/3457 loss 1.5571
  batch 2700/3457 loss 1.4780
  batch 2750/3457 loss 1.5110
  batch 2800/3457 loss 1.4100
  batch 2850/3457 loss 1.4808
  batch 2900/3457 loss 1.5152
  batch 2950/3457 loss 1.5884
  batch 3000/3457 loss 1.3969
  batch 3050/3457 loss 1.4921
  batch 3100/3457 loss 1.5329
  batch 3150/3457 loss 1.3467
  batch 3200/3457 loss 1.3389
  batch 3250/3457 loss 1.5157
  batch 3300/3457 loss 1.4119
  batch 3350/3457 loss 1.4287
  batch 3400/3457 loss 1.3730
  batch 3450/3457 loss 1.4284
  batch 3457/3457 loss 1.4569
ep18/20  train 1.5217  val WAPE 0.1814  time 39.3s
  no improvement (2/4)

Starting epoch 19/20...
  batch 50/3457 loss 1.4017
  batch 100/3457 loss 1.4709
  batch 150/3457 loss 1.3929
  batch 200/3457 loss 1.4512
  batch 250/3457 loss 1.4946
  batch 300/3457 loss 1.6443
  batch 350/3457 loss 1.5153
  batch 400/3457 loss 1.5220
  batch 450/3457 loss 1.4975
  batch 500/3457 loss 1.5773
  batch 550/3457 loss 1.5360
  batch 600/3457 loss 1.4234
  batch 650/3457 loss 1.5318
  batch 700/3457 loss 1.5309
  batch 750/3457 loss 1.4174
  batch 800/3457 loss 1.4697
  batch 850/3457 loss 1.5305
  batch 900/3457 loss 1.6797
  batch 950/3457 loss 1.7143
  batch 1000/3457 loss 1.4375
  batch 1050/3457 loss 1.6857
  batch 1100/3457 loss 1.4145
  batch 1150/3457 loss 1.6510
  batch 1200/3457 loss 1.4749
  batch 1250/3457 loss 1.5467
  batch 1300/3457 loss 1.3801
  batch 1350/3457 loss 1.4873
  batch 1400/3457 loss 1.5345
  batch 1450/3457 loss 1.4100
  batch 1500/3457 loss 1.5340
  batch 1550/3457 loss 1.4704
  batch 1600/3457 loss 1.5252
  batch 1650/3457 loss 1.5381
  batch 1700/3457 loss 1.4127
  batch 1750/3457 loss 1.4785
  batch 1800/3457 loss 1.4028
  batch 1850/3457 loss 1.4967
  batch 1900/3457 loss 1.5506
  batch 1950/3457 loss 1.4538
  batch 2000/3457 loss 1.5146
  batch 2050/3457 loss 1.4635
  batch 2100/3457 loss 1.4996
  batch 2150/3457 loss 1.6289
  batch 2200/3457 loss 1.5592
  batch 2250/3457 loss 1.6005
  batch 2300/3457 loss 1.4183
  batch 2350/3457 loss 1.4183
  batch 2400/3457 loss 1.5786
  batch 2450/3457 loss 1.6280
  batch 2500/3457 loss 1.6324
  batch 2550/3457 loss 1.3158
  batch 2600/3457 loss 1.5719
  batch 2650/3457 loss 1.5058
  batch 2700/3457 loss 1.3968
  batch 2750/3457 loss 1.5141
  batch 2800/3457 loss 1.5449
  batch 2850/3457 loss 1.5854
  batch 2900/3457 loss 1.6033
  batch 2950/3457 loss 1.3969
  batch 3000/3457 loss 1.5852
  batch 3050/3457 loss 1.4522
  batch 3100/3457 loss 1.4374
  batch 3150/3457 loss 1.5822
  batch 3200/3457 loss 1.5005
  batch 3250/3457 loss 1.6697
  batch 3300/3457 loss 1.5194
  batch 3350/3457 loss 1.4926
  batch 3400/3457 loss 1.5365
  batch 3450/3457 loss 1.6315
  batch 3457/3457 loss 1.3951
ep19/20  train 1.5183  val WAPE 0.1815  time 38.9s
  no improvement (3/4)

Starting epoch 20/20...
  batch 50/3457 loss 1.4327
  batch 100/3457 loss 1.5274
  batch 150/3457 loss 1.4938
  batch 200/3457 loss 1.4808
  batch 250/3457 loss 1.4785
  batch 300/3457 loss 1.4811
  batch 350/3457 loss 1.4926
  batch 400/3457 loss 1.5829
  batch 450/3457 loss 1.4928
  batch 500/3457 loss 1.5782
  batch 550/3457 loss 1.5317
  batch 600/3457 loss 1.5513
  batch 650/3457 loss 1.4562
  batch 700/3457 loss 1.6415
  batch 750/3457 loss 1.5127
  batch 800/3457 loss 1.4767
  batch 850/3457 loss 1.5313
  batch 900/3457 loss 1.3486
  batch 950/3457 loss 1.4671
  batch 1000/3457 loss 1.4990
  batch 1050/3457 loss 1.4570
  batch 1100/3457 loss 1.6086
  batch 1150/3457 loss 1.6307
  batch 1200/3457 loss 1.5674
  batch 1250/3457 loss 1.5303
  batch 1300/3457 loss 1.5467
  batch 1350/3457 loss 1.5765
  batch 1400/3457 loss 1.5475
  batch 1450/3457 loss 1.4258
  batch 1500/3457 loss 1.5329
  batch 1550/3457 loss 1.5650
  batch 1600/3457 loss 1.4888
  batch 1650/3457 loss 1.4782
  batch 1700/3457 loss 1.6147
  batch 1750/3457 loss 1.6872
  batch 1800/3457 loss 1.8197
  batch 1850/3457 loss 1.4480
  batch 1900/3457 loss 1.4304
  batch 1950/3457 loss 1.4359
  batch 2000/3457 loss 1.5283
  batch 2050/3457 loss 1.5797
  batch 2100/3457 loss 1.5115
  batch 2150/3457 loss 1.5628
  batch 2200/3457 loss 1.5648
  batch 2250/3457 loss 1.4463
  batch 2300/3457 loss 1.4961
  batch 2350/3457 loss 1.4738
  batch 2400/3457 loss 1.5912
  batch 2450/3457 loss 1.4133
  batch 2500/3457 loss 1.6889
  batch 2550/3457 loss 1.4945
  batch 2600/3457 loss 1.4191
  batch 2650/3457 loss 1.4155
  batch 2700/3457 loss 1.4443
  batch 2750/3457 loss 1.7030
  batch 2800/3457 loss 1.4748
  batch 2850/3457 loss 1.5353
  batch 2900/3457 loss 1.4531
  batch 2950/3457 loss 1.5575
  batch 3000/3457 loss 1.5567
  batch 3050/3457 loss 1.5174
  batch 3100/3457 loss 1.5728
  batch 3150/3457 loss 1.6677
  batch 3200/3457 loss 1.5645
  batch 3250/3457 loss 1.4175
  batch 3300/3457 loss 1.5250
  batch 3350/3457 loss 1.6797
  batch 3400/3457 loss 1.5213
  batch 3450/3457 loss 1.5292
  batch 3457/3457 loss 1.3808
ep20/20  train 1.5165  val WAPE 0.1816  time 38.2s
  no improvement (4/4)
early stop
linear params: 227809

Starting epoch 1/20...
  batch 50/3457 loss 4.0325
  batch 100/3457 loss 3.7203
  batch 150/3457 loss 3.3520
  batch 200/3457 loss 3.4584
  batch 250/3457 loss 3.2926
  batch 300/3457 loss 3.2079
  batch 350/3457 loss 3.0224
  batch 400/3457 loss 2.9702
  batch 450/3457 loss 3.0386
  batch 500/3457 loss 2.9767
  batch 550/3457 loss 2.9802
  batch 600/3457 loss 2.9422
  batch 650/3457 loss 2.8083
  batch 700/3457 loss 2.9584
  batch 750/3457 loss 2.8351
  batch 800/3457 loss 3.0741
  batch 850/3457 loss 2.8685
  batch 900/3457 loss 2.7605
  batch 950/3457 loss 2.7766
  batch 1000/3457 loss 2.8774
  batch 1050/3457 loss 2.8416
  batch 1100/3457 loss 2.7133
  batch 1150/3457 loss 2.6722
  batch 1200/3457 loss 2.8951
  batch 1250/3457 loss 2.7981
  batch 1300/3457 loss 2.7120
  batch 1350/3457 loss 2.5596
  batch 1400/3457 loss 2.5936
  batch 1450/3457 loss 2.6641
  batch 1500/3457 loss 2.7644
  batch 1550/3457 loss 2.5897
  batch 1600/3457 loss 2.6805
  batch 1650/3457 loss 2.5456
  batch 1700/3457 loss 2.6180
  batch 1750/3457 loss 2.5336
  batch 1800/3457 loss 2.5434
  batch 1850/3457 loss 2.5421
  batch 1900/3457 loss 2.6591
  batch 1950/3457 loss 2.5178
  batch 2000/3457 loss 2.6470
  batch 2050/3457 loss 2.6205
  batch 2100/3457 loss 2.4303
  batch 2150/3457 loss 2.4219
  batch 2200/3457 loss 2.6588
  batch 2250/3457 loss 2.6395
  batch 2300/3457 loss 2.5123
  batch 2350/3457 loss 2.4584
  batch 2400/3457 loss 2.4300
  batch 2450/3457 loss 2.3751
  batch 2500/3457 loss 2.5774
  batch 2550/3457 loss 2.5424
  batch 2600/3457 loss 2.4620
  batch 2650/3457 loss 2.3684
  batch 2700/3457 loss 2.5168
  batch 2750/3457 loss 2.4185
  batch 2800/3457 loss 2.4088
  batch 2850/3457 loss 2.4989
  batch 2900/3457 loss 2.5734
  batch 2950/3457 loss 2.3875
  batch 3000/3457 loss 2.4693
  batch 3050/3457 loss 2.3699
  batch 3100/3457 loss 2.5046
  batch 3150/3457 loss 2.3178
  batch 3200/3457 loss 2.3719
  batch 3250/3457 loss 2.2982
  batch 3300/3457 loss 2.2850
  batch 3350/3457 loss 2.5187
  batch 3400/3457 loss 2.4592
  batch 3450/3457 loss 2.4825
  batch 3457/3457 loss 2.3646
ep01/20  train 2.7209  val WAPE 0.2896  time 34.9s
  ✓ new best WAPE: 0.2896

Starting epoch 2/20...
  batch 50/3457 loss 2.5277
  batch 100/3457 loss 2.6081
  batch 150/3457 loss 2.2845
  batch 200/3457 loss 2.4072
  batch 250/3457 loss 2.4760
  batch 300/3457 loss 2.4093
  batch 350/3457 loss 2.4627
  batch 400/3457 loss 2.3973
  batch 450/3457 loss 2.3815
  batch 500/3457 loss 2.4326
  batch 550/3457 loss 2.4253
  batch 600/3457 loss 2.3522
  batch 650/3457 loss 2.3345
  batch 700/3457 loss 2.2892
  batch 750/3457 loss 2.3870
  batch 800/3457 loss 2.3341
  batch 850/3457 loss 2.3413
  batch 900/3457 loss 2.2511
  batch 950/3457 loss 2.4171
  batch 1000/3457 loss 2.3799
  batch 1050/3457 loss 2.3174
  batch 1100/3457 loss 2.3745
  batch 1150/3457 loss 2.3577
  batch 1200/3457 loss 2.2683
  batch 1250/3457 loss 2.3689
  batch 1300/3457 loss 2.3625
  batch 1350/3457 loss 2.1781
  batch 1400/3457 loss 2.2912
  batch 1450/3457 loss 2.2971
  batch 1500/3457 loss 2.2975
  batch 1550/3457 loss 2.2845
  batch 1600/3457 loss 2.1166
  batch 1650/3457 loss 2.2925
  batch 1700/3457 loss 2.2867
  batch 1750/3457 loss 2.4720
  batch 1800/3457 loss 2.3598
  batch 1850/3457 loss 2.2236
  batch 1900/3457 loss 2.1983
  batch 1950/3457 loss 2.3912
  batch 2000/3457 loss 2.3954
  batch 2050/3457 loss 2.3228
  batch 2100/3457 loss 2.3004
  batch 2150/3457 loss 2.3481
  batch 2200/3457 loss 2.1834
  batch 2250/3457 loss 2.2460
  batch 2300/3457 loss 2.3173
  batch 2350/3457 loss 2.2046
  batch 2400/3457 loss 2.2805
  batch 2450/3457 loss 2.4499
  batch 2500/3457 loss 2.5808
  batch 2550/3457 loss 2.2952
  batch 2600/3457 loss 2.4670
  batch 2650/3457 loss 2.3676
  batch 2700/3457 loss 2.4335
  batch 2750/3457 loss 2.1511
  batch 2800/3457 loss 2.1464
  batch 2850/3457 loss 2.1900
  batch 2900/3457 loss 2.3485
  batch 2950/3457 loss 2.3516
  batch 3000/3457 loss 2.2923
  batch 3050/3457 loss 2.1929
  batch 3100/3457 loss 2.2541
  batch 3150/3457 loss 2.1961
  batch 3200/3457 loss 2.1924
  batch 3250/3457 loss 2.3351
  batch 3300/3457 loss 2.2091
  batch 3350/3457 loss 2.2362
  batch 3400/3457 loss 2.3432
  batch 3450/3457 loss 2.2034
  batch 3457/3457 loss 2.2878
ep02/20  train 2.3052  val WAPE 0.2821  time 30.7s
  ✓ new best WAPE: 0.2821

Starting epoch 3/20...
  batch 50/3457 loss 2.2441
  batch 100/3457 loss 2.3486
  batch 150/3457 loss 2.1978
  batch 200/3457 loss 2.2297
  batch 250/3457 loss 2.1049
  batch 300/3457 loss 2.2011
  batch 350/3457 loss 2.3231
  batch 400/3457 loss 2.4071
  batch 450/3457 loss 2.3411
  batch 500/3457 loss 2.2565
  batch 550/3457 loss 2.3420
  batch 600/3457 loss 2.2045
  batch 650/3457 loss 2.2685
  batch 700/3457 loss 2.2623
  batch 750/3457 loss 2.3689
  batch 800/3457 loss 2.3697
  batch 850/3457 loss 2.2689
  batch 900/3457 loss 2.2077
  batch 950/3457 loss 2.3116
  batch 1000/3457 loss 2.1990
  batch 1050/3457 loss 2.3869
  batch 1100/3457 loss 2.1506
  batch 1150/3457 loss 2.1488
  batch 1200/3457 loss 2.2165
  batch 1250/3457 loss 2.3028
  batch 1300/3457 loss 2.2673
  batch 1350/3457 loss 2.1450
  batch 1400/3457 loss 2.2747
  batch 1450/3457 loss 2.3406
  batch 1500/3457 loss 2.2684
  batch 1550/3457 loss 2.1689
  batch 1600/3457 loss 2.3313
  batch 1650/3457 loss 2.1871
  batch 1700/3457 loss 2.2770
  batch 1750/3457 loss 2.2339
  batch 1800/3457 loss 2.1830
  batch 1850/3457 loss 2.4005
  batch 1900/3457 loss 2.2310
  batch 1950/3457 loss 2.1846
  batch 2000/3457 loss 2.1940
  batch 2050/3457 loss 2.2333
  batch 2100/3457 loss 2.0445
  batch 2150/3457 loss 2.1903
  batch 2200/3457 loss 2.2426
  batch 2250/3457 loss 2.2263
  batch 2300/3457 loss 2.1516
  batch 2350/3457 loss 2.2419
  batch 2400/3457 loss 2.1402
  batch 2450/3457 loss 2.2576
  batch 2500/3457 loss 2.3105
  batch 2550/3457 loss 2.3317
  batch 2600/3457 loss 2.1914
  batch 2650/3457 loss 2.0831
  batch 2700/3457 loss 2.3803
  batch 2750/3457 loss 2.1877
  batch 2800/3457 loss 2.1373
  batch 2850/3457 loss 2.2403
  batch 2900/3457 loss 2.2401
  batch 2950/3457 loss 2.3056
  batch 3000/3457 loss 2.2165
  batch 3050/3457 loss 2.2196
  batch 3100/3457 loss 2.3662
  batch 3150/3457 loss 2.2910
  batch 3200/3457 loss 2.2439
  batch 3250/3457 loss 2.2271
  batch 3300/3457 loss 2.2010
  batch 3350/3457 loss 2.2029
  batch 3400/3457 loss 2.1729
  batch 3450/3457 loss 2.2807
  batch 3457/3457 loss 2.2852
ep03/20  train 2.2307  val WAPE 0.2772  time 37.4s
  ✓ new best WAPE: 0.2772

Starting epoch 4/20...
  batch 50/3457 loss 2.2599
  batch 100/3457 loss 2.1866
  batch 150/3457 loss 2.1060
  batch 200/3457 loss 2.2545
  batch 250/3457 loss 2.2103
  batch 300/3457 loss 2.3114
  batch 350/3457 loss 2.0937
  batch 400/3457 loss 2.0406
  batch 450/3457 loss 2.1544
  batch 500/3457 loss 2.2096
  batch 550/3457 loss 2.1565
  batch 600/3457 loss 2.2290
  batch 650/3457 loss 2.2986
  batch 700/3457 loss 2.3551
  batch 750/3457 loss 2.1553
  batch 800/3457 loss 2.1942
  batch 850/3457 loss 2.2331
  batch 900/3457 loss 2.1045
  batch 950/3457 loss 2.3370
  batch 1000/3457 loss 2.2542
  batch 1050/3457 loss 2.2159
  batch 1100/3457 loss 2.1662
  batch 1150/3457 loss 2.1114
  batch 1200/3457 loss 2.2024
  batch 1250/3457 loss 2.4184
  batch 1300/3457 loss 2.4334
  batch 1350/3457 loss 2.1783
  batch 1400/3457 loss 2.2657
  batch 1450/3457 loss 2.2787
  batch 1500/3457 loss 2.2176
  batch 1550/3457 loss 2.2599
  batch 1600/3457 loss 2.1343
  batch 1650/3457 loss 2.0988
  batch 1700/3457 loss 2.2948
  batch 1750/3457 loss 2.2095
  batch 1800/3457 loss 2.0944
  batch 1850/3457 loss 2.1602
  batch 1900/3457 loss 2.1315
  batch 1950/3457 loss 2.3160
  batch 2000/3457 loss 2.3481
  batch 2050/3457 loss 2.0945
  batch 2100/3457 loss 2.2514
  batch 2150/3457 loss 2.2424
  batch 2200/3457 loss 2.2813
  batch 2250/3457 loss 2.1294
  batch 2300/3457 loss 2.1266
  batch 2350/3457 loss 2.3326
  batch 2400/3457 loss 2.2074
  batch 2450/3457 loss 2.1119
  batch 2500/3457 loss 2.1815
  batch 2550/3457 loss 2.2962
  batch 2600/3457 loss 2.2020
  batch 2650/3457 loss 2.2656
  batch 2700/3457 loss 2.3598
  batch 2750/3457 loss 2.2413
  batch 2800/3457 loss 2.2131
  batch 2850/3457 loss 2.3205
  batch 2900/3457 loss 2.1984
  batch 2950/3457 loss 2.1697
  batch 3000/3457 loss 2.2384
  batch 3050/3457 loss 2.3106
  batch 3100/3457 loss 2.4016
  batch 3150/3457 loss 2.1072
  batch 3200/3457 loss 2.2235
  batch 3250/3457 loss 2.3931
  batch 3300/3457 loss 2.1568
  batch 3350/3457 loss 2.2063
  batch 3400/3457 loss 2.0667
  batch 3450/3457 loss 2.2245
  batch 3457/3457 loss 2.1142
ep04/20  train 2.2239  val WAPE 0.2829  time 37.2s
  no improvement (1/4)

Starting epoch 5/20...
  batch 50/3457 loss 2.4419
  batch 100/3457 loss 2.2423
  batch 150/3457 loss 2.1995
  batch 200/3457 loss 2.2844
  batch 250/3457 loss 2.1640
  batch 300/3457 loss 2.2142
  batch 350/3457 loss 2.2700
  batch 400/3457 loss 2.3016
  batch 450/3457 loss 2.1179
  batch 500/3457 loss 2.1440
  batch 550/3457 loss 2.2256
  batch 600/3457 loss 2.2031
  batch 650/3457 loss 2.1903
  batch 700/3457 loss 2.2951
  batch 750/3457 loss 2.2300
  batch 800/3457 loss 2.3111
  batch 850/3457 loss 2.1245
  batch 900/3457 loss 2.2334
  batch 950/3457 loss 2.1422
  batch 1000/3457 loss 2.3752
  batch 1050/3457 loss 2.2189
  batch 1100/3457 loss 2.3878
  batch 1150/3457 loss 2.2770
  batch 1200/3457 loss 2.2760
  batch 1250/3457 loss 2.1321
  batch 1300/3457 loss 2.4857
  batch 1350/3457 loss 2.2018
  batch 1400/3457 loss 2.3012
  batch 1450/3457 loss 2.1331
  batch 1500/3457 loss 2.1768
  batch 1550/3457 loss 2.2845
  batch 1600/3457 loss 2.3153
  batch 1650/3457 loss 2.2921
  batch 1700/3457 loss 2.1561
  batch 1750/3457 loss 2.1390
  batch 1800/3457 loss 2.2679
  batch 1850/3457 loss 2.3185
  batch 1900/3457 loss 2.2478
  batch 1950/3457 loss 2.1760
  batch 2000/3457 loss 2.2252
  batch 2050/3457 loss 2.2016
  batch 2100/3457 loss 2.2185
  batch 2150/3457 loss 2.0836
  batch 2200/3457 loss 2.2442
  batch 2250/3457 loss 2.3562
  batch 2300/3457 loss 2.2903
  batch 2350/3457 loss 2.2008
  batch 2400/3457 loss 2.2398
  batch 2450/3457 loss 2.2909
  batch 2500/3457 loss 2.2860
  batch 2550/3457 loss 2.2322
  batch 2600/3457 loss 2.2451
  batch 2650/3457 loss 2.2074
  batch 2700/3457 loss 2.2135
  batch 2750/3457 loss 2.1993
  batch 2800/3457 loss 2.2397
  batch 2850/3457 loss 2.0296
  batch 2900/3457 loss 2.2337
  batch 2950/3457 loss 2.1354
  batch 3000/3457 loss 2.0727
  batch 3050/3457 loss 2.4051
  batch 3100/3457 loss 2.2225
  batch 3150/3457 loss 2.3207
  batch 3200/3457 loss 2.2644
  batch 3250/3457 loss 2.0405
  batch 3300/3457 loss 2.2624
  batch 3350/3457 loss 2.2029
  batch 3400/3457 loss 2.1242
  batch 3450/3457 loss 2.1891
  batch 3457/3457 loss 2.1889
ep05/20  train 2.2259  val WAPE 0.2915  time 36.2s
  no improvement (2/4)

Starting epoch 6/20...
  batch 50/3457 loss 2.2896
  batch 100/3457 loss 2.2596
  batch 150/3457 loss 2.1364
  batch 200/3457 loss 2.1371
  batch 250/3457 loss 2.3160
  batch 300/3457 loss 2.1776
  batch 350/3457 loss 2.1794
  batch 400/3457 loss 2.2551
  batch 450/3457 loss 2.1689
  batch 500/3457 loss 2.2095
  batch 550/3457 loss 2.2125
  batch 600/3457 loss 2.1946
  batch 650/3457 loss 2.1763
  batch 700/3457 loss 2.3173
  batch 750/3457 loss 2.3216
  batch 800/3457 loss 2.0807
  batch 850/3457 loss 2.2132
  batch 900/3457 loss 2.3507
  batch 950/3457 loss 2.0294
  batch 1000/3457 loss 2.3271
  batch 1050/3457 loss 2.2626
  batch 1100/3457 loss 2.1599
  batch 1150/3457 loss 2.0638
  batch 1200/3457 loss 2.2705
  batch 1250/3457 loss 2.0727
  batch 1300/3457 loss 2.1818
  batch 1350/3457 loss 2.1712
  batch 1400/3457 loss 2.1696
  batch 1450/3457 loss 2.1594
  batch 1500/3457 loss 2.3512
  batch 1550/3457 loss 2.2668
  batch 1600/3457 loss 2.2602
  batch 1650/3457 loss 2.2727
  batch 1700/3457 loss 2.1625
  batch 1750/3457 loss 2.2043
  batch 1800/3457 loss 2.3594
  batch 1850/3457 loss 2.2866
  batch 1900/3457 loss 2.3858
  batch 1950/3457 loss 2.2315
  batch 2000/3457 loss 2.1442
  batch 2050/3457 loss 2.2630
  batch 2100/3457 loss 2.2507
  batch 2150/3457 loss 2.1091
  batch 2200/3457 loss 2.2335
  batch 2250/3457 loss 2.2313
  batch 2300/3457 loss 2.1937
  batch 2350/3457 loss 2.1945
  batch 2400/3457 loss 2.1521
  batch 2450/3457 loss 2.2182
  batch 2500/3457 loss 2.4259
  batch 2550/3457 loss 2.2627
  batch 2600/3457 loss 2.2261
  batch 2650/3457 loss 2.2131
  batch 2700/3457 loss 2.2914
  batch 2750/3457 loss 2.1651
  batch 2800/3457 loss 2.3358
  batch 2850/3457 loss 2.1836
  batch 2900/3457 loss 2.1574
  batch 2950/3457 loss 2.2335
  batch 3000/3457 loss 2.1624
  batch 3050/3457 loss 2.1627
  batch 3100/3457 loss 2.2376
  batch 3150/3457 loss 2.3097
  batch 3200/3457 loss 2.1625
  batch 3250/3457 loss 2.3859
  batch 3300/3457 loss 2.2135
  batch 3350/3457 loss 2.3158
  batch 3400/3457 loss 2.0635
  batch 3450/3457 loss 2.1985
  batch 3457/3457 loss 2.1145
ep06/20  train 2.2171  val WAPE 0.2812  time 31.9s
  no improvement (3/4)

Starting epoch 7/20...
  batch 50/3457 loss 2.2971
  batch 100/3457 loss 2.0431
  batch 150/3457 loss 2.2033
  batch 200/3457 loss 2.1902
  batch 250/3457 loss 2.1839
  batch 300/3457 loss 2.2269
  batch 350/3457 loss 2.1595
  batch 400/3457 loss 2.2132
  batch 450/3457 loss 2.3212
  batch 500/3457 loss 2.1793
  batch 550/3457 loss 2.0851
  batch 600/3457 loss 2.2650
  batch 650/3457 loss 2.4272
  batch 700/3457 loss 2.0242
  batch 750/3457 loss 2.2064
  batch 800/3457 loss 2.2248
  batch 850/3457 loss 2.1415
  batch 900/3457 loss 2.2719
  batch 950/3457 loss 2.2870
  batch 1000/3457 loss 2.3279
  batch 1050/3457 loss 2.3024
  batch 1100/3457 loss 2.3318
  batch 1150/3457 loss 2.2312
  batch 1200/3457 loss 2.2203
  batch 1250/3457 loss 2.2537
  batch 1300/3457 loss 2.1553
  batch 1350/3457 loss 2.2246
  batch 1400/3457 loss 2.1705
  batch 1450/3457 loss 2.1719
  batch 1500/3457 loss 2.2075
  batch 1550/3457 loss 2.2369
  batch 1600/3457 loss 2.1691
  batch 1650/3457 loss 2.1837
  batch 1700/3457 loss 2.1164
  batch 1750/3457 loss 2.2364
  batch 1800/3457 loss 2.2716
  batch 1850/3457 loss 2.1378
  batch 1900/3457 loss 2.2497
  batch 1950/3457 loss 2.1615
  batch 2000/3457 loss 2.1856
  batch 2050/3457 loss 2.3238
  batch 2100/3457 loss 2.1513
  batch 2150/3457 loss 2.1918
  batch 2200/3457 loss 2.2776
  batch 2250/3457 loss 2.1429
  batch 2300/3457 loss 2.1960
  batch 2350/3457 loss 2.2528
  batch 2400/3457 loss 2.1901
  batch 2450/3457 loss 2.2930
  batch 2500/3457 loss 2.2458
  batch 2550/3457 loss 2.0816
  batch 2600/3457 loss 2.1120
  batch 2650/3457 loss 2.1861
  batch 2700/3457 loss 2.3548
  batch 2750/3457 loss 2.3071
  batch 2800/3457 loss 2.0797
  batch 2850/3457 loss 2.0246
  batch 2900/3457 loss 2.3005
  batch 2950/3457 loss 2.1652
  batch 3000/3457 loss 2.2745
  batch 3050/3457 loss 2.3315
  batch 3100/3457 loss 2.1777
  batch 3150/3457 loss 2.1840
  batch 3200/3457 loss 2.3999
  batch 3250/3457 loss 2.1381
  batch 3300/3457 loss 2.2080
  batch 3350/3457 loss 2.1295
  batch 3400/3457 loss 2.3703
  batch 3450/3457 loss 2.2440
  batch 3457/3457 loss 2.3895
ep07/20  train 2.2074  val WAPE 0.2881  time 36.0s
  no improvement (4/4)
early stop
linear params: 227809

Starting epoch 1/20...
  batch 50/3457 loss 3.9685
  batch 100/3457 loss 3.4961
  batch 150/3457 loss 3.6018
  batch 200/3457 loss 3.6013
  batch 250/3457 loss 3.2045
  batch 300/3457 loss 3.2044
  batch 350/3457 loss 3.1173
  batch 400/3457 loss 3.1682
  batch 450/3457 loss 3.2347
  batch 500/3457 loss 2.9920
  batch 550/3457 loss 2.8932
  batch 600/3457 loss 2.9004
  batch 650/3457 loss 3.0002
  batch 700/3457 loss 2.8756
  batch 750/3457 loss 2.7817
  batch 800/3457 loss 2.7727
  batch 850/3457 loss 2.7326
  batch 900/3457 loss 2.7944
  batch 950/3457 loss 2.6591
  batch 1000/3457 loss 2.5807
  batch 1050/3457 loss 2.5403
  batch 1100/3457 loss 2.5382
  batch 1150/3457 loss 2.5481
  batch 1200/3457 loss 2.4850
  batch 1250/3457 loss 2.5701
  batch 1300/3457 loss 2.4613
  batch 1350/3457 loss 2.5608
  batch 1400/3457 loss 2.3198
  batch 1450/3457 loss 2.3592
  batch 1500/3457 loss 2.3019
  batch 1550/3457 loss 2.3683
  batch 1600/3457 loss 2.3486
  batch 1650/3457 loss 2.2613
  batch 1700/3457 loss 2.3165
  batch 1750/3457 loss 2.3177
  batch 1800/3457 loss 2.2526
  batch 1850/3457 loss 2.1211
  batch 1900/3457 loss 2.1380
  batch 1950/3457 loss 2.2420
  batch 2000/3457 loss 2.2487
  batch 2050/3457 loss 2.1693
  batch 2100/3457 loss 2.0442
  batch 2150/3457 loss 2.0984
  batch 2200/3457 loss 2.0101
  batch 2250/3457 loss 2.1505
  batch 2300/3457 loss 2.0385
  batch 2350/3457 loss 1.9187
  batch 2400/3457 loss 2.0815
  batch 2450/3457 loss 2.1413
  batch 2500/3457 loss 2.0279
  batch 2550/3457 loss 2.0759
  batch 2600/3457 loss 2.0140
  batch 2650/3457 loss 1.9812
  batch 2700/3457 loss 1.8123
  batch 2750/3457 loss 1.9462
  batch 2800/3457 loss 1.9970
  batch 2850/3457 loss 1.8469
  batch 2900/3457 loss 1.8685
  batch 2950/3457 loss 1.9727
  batch 3000/3457 loss 2.0403
  batch 3050/3457 loss 1.8310
  batch 3100/3457 loss 1.9484
  batch 3150/3457 loss 1.9014
  batch 3200/3457 loss 1.8132
  batch 3250/3457 loss 1.8742
  batch 3300/3457 loss 1.9094
  batch 3350/3457 loss 1.7834
  batch 3400/3457 loss 1.8712
  batch 3450/3457 loss 1.9020
  batch 3457/3457 loss 1.9165
ep01/20  train 2.4257  val WAPE 0.2112  time 27.1s
  ✓ new best WAPE: 0.2112

Starting epoch 2/20...
  batch 50/3457 loss 1.8777
  batch 100/3457 loss 1.8184
  batch 150/3457 loss 1.8513
  batch 200/3457 loss 1.8504
  batch 250/3457 loss 1.7767
  batch 300/3457 loss 1.9770
  batch 350/3457 loss 1.7387
  batch 400/3457 loss 1.7760
  batch 450/3457 loss 1.7135
  batch 500/3457 loss 1.7758
  batch 550/3457 loss 1.8518
  batch 600/3457 loss 1.7468
  batch 650/3457 loss 1.7031
  batch 700/3457 loss 1.6872
  batch 750/3457 loss 1.8719
  batch 800/3457 loss 1.7379
  batch 850/3457 loss 1.7295
  batch 900/3457 loss 1.8521
  batch 950/3457 loss 1.9066
  batch 1000/3457 loss 1.8309
  batch 1050/3457 loss 1.7032
  batch 1100/3457 loss 1.7437
  batch 1150/3457 loss 1.6275
  batch 1200/3457 loss 1.7276
  batch 1250/3457 loss 1.9117
  batch 1300/3457 loss 1.9575
  batch 1350/3457 loss 1.7051
  batch 1400/3457 loss 1.7214
  batch 1450/3457 loss 1.6331
  batch 1500/3457 loss 1.7530
  batch 1550/3457 loss 1.6949
  batch 1600/3457 loss 1.6889
  batch 1650/3457 loss 1.9291
  batch 1700/3457 loss 1.6548
  batch 1750/3457 loss 1.6359
  batch 1800/3457 loss 1.6850
  batch 1850/3457 loss 1.5785
  batch 1900/3457 loss 1.6764
  batch 1950/3457 loss 1.7781
  batch 2000/3457 loss 1.6269
  batch 2050/3457 loss 1.7124
  batch 2100/3457 loss 1.7025
  batch 2150/3457 loss 1.6109
  batch 2200/3457 loss 1.6071
  batch 2250/3457 loss 1.6128
  batch 2300/3457 loss 1.6213
  batch 2350/3457 loss 1.8558
  batch 2400/3457 loss 1.7283
  batch 2450/3457 loss 1.6681
  batch 2500/3457 loss 1.4991
  batch 2550/3457 loss 1.8255
  batch 2600/3457 loss 1.5344
  batch 2650/3457 loss 1.7613
  batch 2700/3457 loss 1.6105
  batch 2750/3457 loss 1.3934
  batch 2800/3457 loss 1.6753
  batch 2850/3457 loss 1.6090
  batch 2900/3457 loss 1.5012
  batch 2950/3457 loss 1.6596
  batch 3000/3457 loss 1.6412
  batch 3050/3457 loss 1.6776
  batch 3100/3457 loss 1.5651
  batch 3150/3457 loss 1.7661
  batch 3200/3457 loss 1.6670
  batch 3250/3457 loss 1.7767
  batch 3300/3457 loss 1.7499
  batch 3350/3457 loss 1.4687
  batch 3400/3457 loss 1.6786
  batch 3450/3457 loss 1.5899
  batch 3457/3457 loss 1.5547
ep02/20  train 1.7058  val WAPE 0.1902  time 38.1s
  ✓ new best WAPE: 0.1902

Starting epoch 3/20...
  batch 50/3457 loss 1.6254
  batch 100/3457 loss 1.5433
  batch 150/3457 loss 1.8069
  batch 200/3457 loss 1.5605
  batch 250/3457 loss 1.5398
  batch 300/3457 loss 1.5915
  batch 350/3457 loss 1.5753
  batch 400/3457 loss 1.4904
  batch 450/3457 loss 1.6014
  batch 500/3457 loss 1.6431
  batch 550/3457 loss 1.5041
  batch 600/3457 loss 1.5881
  batch 650/3457 loss 1.5494
  batch 700/3457 loss 1.4939
  batch 750/3457 loss 1.5261
  batch 800/3457 loss 1.7429
  batch 850/3457 loss 1.5718
  batch 900/3457 loss 1.6287
  batch 950/3457 loss 1.5756
  batch 1000/3457 loss 1.5788
  batch 1050/3457 loss 1.6603
  batch 1100/3457 loss 1.5593
  batch 1150/3457 loss 1.7643
  batch 1200/3457 loss 1.6913
  batch 1250/3457 loss 1.7376
  batch 1300/3457 loss 1.6838
  batch 1350/3457 loss 1.7052
  batch 1400/3457 loss 1.5452
  batch 1450/3457 loss 1.5061
  batch 1500/3457 loss 1.7581
  batch 1550/3457 loss 1.6310
  batch 1600/3457 loss 1.6325
  batch 1650/3457 loss 1.5461
  batch 1700/3457 loss 1.7251
  batch 1750/3457 loss 1.6303
  batch 1800/3457 loss 1.6368
  batch 1850/3457 loss 1.5770
  batch 1900/3457 loss 1.5908
  batch 1950/3457 loss 1.6689
  batch 2000/3457 loss 1.6699
  batch 2050/3457 loss 1.6111
  batch 2100/3457 loss 1.6074
  batch 2150/3457 loss 1.6539
  batch 2200/3457 loss 1.4990
  batch 2250/3457 loss 1.6339
  batch 2300/3457 loss 1.6775
  batch 2350/3457 loss 1.6604
  batch 2400/3457 loss 1.6648
  batch 2450/3457 loss 1.6480
  batch 2500/3457 loss 1.6885
  batch 2550/3457 loss 1.5709
  batch 2600/3457 loss 1.6759
  batch 2650/3457 loss 1.5181
  batch 2700/3457 loss 1.4885
  batch 2750/3457 loss 1.5495
  batch 2800/3457 loss 1.4647
  batch 2850/3457 loss 1.7120
  batch 2900/3457 loss 1.5638
  batch 2950/3457 loss 1.5707
  batch 3000/3457 loss 1.6035
  batch 3050/3457 loss 1.5820
  batch 3100/3457 loss 1.7395
  batch 3150/3457 loss 1.4514
  batch 3200/3457 loss 1.6919
  batch 3250/3457 loss 1.5871
  batch 3300/3457 loss 1.5337
  batch 3350/3457 loss 1.6180
  batch 3400/3457 loss 1.5408
  batch 3450/3457 loss 1.5781
  batch 3457/3457 loss 1.6368
ep03/20  train 1.6016  val WAPE 0.1864  time 40.2s
  ✓ new best WAPE: 0.1864

Starting epoch 4/20...
  batch 50/3457 loss 1.5670
  batch 100/3457 loss 1.6667
  batch 150/3457 loss 1.6273
  batch 200/3457 loss 1.4805
  batch 250/3457 loss 1.6754
  batch 300/3457 loss 1.6208
  batch 350/3457 loss 1.7105
  batch 400/3457 loss 1.5927
  batch 450/3457 loss 1.6705
  batch 500/3457 loss 1.5060
  batch 550/3457 loss 1.7005
  batch 600/3457 loss 1.6467
  batch 650/3457 loss 1.4481
  batch 700/3457 loss 1.5810
  batch 750/3457 loss 1.4940
  batch 800/3457 loss 1.6461
  batch 850/3457 loss 1.6540
  batch 900/3457 loss 1.5457
  batch 950/3457 loss 1.4764
  batch 1000/3457 loss 1.5541
  batch 1050/3457 loss 1.7361
  batch 1100/3457 loss 1.5588
  batch 1150/3457 loss 1.4983
  batch 1200/3457 loss 1.5385
  batch 1250/3457 loss 1.4715
  batch 1300/3457 loss 1.6146
  batch 1350/3457 loss 1.6921
  batch 1400/3457 loss 1.6045
  batch 1450/3457 loss 1.5509
  batch 1500/3457 loss 1.5142
  batch 1550/3457 loss 1.4792
  batch 1600/3457 loss 1.5208
  batch 1650/3457 loss 1.7938
  batch 1700/3457 loss 1.5830
  batch 1750/3457 loss 1.4617
  batch 1800/3457 loss 1.5919
  batch 1850/3457 loss 1.4720
  batch 1900/3457 loss 1.5837
  batch 1950/3457 loss 1.6348
  batch 2000/3457 loss 1.6457
  batch 2050/3457 loss 1.6315
  batch 2100/3457 loss 1.6132
  batch 2150/3457 loss 1.6025
  batch 2200/3457 loss 1.6370
  batch 2250/3457 loss 1.5638
  batch 2300/3457 loss 1.7744
  batch 2350/3457 loss 1.5802
  batch 2400/3457 loss 1.7014
  batch 2450/3457 loss 1.6533
  batch 2500/3457 loss 1.6114
  batch 2550/3457 loss 1.6294
  batch 2600/3457 loss 1.5234
  batch 2650/3457 loss 1.5931
  batch 2700/3457 loss 1.5144
  batch 2750/3457 loss 1.6003
  batch 2800/3457 loss 1.6095
  batch 2850/3457 loss 1.6597
  batch 2900/3457 loss 1.5442
  batch 2950/3457 loss 1.5146
  batch 3000/3457 loss 1.6711
  batch 3050/3457 loss 1.4764
  batch 3100/3457 loss 1.7781
  batch 3150/3457 loss 1.4514
  batch 3200/3457 loss 1.5977
  batch 3250/3457 loss 1.7573
  batch 3300/3457 loss 1.6564
  batch 3350/3457 loss 1.5887
  batch 3400/3457 loss 1.6764
  batch 3450/3457 loss 1.6669
  batch 3457/3457 loss 1.4763
ep04/20  train 1.5957  val WAPE 0.1855  time 38.0s
  ✓ new best WAPE: 0.1855

Starting epoch 5/20...
  batch 50/3457 loss 1.7417
  batch 100/3457 loss 1.6040
  batch 150/3457 loss 1.5596
  batch 200/3457 loss 1.5424
  batch 250/3457 loss 1.4098
  batch 300/3457 loss 1.6209
  batch 350/3457 loss 1.5243
  batch 400/3457 loss 1.4792
  batch 450/3457 loss 1.6673
  batch 500/3457 loss 1.5695
  batch 550/3457 loss 1.6402
  batch 600/3457 loss 1.6831
  batch 650/3457 loss 1.5718
  batch 700/3457 loss 1.5884
  batch 750/3457 loss 1.5747
  batch 800/3457 loss 1.6107
  batch 850/3457 loss 1.6537
  batch 900/3457 loss 1.4782
  batch 950/3457 loss 1.5027
  batch 1000/3457 loss 1.5562
  batch 1050/3457 loss 1.5560
  batch 1100/3457 loss 1.5700
  batch 1150/3457 loss 1.6348
  batch 1200/3457 loss 1.7335
  batch 1250/3457 loss 1.6790
  batch 1300/3457 loss 1.5541
  batch 1350/3457 loss 1.7430
  batch 1400/3457 loss 1.6702
  batch 1450/3457 loss 1.5002
  batch 1500/3457 loss 1.8372
  batch 1550/3457 loss 1.5529
  batch 1600/3457 loss 1.5617
  batch 1650/3457 loss 1.5915
  batch 1700/3457 loss 1.7082
  batch 1750/3457 loss 1.5463
  batch 1800/3457 loss 1.5501
  batch 1850/3457 loss 1.5231
  batch 1900/3457 loss 1.5902
  batch 1950/3457 loss 1.5891
  batch 2000/3457 loss 1.6590
  batch 2050/3457 loss 1.5461
  batch 2100/3457 loss 1.5762
  batch 2150/3457 loss 1.5410
  batch 2200/3457 loss 1.6248
  batch 2250/3457 loss 1.5070
  batch 2300/3457 loss 1.5491
  batch 2350/3457 loss 1.6229
  batch 2400/3457 loss 1.6095
  batch 2450/3457 loss 1.5696
  batch 2500/3457 loss 1.8138
  batch 2550/3457 loss 1.7736
  batch 2600/3457 loss 1.6486
  batch 2650/3457 loss 1.6103
  batch 2700/3457 loss 1.5635
  batch 2750/3457 loss 1.6840
  batch 2800/3457 loss 1.6496
  batch 2850/3457 loss 1.5387
  batch 2900/3457 loss 1.5670
  batch 2950/3457 loss 1.5572
  batch 3000/3457 loss 1.7147
  batch 3050/3457 loss 1.6264
  batch 3100/3457 loss 1.4917
  batch 3150/3457 loss 1.5704
  batch 3200/3457 loss 1.5945
  batch 3250/3457 loss 1.4887
  batch 3300/3457 loss 1.6050
  batch 3350/3457 loss 1.7049
  batch 3400/3457 loss 1.5719
  batch 3450/3457 loss 1.6658
  batch 3457/3457 loss 1.6301
ep05/20  train 1.5979  val WAPE 0.1879  time 38.2s
  no improvement (1/4)

Starting epoch 6/20...
  batch 50/3457 loss 1.6434
  batch 100/3457 loss 1.5911
  batch 150/3457 loss 1.5552
  batch 200/3457 loss 1.4585
  batch 250/3457 loss 1.5730
  batch 300/3457 loss 1.7454
  batch 350/3457 loss 1.6722
  batch 400/3457 loss 1.6143
  batch 450/3457 loss 1.5977
  batch 500/3457 loss 1.6307
  batch 550/3457 loss 1.6714
  batch 600/3457 loss 1.6479
  batch 650/3457 loss 1.6308
  batch 700/3457 loss 1.5693
  batch 750/3457 loss 1.6669
  batch 800/3457 loss 1.6764
  batch 850/3457 loss 1.4259
  batch 900/3457 loss 1.6058
  batch 950/3457 loss 1.3932
  batch 1000/3457 loss 1.5383
  batch 1050/3457 loss 1.6168
  batch 1100/3457 loss 1.5819
  batch 1150/3457 loss 1.5474
  batch 1200/3457 loss 1.5576
  batch 1250/3457 loss 1.6169
  batch 1300/3457 loss 1.5210
  batch 1350/3457 loss 1.5933
  batch 1400/3457 loss 1.4933
  batch 1450/3457 loss 1.5677
  batch 1500/3457 loss 1.6161
  batch 1550/3457 loss 1.5676
  batch 1600/3457 loss 1.5688
  batch 1650/3457 loss 1.5663
  batch 1700/3457 loss 1.5494
  batch 1750/3457 loss 1.7989
  batch 1800/3457 loss 1.5952
  batch 1850/3457 loss 1.7130
  batch 1900/3457 loss 1.6175
  batch 1950/3457 loss 1.6163
  batch 2000/3457 loss 1.5261
  batch 2050/3457 loss 1.6218
  batch 2100/3457 loss 1.7504
  batch 2150/3457 loss 1.6211
  batch 2200/3457 loss 1.5083
  batch 2250/3457 loss 1.6261
  batch 2300/3457 loss 1.5975
  batch 2350/3457 loss 1.6133
  batch 2400/3457 loss 1.6275
  batch 2450/3457 loss 1.5585
  batch 2500/3457 loss 1.5618
  batch 2550/3457 loss 1.6941
  batch 2600/3457 loss 1.3832
  batch 2650/3457 loss 1.4378
  batch 2700/3457 loss 1.4927
  batch 2750/3457 loss 1.6354
  batch 2800/3457 loss 1.5410
  batch 2850/3457 loss 1.5529
  batch 2900/3457 loss 1.6237
  batch 2950/3457 loss 1.6363
  batch 3000/3457 loss 1.7072
  batch 3050/3457 loss 1.6686
  batch 3100/3457 loss 1.4137
  batch 3150/3457 loss 1.5555
  batch 3200/3457 loss 1.5711
  batch 3250/3457 loss 1.6191
  batch 3300/3457 loss 1.6207
  batch 3350/3457 loss 1.6788
  batch 3400/3457 loss 1.5931
  batch 3450/3457 loss 1.7105
  batch 3457/3457 loss 1.6885
ep06/20  train 1.5959  val WAPE 0.1870  time 37.3s
  no improvement (2/4)

Starting epoch 7/20...
  batch 50/3457 loss 1.6089
  batch 100/3457 loss 1.6794
  batch 150/3457 loss 1.4285
  batch 200/3457 loss 1.4631
  batch 250/3457 loss 1.6446
  batch 300/3457 loss 1.5216
  batch 350/3457 loss 1.5150
  batch 400/3457 loss 1.6293
  batch 450/3457 loss 1.7182
  batch 500/3457 loss 1.6350
  batch 550/3457 loss 1.5890
  batch 600/3457 loss 1.5755
  batch 650/3457 loss 1.7071
  batch 700/3457 loss 1.5093
  batch 750/3457 loss 1.5877
  batch 800/3457 loss 1.5712
  batch 850/3457 loss 1.5288
  batch 900/3457 loss 1.5662
  batch 950/3457 loss 1.6684
  batch 1000/3457 loss 1.5772
  batch 1050/3457 loss 1.5536
  batch 1100/3457 loss 1.4903
  batch 1150/3457 loss 1.5413
  batch 1200/3457 loss 1.6114
  batch 1250/3457 loss 1.7630
  batch 1300/3457 loss 1.5766
  batch 1350/3457 loss 1.6088
  batch 1400/3457 loss 1.5168
  batch 1450/3457 loss 1.5401
  batch 1500/3457 loss 1.6254
  batch 1550/3457 loss 1.5159
  batch 1600/3457 loss 1.5613
  batch 1650/3457 loss 1.5757
  batch 1700/3457 loss 1.4321
  batch 1750/3457 loss 1.5168
  batch 1800/3457 loss 1.5529
  batch 1850/3457 loss 1.6070
  batch 1900/3457 loss 1.5032
  batch 1950/3457 loss 1.7214
  batch 2000/3457 loss 1.6704
  batch 2050/3457 loss 1.6337
  batch 2100/3457 loss 1.5800
  batch 2150/3457 loss 1.6195
  batch 2200/3457 loss 1.5470
  batch 2250/3457 loss 1.7060
  batch 2300/3457 loss 1.6047
  batch 2350/3457 loss 1.5463
  batch 2400/3457 loss 1.6236
  batch 2450/3457 loss 1.5997
  batch 2500/3457 loss 1.5093
  batch 2550/3457 loss 1.7527
  batch 2600/3457 loss 1.6711
  batch 2650/3457 loss 1.6886
  batch 2700/3457 loss 1.5740
  batch 2750/3457 loss 1.6171
  batch 2800/3457 loss 1.5394
  batch 2850/3457 loss 1.6218
  batch 2900/3457 loss 1.6232
  batch 2950/3457 loss 1.6260
  batch 3000/3457 loss 1.6605
  batch 3050/3457 loss 1.5465
  batch 3100/3457 loss 1.4535
  batch 3150/3457 loss 1.5132
  batch 3200/3457 loss 1.5911
  batch 3250/3457 loss 1.6690
  batch 3300/3457 loss 1.6993
  batch 3350/3457 loss 1.5977
  batch 3400/3457 loss 1.6671
  batch 3450/3457 loss 1.6745
  batch 3457/3457 loss 1.6408
ep07/20  train 1.5902  val WAPE 0.1865  time 36.2s
  no improvement (3/4)

Starting epoch 8/20...
  batch 50/3457 loss 1.7072
  batch 100/3457 loss 1.5611
  batch 150/3457 loss 1.7095
  batch 200/3457 loss 1.6286
  batch 250/3457 loss 1.5728
  batch 300/3457 loss 1.5300
  batch 350/3457 loss 1.5660
  batch 400/3457 loss 1.5859
  batch 450/3457 loss 1.5003
  batch 500/3457 loss 1.6431
  batch 550/3457 loss 1.5747
  batch 600/3457 loss 1.6033
  batch 650/3457 loss 1.4492
  batch 700/3457 loss 1.8337
  batch 750/3457 loss 1.6315
  batch 800/3457 loss 1.4674
  batch 850/3457 loss 1.5840
  batch 900/3457 loss 1.5557
  batch 950/3457 loss 1.7017
  batch 1000/3457 loss 1.7708
  batch 1050/3457 loss 1.5803
  batch 1100/3457 loss 1.6278
  batch 1150/3457 loss 1.5758
  batch 1200/3457 loss 1.5940
  batch 1250/3457 loss 1.6127
  batch 1300/3457 loss 1.6350
  batch 1350/3457 loss 1.6261
  batch 1400/3457 loss 1.7144
  batch 1450/3457 loss 1.5939
  batch 1500/3457 loss 1.5286
  batch 1550/3457 loss 1.6072
  batch 1600/3457 loss 1.6481
  batch 1650/3457 loss 1.5569
  batch 1700/3457 loss 1.6069
  batch 1750/3457 loss 1.6413
  batch 1800/3457 loss 1.7142
  batch 1850/3457 loss 1.6067
  batch 1900/3457 loss 1.6332
  batch 1950/3457 loss 1.6097
  batch 2000/3457 loss 1.5246
  batch 2050/3457 loss 1.6494
  batch 2100/3457 loss 1.6094
  batch 2150/3457 loss 1.4199
  batch 2200/3457 loss 1.6830
  batch 2250/3457 loss 1.7468
  batch 2300/3457 loss 1.5870
  batch 2350/3457 loss 1.5813
  batch 2400/3457 loss 1.4838
  batch 2450/3457 loss 1.5811
  batch 2500/3457 loss 1.5270
  batch 2550/3457 loss 1.5458
  batch 2600/3457 loss 1.6499
  batch 2650/3457 loss 1.5344
  batch 2700/3457 loss 1.6405
  batch 2750/3457 loss 1.6020
  batch 2800/3457 loss 1.4879
  batch 2850/3457 loss 1.5182
  batch 2900/3457 loss 1.5624
  batch 2950/3457 loss 1.6137
  batch 3000/3457 loss 1.5303
  batch 3050/3457 loss 1.6127
  batch 3100/3457 loss 1.5301
  batch 3150/3457 loss 1.5746
  batch 3200/3457 loss 1.5690
  batch 3250/3457 loss 1.5420
  batch 3300/3457 loss 1.3819
  batch 3350/3457 loss 1.6633
  batch 3400/3457 loss 1.5033
  batch 3450/3457 loss 1.5015
  batch 3457/3457 loss 1.7044
ep08/20  train 1.5845  val WAPE 0.1862  time 35.7s
  no improvement (4/4)
early stop
